ot,open,high,low,close,volume,taker_buy_volume
2026-09-25 09:15:00+00:00,1.167,1.172,1.163,1.172,92417.26,45050.88
2026-09-25 09:30:00+00:00,1.171,1.174,1.17,1.173,83057.18,30639.3
2026-09-25 09:45:00+00:00,1.173,1.177,1.171,1.174,81558.05,53880.21
2026-09-25 10:00:00+00:00,1.174,1.174,1.167,1.167,43722.45,18455.53
2026-09-25 10:15:00+00:00,1.167,1.171,1.164,1.17,64959.03,35490.61
2026-09-25 10:30:00+00:00,1.169,1.17,1.167,1.167,68273.0,23454.13
2026-09-25 10:45:00+00:00,1.167,1.17,1.165,1.167,63242.22,22964.02
2026-09-25 11:00:00+00:00,1.166,1.185,1.166,1.185,187935.62,140542.58
2026-09-25 11:15:00+00:00,1.184,1.189,1.177,1.187,186048.42,120737.56
2026-09-25 11:30:00+00:00,1.188,1.198,1.184,1.192,260986.36,158382.02
2026-09-25 11:45:00+00:00,1.192,1.198,1.191,1.195,186743.79,77103.14
2026-09-25 12:00:00+00:00,1.196,1.199,1.182,1.188,250913.77,115519.51
2026-09-25 12:15:00+00:00,1.187,1.188,1.17,1.187,189770.46,86601.82
2026-09-25 12:30:00+00:00,1.187,1.201,1.187,1.2,266046.67,145193.67
2026-09-25 12:45:00+00:00,1.201,1.204,1.193,1.196,162783.25,72187.17
2026-09-25 13:00:00+00:00,1.197,1.199,1.19,1.192,184401.12,94196.09
2026-09-25 13:15:00+00:00,1.192,1.197,1.184,1.188,105413.54,49252.6
2026-09-25 13:30:00+00:00,1.187,1.193,1.179,1.183,187569.17,73799.52
2026-09-25 13:45:00+00:00,1.183,1.193,1.173,1.182,218181.22,102324.02
2026-09-25 14:00:00+00:00,1.183,1.185,1.161,1.172,365696.86,171674.91
2026-09-25 14:15:00+00:00,1.172,1.19,1.169,1.177,551330.43,404843.65
2026-09-25 14:30:00+00:00,1.178,1.19,1.173,1.175,154663.06,69378.82
2026-09-25 14:45:00+00:00,1.175,1.184,1.171,1.184,167473.01,101796.28
2026-09-25 15:00:00+00:00,1.184,1.191,1.181,1.19,217731.67,144644.7
2026-09-25 15:15:00+00:00,1.189,1.189,1.178,1.178,121390.12,56068.91
2026-09-25 15:30:00+00:00,1.179,1.183,1.171,1.174,131715.17,79913.63
2026-09-25 15:45:00+00:00,1.175,1.182,1.168,1.181,114586.87,61025.65
2026-09-25 16:00:00+00:00,1.181,1.188,1.179,1.185,84030.57,34684.52
2026-09-25 16:15:00+00:00,1.186,1.191,1.18,1.186,85882.43,36213.39
2026-09-25 16:30:00+00:00,1.187,1.188,1.18,1.183,77820.57,31295.91
2026-09-25 16:45:00+00:00,1.182,1.182,1.174,1.176,75292.95,40476.76
2026-09-25 17:00:00+00:00,1.176,1.184,1.175,1.182,53932.54,34551.06
2026-09-25 17:15:00+00:00,1.182,1.184,1.173,1.173,94450.87,27003.51
2026-09-25 17:30:00+00:00,1.173,1.179,1.17,1.177,120341.57,85067.51
2026-09-25 17:45:00+00:00,1.178,1.179,1.174,1.177,105505.9,57601.66
2026-09-25 18:00:00+00:00,1.176,1.186,1.176,1.185,62293.15,32736.74
2026-09-25 18:15:00+00:00,1.185,1.19,1.182,1.182,118945.97,32569.3
2026-09-25 18:30:00+00:00,1.183,1.189,1.183,1.188,119612.8,63422.79
2026-09-25 18:45:00+00:00,1.189,1.19,1.186,1.187,55694.22,24526.58
2026-09-25 19:00:00+00:00,1.187,1.188,1.181,1.185,93443.6,47363.97
2026-09-25 19:15:00+00:00,1.185,1.185,1.179,1.181,38147.12,13952.65
2026-09-25 19:30:00+00:00,1.181,1.186,1.18,1.182,44893.78,15587.52
2026-09-25 19:45:00+00:00,1.182,1.19,1.182,1.188,100005.67,63629.14
2026-09-25 20:00:00+00:00,1.189,1.194,1.187,1.193,159725.95,109603.25
2026-09-25 20:15:00+00:00,1.193,1.201,1.193,1.2,113059.01,70580.83
2026-09-25 20:30:00+00:00,1.201,1.21,1.201,1.207,202127.74,127926.94
2026-09-25 20:45:00+00:00,1.207,1.215,1.2,1.202,537652.46,275451.03
2026-09-25 21:00:00+00:00,1.203,1.204,1.19,1.193,183749.0,72666.68
2026-09-25 21:15:00+00:00,1.192,1.194,1.187,1.193,84837.33,29729.0
2026-09-25 21:30:00+00:00,1.193,1.194,1.188,1.191,58056.51,25304.06
2026-09-25 21:45:00+00:00,1.19,1.191,1.187,1.189,48833.39,26988.52
2026-09-25 22:00:00+00:00,1.188,1.201,1.184,1.198,280005.26,123568.6
2026-09-25 22:15:00+00:00,1.198,1.206,1.197,1.206,70031.61,25523.56
2026-09-25 22:30:00+00:00,1.206,1.218,1.205,1.215,176384.93,103383.26
2026-09-25 22:45:00+00:00,1.215,1.223,1.213,1.216,224620.09,107958.45
2026-09-25 23:00:00+00:00,1.216,1.222,1.212,1.219,129546.15,69476.06
2026-09-25 23:15:00+00:00,1.219,1.223,1.217,1.219,159141.31,82147.73
2026-09-25 23:30:00+00:00,1.219,1.22,1.212,1.212,81357.63,50200.76
2026-09-25 23:45:00+00:00,1.212,1.214,1.21,1.213,79022.34,32973.11
2026-09-26 00:00:00+00:00,1.213,1.216,1.208,1.211,144981.48,91968.9
2026-09-26 00:15:00+00:00,1.21,1.217,1.209,1.209,118720.97,52699.35
2026-09-26 00:30:00+00:00,1.209,1.209,1.2,1.208,264590.92,142392.18
2026-09-26 00:45:00+00:00,1.207,1.219,1.207,1.218,311743.13,228411.95
2026-09-26 01:00:00+00:00,1.218,1.242,1.216,1.239,586472.78,341944.93
2026-09-26 01:15:00+00:00,1.239,1.255,1.234,1.236,593026.73,342585.53
2026-09-26 01:30:00+00:00,1.237,1.239,1.23,1.231,169282.12,95273.32
2026-09-26 01:45:00+00:00,1.232,1.235,1.227,1.228,125722.97,58440.68
2026-09-26 02:00:00+00:00,1.228,1.23,1.219,1.224,111476.04,55666.88
2026-09-26 02:15:00+00:00,1.223,1.224,1.22,1.221,43090.33,18784.29
2026-09-26 02:30:00+00:00,1.221,1.227,1.219,1.221,52317.53,28461.19
2026-09-26 02:45:00+00:00,1.22,1.222,1.214,1.217,38990.72,16268.0
2026-09-26 03:00:00+00:00,1.216,1.218,1.209,1.21,94442.94,47925.15
2026-09-26 03:15:00+00:00,1.211,1.213,1.206,1.213,86492.16,24029.43
2026-09-26 03:30:00+00:00,1.212,1.216,1.21,1.21,67228.58,33299.02
2026-09-26 03:45:00+00:00,1.211,1.216,1.21,1.216,26188.5,17205.56
2026-09-26 04:00:00+00:00,1.216,1.224,1.216,1.224,93791.65,65530.6
2026-09-26 04:15:00+00:00,1.224,1.232,1.22,1.221,144354.03,77879.53
2026-09-26 04:30:00+00:00,1.22,1.23,1.216,1.23,70148.14,37112.04
2026-09-26 04:45:00+00:00,1.229,1.23,1.223,1.229,56300.5,14861.46
2026-09-26 05:00:00+00:00,1.228,1.231,1.221,1.226,72495.69,35159.54
2026-09-26 05:15:00+00:00,1.225,1.228,1.223,1.223,113381.37,31783.08
2026-09-26 05:30:00+00:00,1.223,1.232,1.221,1.23,42582.59,27141.0
2026-09-26 05:45:00+00:00,1.23,1.235,1.225,1.226,79175.81,31574.78
2026-09-26 06:00:00+00:00,1.226,1.229,1.218,1.223,180008.39,92330.89
2026-09-26 06:15:00+00:00,1.223,1.226,1.218,1.219,69812.36,23658.75
2026-09-26 06:30:00+00:00,1.219,1.23,1.219,1.227,56215.36,31728.88
2026-09-26 06:45:00+00:00,1.228,1.235,1.227,1.229,141128.28,102173.14
2026-09-26 07:00:00+00:00,1.228,1.236,1.225,1.232,182203.42,109095.34
2026-09-26 07:15:00+00:00,1.232,1.24,1.23,1.232,95461.93,44742.89
2026-09-26 07:30:00+00:00,1.232,1.234,1.227,1.228,49175.36,29864.57
2026-09-26 07:45:00+00:00,1.228,1.231,1.221,1.222,153558.89,96595.37
2026-09-26 08:00:00+00:00,1.222,1.226,1.217,1.223,194256.79,71367.8
2026-09-26 08:15:00+00:00,1.223,1.224,1.216,1.221,119956.94,22427.52
2026-09-26 08:30:00+00:00,1.22,1.227,1.22,1.226,198290.7,133428.18
2026-09-26 08:45:00+00:00,1.226,1.227,1.221,1.221,37233.35,8500.41
2026-09-26 09:00:00+00:00,1.221,1.222,1.207,1.209,155637.33,54045.28
2026-09-26 09:15:00+00:00,1.21,1.21,1.201,1.202,143716.9,55853.37
2026-09-26 09:30:00+00:00,1.202,1.205,1.198,1.202,85450.08,44831.65
2026-09-26 09:45:00+00:00,1.202,1.205,1.201,1.204,35810.37,15162.89
2026-09-26 10:00:00+00:00,1.204,1.221,1.204,1.22,81440.48,59042.04
2026-09-26 10:15:00+00:00,1.221,1.235,1.22,1.231,129935.85,89109.94
2026-09-26 10:30:00+00:00,1.231,1.235,1.229,1.23,118399.06,73111.19
2026-09-26 10:45:00+00:00,1.231,1.241,1.229,1.235,229193.76,159371.26
2026-09-26 11:00:00+00:00,1.236,1.237,1.229,1.229,86717.45,35548.14
2026-09-26 11:15:00+00:00,1.23,1.233,1.229,1.23,91924.44,37771.22
2026-09-26 11:30:00+00:00,1.231,1.235,1.229,1.234,55460.84,34089.95
2026-09-26 11:45:00+00:00,1.235,1.236,1.231,1.231,65377.96,30583.04
2026-09-26 12:00:00+00:00,1.231,1.236,1.231,1.233,181876.95,86599.49
2026-09-26 12:15:00+00:00,1.233,1.241,1.23,1.232,132219.87,41624.6
2026-09-26 12:30:00+00:00,1.233,1.237,1.225,1.226,166170.31,80847.95
2026-09-26 12:45:00+00:00,1.227,1.231,1.226,1.229,43298.67,24902.04
2026-09-26 13:00:00+00:00,1.23,1.233,1.222,1.223,69030.77,31672.47
2026-09-26 13:15:00+00:00,1.224,1.225,1.218,1.22,118474.26,63656.24
2026-09-26 13:30:00+00:00,1.22,1.226,1.219,1.226,54307.99,33048.6
2026-09-26 13:45:00+00:00,1.227,1.235,1.227,1.23,57232.63,32993.54
2026-09-26 14:00:00+00:00,1.231,1.233,1.226,1.229,107023.57,52686.31
2026-09-26 14:15:00+00:00,1.23,1.231,1.223,1.228,80755.67,28187.41
2026-09-26 14:30:00+00:00,1.229,1.239,1.228,1.234,145555.28,76808.74
2026-09-26 14:45:00+00:00,1.234,1.26,1.234,1.255,401178.51,286258.91
2026-09-26 15:00:00+00:00,1.254,1.263,1.252,1.261,267424.34,137907.92
2026-09-26 15:15:00+00:00,1.261,1.278,1.258,1.271,321617.38,198789.12
2026-09-26 15:30:00+00:00,1.272,1.279,1.267,1.274,465699.9,165742.99
2026-09-26 15:45:00+00:00,1.275,1.288,1.268,1.285,338683.91,198123.35
2026-09-26 16:00:00+00:00,1.286,1.289,1.268,1.27,402583.0,157396.49
2026-09-26 16:15:00+00:00,1.271,1.279,1.269,1.278,147881.28,85886.24
2026-09-26 16:30:00+00:00,1.277,1.287,1.277,1.284,117549.01,63270.39
2026-09-26 16:45:00+00:00,1.285,1.306,1.284,1.301,517922.49,329801.31
2026-09-26 17:00:00+00:00,1.302,1.304,1.283,1.286,266827.11,130400.37
2026-09-26 17:15:00+00:00,1.285,1.285,1.273,1.28,233638.85,124424.39
2026-09-26 17:30:00+00:00,1.28,1.281,1.27,1.274,248023.79,136715.98
2026-09-26 17:45:00+00:00,1.273,1.273,1.266,1.267,135926.84,48966.41
2026-09-26 18:00:00+00:00,1.266,1.266,1.26,1.263,136206.25,60869.28
2026-09-26 18:15:00+00:00,1.263,1.264,1.255,1.258,144418.81,66896.47
2026-09-26 18:30:00+00:00,1.258,1.261,1.247,1.249,151066.9,48920.36
2026-09-26 18:45:00+00:00,1.249,1.252,1.247,1.248,113793.26,48430.69
2026-09-26 19:00:00+00:00,1.249,1.255,1.247,1.25,122152.99,85689.48
2026-09-26 19:15:00+00:00,1.25,1.25,1.24,1.241,134170.02,39933.6
2026-09-26 19:30:00+00:00,1.241,1.243,1.239,1.242,68572.92,26829.52
2026-09-26 19:45:00+00:00,1.241,1.245,1.241,1.243,75334.4,59413.9
2026-09-26 20:00:00+00:00,1.243,1.246,1.233,1.236,141815.86,65880.47
2026-09-26 20:15:00+00:00,1.236,1.243,1.233,1.243,148664.95,95439.88
2026-09-26 20:30:00+00:00,1.243,1.243,1.22,1.222,171120.9,95000.54
2026-09-26 20:45:00+00:00,1.223,1.227,1.214,1.226,140976.38,56476.39
2026-09-26 21:00:00+00:00,1.225,1.231,1.225,1.229,76643.94,46872.85
2026-09-26 21:15:00+00:00,1.229,1.237,1.229,1.237,81766.88,47019.4
2026-09-26 21:30:00+00:00,1.237,1.24,1.232,1.232,37566.21,23693.12
2026-09-26 21:45:00+00:00,1.232,1.237,1.231,1.237,61880.29,31681.27
2026-09-26 22:00:00+00:00,1.237,1.244,1.235,1.241,185433.5,104467.56
2026-09-26 22:15:00+00:00,1.241,1.242,1.235,1.237,76015.64,28517.48
2026-09-26 22:30:00+00:00,1.237,1.241,1.236,1.239,108064.39,64752.68
2026-09-26 22:45:00+00:00,1.239,1.243,1.233,1.234,134277.96,36800.26
2026-09-26 23:00:00+00:00,1.233,1.246,1.233,1.244,141088.44,54743.27
2026-09-26 23:15:00+00:00,1.243,1.245,1.238,1.24,64755.06,33304.39
2026-09-26 23:30:00+00:00,1.24,1.241,1.238,1.238,52248.97,21398.87
2026-09-26 23:45:00+00:00,1.239,1.244,1.239,1.243,48387.74,25933.44
2026-09-27 00:00:00+00:00,1.242,1.243,1.231,1.232,94984.08,34418.67
2026-09-27 00:15:00+00:00,1.232,1.24,1.232,1.237,130099.69,61475.99
2026-09-27 00:30:00+00:00,1.237,1.241,1.236,1.237,21441.85,17950.3
2026-09-27 00:45:00+00:00,1.237,1.241,1.236,1.24,146045.26,72349.58
2026-09-27 01:00:00+00:00,1.239,1.244,1.235,1.244,137654.04,109271.64
2026-09-27 01:15:00+00:00,1.244,1.246,1.23,1.233,136754.5,26158.72
2026-09-27 01:30:00+00:00,1.233,1.241,1.233,1.241,57289.9,32906.75
2026-09-27 01:45:00+00:00,1.242,1.243,1.236,1.24,139266.75,56275.67
2026-09-27 02:00:00+00:00,1.239,1.242,1.237,1.24,64564.75,27276.38
2026-09-27 02:15:00+00:00,1.24,1.245,1.238,1.239,57844.43,37697.29
2026-09-27 02:30:00+00:00,1.239,1.241,1.236,1.239,39240.41,25511.92
2026-09-27 02:45:00+00:00,1.239,1.239,1.232,1.233,24203.85,9479.75
2026-09-27 03:00:00+00:00,1.232,1.238,1.232,1.238,61736.09,37340.11
2026-09-27 03:15:00+00:00,1.237,1.24,1.235,1.238,25655.57,15230.46
2026-09-27 03:30:00+00:00,1.237,1.24,1.237,1.237,44964.89,27221.01
2026-09-27 03:45:00+00:00,1.237,1.239,1.235,1.237,29162.23,9356.52
2026-09-27 04:00:00+00:00,1.236,1.238,1.23,1.236,135703.18,70530.17
2026-09-27 04:15:00+00:00,1.237,1.237,1.227,1.229,47792.56,24388.21
2026-09-27 04:30:00+00:00,1.229,1.231,1.227,1.228,41797.54,27005.07
2026-09-27 04:45:00+00:00,1.227,1.229,1.225,1.227,86272.77,40786.93
2026-09-27 05:00:00+00:00,1.226,1.235,1.226,1.232,52175.98,18810.22
2026-09-27 05:15:00+00:00,1.232,1.236,1.231,1.232,21634.77,8630.83
2026-09-27 05:30:00+00:00,1.231,1.238,1.23,1.234,58162.86,25994.21
2026-09-27 05:45:00+00:00,1.233,1.238,1.232,1.235,64833.96,41166.16
2026-09-27 06:00:00+00:00,1.235,1.239,1.235,1.237,53000.98,25125.25
2026-09-27 06:15:00+00:00,1.237,1.241,1.236,1.24,65461.32,35994.65
2026-09-27 06:30:00+00:00,1.239,1.271,1.236,1.266,1149080.3,650716.08
2026-09-27 06:45:00+00:00,1.265,1.275,1.26,1.267,249135.32,130329.72
2026-09-27 07:00:00+00:00,1.266,1.267,1.257,1.261,121814.39,58479.01
2026-09-27 07:15:00+00:00,1.261,1.267,1.256,1.266,147502.69,112403.35
2026-09-27 07:30:00+00:00,1.266,1.277,1.264,1.272,143112.64,91376.35
2026-09-27 07:45:00+00:00,1.273,1.278,1.272,1.274,150645.78,52828.09
2026-09-27 08:00:00+00:00,1.274,1.275,1.266,1.267,196072.09,87211.21
2026-09-27 08:15:00+00:00,1.267,1.269,1.259,1.261,86412.85,37653.21
2026-09-27 08:30:00+00:00,1.262,1.264,1.253,1.253,61771.19,24529.75
2026-09-27 08:45:00+00:00,1.254,1.256,1.25,1.252,43745.51,20520.6
2026-09-27 09:00:00+00:00,1.252,1.253,1.243,1.247,126066.01,73795.11
2026-09-27 09:15:00+00:00,1.246,1.25,1.246,1.247,84843.24,41252.35
2026-09-27 09:30:00+00:00,1.248,1.258,1.247,1.255,63398.64,39207.54
2026-09-27 09:45:00+00:00,1.254,1.254,1.25,1.252,65420.63,36391.54
2026-09-27 10:00:00+00:00,1.252,1.254,1.247,1.251,75117.01,48988.11
2026-09-27 10:15:00+00:00,1.251,1.255,1.248,1.249,125821.39,72526.26
2026-09-27 10:30:00+00:00,1.249,1.253,1.249,1.25,32151.72,21111.34
2026-09-27 10:45:00+00:00,1.251,1.252,1.247,1.249,35623.63,22626.01
2026-09-27 11:00:00+00:00,1.249,1.249,1.246,1.248,71232.75,38696.91
2026-09-27 11:15:00+00:00,1.248,1.248,1.241,1.245,73045.53,32423.26
2026-09-27 11:30:00+00:00,1.245,1.25,1.244,1.245,99409.56,61393.05
2026-09-27 11:45:00+00:00,1.246,1.249,1.244,1.247,64785.75,33102.55
2026-09-27 12:00:00+00:00,1.247,1.251,1.245,1.251,57668.52,42295.96
2026-09-27 12:15:00+00:00,1.25,1.253,1.245,1.248,116823.21,44176.2
2026-09-27 12:30:00+00:00,1.249,1.254,1.248,1.251,92495.44,49844.79
2026-09-27 12:45:00+00:00,1.252,1.252,1.242,1.242,60610.51,27602.06
2026-09-27 13:00:00+00:00,1.242,1.242,1.229,1.23,165690.16,72689.82
2026-09-27 13:15:00+00:00,1.23,1.239,1.23,1.239,101177.27,51591.55
2026-09-27 13:30:00+00:00,1.24,1.243,1.232,1.232,45518.0,26791.49
2026-09-27 13:45:00+00:00,1.232,1.239,1.232,1.239,39507.63,22061.24
2026-09-27 14:00:00+00:00,1.24,1.244,1.236,1.24,138334.18,71529.0
2026-09-27 14:15:00+00:00,1.24,1.24,1.233,1.236,107328.89,49119.87
2026-09-27 14:30:00+00:00,1.235,1.239,1.231,1.235,66966.48,31589.75
2026-09-27 14:45:00+00:00,1.234,1.236,1.228,1.23,90036.31,37105.89
2026-09-27 15:00:00+00:00,1.231,1.231,1.222,1.225,174993.86,88611.34
2026-09-27 15:15:00+00:00,1.226,1.227,1.22,1.226,175212.38,54001.05
2026-09-27 15:30:00+00:00,1.225,1.228,1.223,1.225,55155.2,25905.13
2026-09-27 15:45:00+00:00,1.224,1.233,1.224,1.232,71050.13,35761.42
2026-09-27 16:00:00+00:00,1.232,1.24,1.229,1.239,43532.81,31404.96
2026-09-27 16:15:00+00:00,1.238,1.244,1.237,1.24,51753.63,23632.84
2026-09-27 16:30:00+00:00,1.24,1.24,1.235,1.235,53897.46,29839.77
2026-09-27 16:45:00+00:00,1.236,1.239,1.236,1.238,38979.32,14089.11
2026-09-27 17:00:00+00:00,1.239,1.248,1.238,1.247,57847.42,28358.2
2026-09-27 17:15:00+00:00,1.248,1.248,1.243,1.243,33002.22,7746.2
2026-09-27 17:30:00+00:00,1.244,1.245,1.239,1.24,33956.7,18471.78
2026-09-27 17:45:00+00:00,1.241,1.251,1.241,1.248,73708.07,42123.05
2026-09-27 18:00:00+00:00,1.248,1.261,1.247,1.259,141068.82,56206.3
2026-09-27 18:15:00+00:00,1.259,1.267,1.256,1.262,176355.99,65062.08
2026-09-27 18:30:00+00:00,1.263,1.264,1.257,1.258,75968.72,43373.69
2026-09-27 18:45:00+00:00,1.259,1.264,1.259,1.261,103058.37,66699.3
2026-09-27 19:00:00+00:00,1.261,1.261,1.254,1.258,58031.44,28204.36
2026-09-27 19:15:00+00:00,1.258,1.265,1.258,1.262,96897.4,34096.18
2026-09-27 19:30:00+00:00,1.262,1.271,1.261,1.265,81186.89,57237.6
2026-09-27 19:45:00+00:00,1.266,1.273,1.266,1.267,165549.11,98633.58
2026-09-27 20:00:00+00:00,1.267,1.27,1.263,1.267,83810.49,48231.38
2026-09-27 20:15:00+00:00,1.267,1.273,1.263,1.271,291734.44,197493.92
2026-09-27 20:30:00+00:00,1.272,1.274,1.264,1.27,57570.12,27149.07
2026-09-27 20:45:00+00:00,1.271,1.272,1.261,1.264,71997.6,29263.23
2026-09-27 21:00:00+00:00,1.264,1.273,1.261,1.272,235181.01,117107.61
2026-09-27 21:15:00+00:00,1.273,1.275,1.257,1.26,275263.84,114169.38
2026-09-27 21:30:00+00:00,1.26,1.262,1.252,1.256,161762.25,72837.69
2026-09-27 21:45:00+00:00,1.257,1.261,1.255,1.258,64295.78,20199.47
2026-09-27 22:00:00+00:00,1.258,1.259,1.241,1.241,90659.49,54404.36
2026-09-27 22:15:00+00:00,1.241,1.252,1.236,1.251,60460.85,36702.26
2026-09-27 22:30:00+00:00,1.25,1.252,1.243,1.25,57100.02,27458.05
2026-09-27 22:45:00+00:00,1.249,1.253,1.246,1.249,100797.65,35660.53
2026-09-27 23:00:00+00:00,1.25,1.265,1.25,1.254,59842.12,34026.39
2026-09-27 23:15:00+00:00,1.254,1.267,1.253,1.266,55134.99,33959.74
2026-09-27 23:30:00+00:00,1.266,1.268,1.26,1.262,117319.9,33399.38
2026-09-27 23:45:00+00:00,1.262,1.274,1.26,1.268,180917.94,81557.26
2026-09-28 00:00:00+00:00,1.268,1.275,1.267,1.273,97229.07,47180.84
2026-09-28 00:15:00+00:00,1.272,1.282,1.268,1.274,194373.25,85202.15
2026-09-28 00:30:00+00:00,1.273,1.273,1.253,1.263,166379.22,104169.94
2026-09-28 00:45:00+00:00,1.263,1.272,1.257,1.26,102366.67,57858.89
2026-09-28 01:00:00+00:00,1.26,1.271,1.253,1.256,137746.27,48600.61
2026-09-28 01:15:00+00:00,1.255,1.262,1.251,1.26,128285.33,65045.53
2026-09-28 01:30:00+00:00,1.259,1.262,1.25,1.251,100425.4,51804.09
2026-09-28 01:45:00+00:00,1.25,1.258,1.243,1.246,129626.78,57903.24
2026-09-28 02:00:00+00:00,1.246,1.262,1.24,1.262,122334.26,71050.83
2026-09-28 02:15:00+00:00,1.261,1.262,1.253,1.255,83147.26,28063.3
2026-09-28 02:30:00+00:00,1.255,1.258,1.249,1.254,49217.49,21919.12
2026-09-28 02:45:00+00:00,1.255,1.257,1.244,1.247,72348.43,36299.69
2026-09-28 03:00:00+00:00,1.247,1.251,1.237,1.242,150611.3,60227.46
2026-09-28 03:15:00+00:00,1.241,1.25,1.229,1.231,155546.42,55547.26
2026-09-28 03:30:00+00:00,1.231,1.241,1.223,1.236,179165.71,81415.78
2026-09-28 03:45:00+00:00,1.235,1.24,1.228,1.228,64303.4,20852.27
2026-09-28 04:00:00+00:00,1.229,1.232,1.219,1.23,138114.23,58906.22
2026-09-28 04:15:00+00:00,1.23,1.244,1.226,1.236,128641.2,58297.49
2026-09-28 04:30:00+00:00,1.236,1.25,1.236,1.245,66219.81,32366.51
2026-09-28 04:45:00+00:00,1.245,1.251,1.241,1.251,100696.68,61165.14
2026-09-28 05:00:00+00:00,1.251,1.255,1.229,1.233,122126.32,58513.95
2026-09-28 05:15:00+00:00,1.233,1.236,1.217,1.219,247772.09,121035.3
2026-09-28 05:30:00+00:00,1.218,1.224,1.207,1.223,339857.84,124867.98
2026-09-28 05:45:00+00:00,1.223,1.239,1.22,1.238,133333.29,42378.22
2026-09-28 06:00:00+00:00,1.237,1.245,1.234,1.241,96517.7,38724.9
2026-09-28 06:15:00+00:00,1.24,1.241,1.225,1.227,64774.44,36615.59
2026-09-28 06:30:00+00:00,1.226,1.236,1.225,1.231,50181.06,26962.78
2026-09-28 06:45:00+00:00,1.231,1.233,1.223,1.226,89695.2,41443.61
2026-09-28 07:00:00+00:00,1.227,1.238,1.224,1.224,85514.92,24964.8
2026-09-28 07:15:00+00:00,1.225,1.226,1.213,1.213,80549.83,37981.05
2026-09-28 07:30:00+00:00,1.213,1.219,1.21,1.212,108848.29,44608.6
2026-09-28 07:45:00+00:00,1.212,1.213,1.2,1.2,353481.66,115152.99
2026-09-28 08:00:00+00:00,1.201,1.218,1.201,1.218,149274.31,106907.0
2026-09-28 08:15:00+00:00,1.219,1.221,1.21,1.211,37852.63,12409.04
2026-09-28 08:30:00+00:00,1.212,1.213,1.203,1.206,69205.96,17681.95
2026-09-28 08:45:00+00:00,1.206,1.211,1.205,1.207,189926.54,112986.8
2026-09-28 09:00:00+00:00,1.207,1.209,1.19,1.2,230793.99,82531.62
2026-09-28 09:15:00+00:00,1.2,1.209,1.197,1.198,79043.89,42848.28
2026-09-28 09:30:00+00:00,1.198,1.198,1.183,1.184,245201.14,62594.62
2026-09-28 09:45:00+00:00,1.185,1.192,1.184,1.187,118150.0,35446.09
2026-09-28 10:00:00+00:00,1.188,1.198,1.187,1.189,117199.73,48590.66
2026-09-28 10:15:00+00:00,1.189,1.197,1.188,1.194,53560.25,28275.51
2026-09-28 10:30:00+00:00,1.194,1.203,1.192,1.202,85452.3,46175.81
2026-09-28 10:45:00+00:00,1.202,1.202,1.195,1.195,97020.43,45459.88
2026-09-28 11:00:00+00:00,1.196,1.201,1.195,1.196,83252.98,44544.34
2026-09-28 11:15:00+00:00,1.196,1.201,1.196,1.199,107811.28,58778.63
2026-09-28 11:30:00+00:00,1.198,1.201,1.196,1.198,40530.08,20263.65
2026-09-28 11:45:00+00:00,1.197,1.199,1.193,1.196,44695.19,22568.27
2026-09-28 12:00:00+00:00,1.197,1.211,1.192,1.207,169898.58,87047.44
2026-09-28 12:15:00+00:00,1.207,1.225,1.207,1.222,190993.79,104150.17
2026-09-28 12:30:00+00:00,1.221,1.223,1.213,1.217,135399.68,38441.91
2026-09-28 12:45:00+00:00,1.217,1.222,1.184,1.194,1103985.71,398825.26
2026-09-28 13:00:00+00:00,1.194,1.194,1.176,1.187,740807.44,201075.44
2026-09-28 13:15:00+00:00,1.187,1.191,1.182,1.191,208038.89,104980.28
2026-09-28 13:30:00+00:00,1.19,1.197,1.183,1.194,158276.52,74968.05
2026-09-28 13:45:00+00:00,1.195,1.198,1.187,1.192,149041.97,56396.97
2026-09-28 14:00:00+00:00,1.191,1.191,1.178,1.179,188847.78,78909.27
2026-09-28 14:15:00+00:00,1.179,1.184,1.165,1.168,317591.54,169636.87
2026-09-28 14:30:00+00:00,1.169,1.177,1.156,1.163,322194.56,128772.99
2026-09-28 14:45:00+00:00,1.163,1.165,1.154,1.162,294693.33,155631.22
2026-09-28 15:00:00+00:00,1.163,1.168,1.156,1.157,182818.53,72644.51
2026-09-28 15:15:00+00:00,1.156,1.165,1.151,1.161,265818.05,79424.61
2026-09-28 15:30:00+00:00,1.16,1.172,1.158,1.164,185330.76,118440.48
2026-09-28 15:45:00+00:00,1.164,1.169,1.163,1.168,60867.52,27954.17
2026-09-28 16:00:00+00:00,1.167,1.172,1.161,1.171,89657.13,54429.64
2026-09-28 16:15:00+00:00,1.171,1.195,1.17,1.192,301897.69,192482.35
2026-09-28 16:30:00+00:00,1.192,1.194,1.181,1.182,156312.6,72408.76
2026-09-28 16:45:00+00:00,1.183,1.185,1.18,1.184,73186.59,31681.12
2026-09-28 17:00:00+00:00,1.184,1.202,1.172,1.201,174419.71,86371.47
2026-09-28 17:15:00+00:00,1.202,1.203,1.185,1.186,213398.31,64970.04
2026-09-28 17:30:00+00:00,1.186,1.193,1.186,1.189,110861.77,71265.37
2026-09-28 17:45:00+00:00,1.19,1.192,1.183,1.189,50198.27,29834.26
2026-09-28 18:00:00+00:00,1.189,1.204,1.184,1.201,158236.96,92701.07
2026-09-28 18:15:00+00:00,1.201,1.203,1.192,1.194,164017.07,68397.42
2026-09-28 18:30:00+00:00,1.194,1.194,1.186,1.188,67313.86,31041.21
2026-09-28 18:45:00+00:00,1.188,1.191,1.185,1.189,92839.09,53691.96
2026-09-28 19:00:00+00:00,1.188,1.189,1.172,1.173,126467.67,42515.35
2026-09-28 19:15:00+00:00,1.173,1.175,1.168,1.17,59232.9,30091.2
2026-09-28 19:30:00+00:00,1.17,1.172,1.158,1.163,104111.92,33574.42
2026-09-28 19:45:00+00:00,1.163,1.166,1.158,1.165,53108.54,27723.66
2026-09-28 20:00:00+00:00,1.166,1.179,1.16,1.175,182509.92,103102.03
2026-09-28 20:15:00+00:00,1.175,1.181,1.173,1.178,71509.54,34321.8
2026-09-28 20:30:00+00:00,1.178,1.181,1.171,1.173,44564.86,22515.76
2026-09-28 20:45:00+00:00,1.173,1.177,1.17,1.176,103198.39,43296.95
2026-09-28 21:00:00+00:00,1.177,1.183,1.175,1.175,64728.04,23857.27
2026-09-28 21:15:00+00:00,1.175,1.177,1.169,1.17,99669.97,52164.89
2026-09-28 21:30:00+00:00,1.17,1.175,1.165,1.167,156979.17,31408.55
2026-09-28 21:45:00+00:00,1.168,1.168,1.162,1.165,58469.35,36364.14
2026-09-28 22:00:00+00:00,1.164,1.167,1.158,1.165,215708.85,128048.84
2026-09-28 22:15:00+00:00,1.164,1.167,1.163,1.165,91640.82,32016.38
2026-09-28 22:30:00+00:00,1.165,1.172,1.164,1.171,49665.77,36182.58
2026-09-28 22:45:00+00:00,1.172,1.175,1.17,1.173,20164.01,6763.21
2026-09-28 23:00:00+00:00,1.173,1.179,1.172,1.174,64757.49,22512.58
2026-09-28 23:15:00+00:00,1.175,1.182,1.175,1.181,37659.94,22145.96
2026-09-28 23:30:00+00:00,1.182,1.182,1.178,1.182,27930.73,12694.23
2026-09-28 23:45:00+00:00,1.181,1.182,1.179,1.182,23178.54,8910.63
2026-09-29 00:00:00+00:00,1.182,1.186,1.181,1.183,50231.06,33037.06
2026-09-29 00:15:00+00:00,1.182,1.183,1.175,1.178,59334.35,21969.4
2026-09-29 00:30:00+00:00,1.178,1.185,1.176,1.182,102793.48,76216.91
2026-09-29 00:45:00+00:00,1.181,1.181,1.167,1.168,123181.05,52742.69
2026-09-29 01:00:00+00:00,1.167,1.175,1.161,1.163,93105.33,44236.65
2026-09-29 01:15:00+00:00,1.163,1.165,1.151,1.152,108360.75,38041.77
2026-09-29 01:30:00+00:00,1.152,1.156,1.142,1.154,172995.43,70251.0
2026-09-29 01:45:00+00:00,1.154,1.161,1.152,1.156,79250.81,40970.09
2026-09-29 02:00:00+00:00,1.156,1.159,1.145,1.149,107640.15,53747.15
2026-09-29 02:15:00+00:00,1.15,1.158,1.144,1.147,96529.16,32587.96
2026-09-29 02:30:00+00:00,1.147,1.151,1.141,1.149,220107.33,79943.1
2026-09-29 02:45:00+00:00,1.149,1.154,1.146,1.151,71249.7,50831.47
2026-09-29 03:00:00+00:00,1.152,1.157,1.149,1.149,89250.66,51700.36
2026-09-29 03:15:00+00:00,1.149,1.167,1.148,1.165,149330.76,112115.82
2026-09-29 03:30:00+00:00,1.165,1.166,1.158,1.158,128678.0,14510.46
2026-09-29 03:45:00+00:00,1.158,1.159,1.154,1.158,54022.26,31712.23
2026-09-29 04:00:00+00:00,1.158,1.163,1.154,1.162,56141.88,31798.16
2026-09-29 04:15:00+00:00,1.162,1.167,1.159,1.159,87499.61,31770.72
2026-09-29 04:30:00+00:00,1.159,1.164,1.156,1.159,40330.92,27257.48
2026-09-29 04:45:00+00:00,1.159,1.16,1.152,1.156,67060.78,36997.64
2026-09-29 05:00:00+00:00,1.156,1.161,1.15,1.156,151940.06,42590.14
2026-09-29 05:15:00+00:00,1.157,1.164,1.151,1.162,81989.6,47844.77
2026-09-29 05:30:00+00:00,1.161,1.163,1.149,1.162,80986.57,32630.55
2026-09-29 05:45:00+00:00,1.162,1.168,1.159,1.165,64365.32,37782.55
2026-09-29 06:00:00+00:00,1.166,1.174,1.163,1.174,134302.69,81830.21
2026-09-29 06:15:00+00:00,1.174,1.174,1.165,1.167,69409.1,31305.91
2026-09-29 06:30:00+00:00,1.166,1.172,1.165,1.169,237171.0,94174.91
2026-09-29 06:45:00+00:00,1.17,1.177,1.168,1.174,70932.81,44010.78
2026-09-29 07:00:00+00:00,1.173,1.18,1.168,1.177,142396.98,62984.42
2026-09-29 07:15:00+00:00,1.177,1.189,1.177,1.187,155655.39,72252.61
2026-09-29 07:30:00+00:00,1.188,1.201,1.185,1.198,280775.42,126008.52
2026-09-29 07:45:00+00:00,1.199,1.205,1.198,1.201,177291.31,69743.82
2026-09-29 08:00:00+00:00,1.201,1.204,1.195,1.197,214440.75,93408.64
2026-09-29 08:15:00+00:00,1.196,1.208,1.196,1.2,167674.21,85871.81
2026-09-29 08:30:00+00:00,1.201,1.201,1.188,1.19,72562.1,36160.75
2026-09-29 08:45:00+00:00,1.19,1.192,1.187,1.192,130584.03,59247.22
2026-09-29 09:00:00+00:00,1.191,1.196,1.19,1.191,68636.14,28674.49
2026-09-29 09:15:00+00:00,1.191,1.202,1.191,1.2,75545.89,50502.81
2026-09-29 09:30:00+00:00,1.199,1.215,1.198,1.214,120299.96,55293.73
2026-09-29 09:45:00+00:00,1.214,1.221,1.21,1.215,129911.52,63216.31
2026-09-29 10:00:00+00:00,1.215,1.217,1.213,1.213,61683.65,30678.77
2026-09-29 10:15:00+00:00,1.213,1.214,1.204,1.206,85199.79,13082.48
2026-09-29 10:30:00+00:00,1.206,1.207,1.2,1.201,78474.33,46985.88
2026-09-29 10:45:00+00:00,1.202,1.208,1.201,1.208,81530.22,46849.61
2026-09-29 11:00:00+00:00,1.208,1.212,1.204,1.207,114848.1,59525.05
2026-09-29 11:15:00+00:00,1.207,1.209,1.205,1.207,90466.73,47200.03
2026-09-29 11:30:00+00:00,1.207,1.22,1.207,1.22,103050.92,66296.46
2026-09-29 11:45:00+00:00,1.219,1.236,1.219,1.224,255929.66,119499.97
2026-09-29 12:00:00+00:00,1.223,1.224,1.215,1.218,140712.29,55338.38
2026-09-29 12:15:00+00:00,1.219,1.225,1.21,1.216,281343.44,83771.71
2026-09-29 12:30:00+00:00,1.216,1.219,1.213,1.213,73203.44,34037.86
2026-09-29 12:45:00+00:00,1.213,1.214,1.209,1.21,62096.05,27377.3
2026-09-29 13:00:00+00:00,1.21,1.214,1.206,1.211,93013.05,50176.89
2026-09-29 13:15:00+00:00,1.211,1.216,1.21,1.213,52336.22,21395.26
2026-09-29 13:30:00+00:00,1.213,1.213,1.202,1.209,136681.76,60738.91
2026-09-29 13:45:00+00:00,1.208,1.214,1.204,1.209,132079.73,81539.22
2026-09-29 14:00:00+00:00,1.21,1.212,1.202,1.204,121751.09,58415.39
2026-09-29 14:15:00+00:00,1.203,1.215,1.202,1.214,81286.9,40536.91
2026-09-29 14:30:00+00:00,1.214,1.224,1.212,1.222,145994.99,80119.78
2026-09-29 14:45:00+00:00,1.223,1.228,1.213,1.217,241765.19,112865.65
2026-09-29 15:00:00+00:00,1.218,1.219,1.202,1.206,185305.81,68667.47
2026-09-29 15:15:00+00:00,1.205,1.21,1.184,1.186,280802.59,121927.56
2026-09-29 15:30:00+00:00,1.185,1.193,1.185,1.188,121470.67,69882.35
2026-09-29 15:45:00+00:00,1.189,1.196,1.18,1.183,172902.77,84426.44
2026-09-29 16:00:00+00:00,1.183,1.192,1.183,1.186,118807.36,70212.89
2026-09-29 16:15:00+00:00,1.186,1.19,1.184,1.186,99998.78,44668.26
2026-09-29 16:30:00+00:00,1.185,1.185,1.173,1.173,166021.2,66261.24
2026-09-29 16:45:00+00:00,1.173,1.176,1.168,1.175,197804.53,115721.8
2026-09-29 17:00:00+00:00,1.175,1.178,1.169,1.175,156907.3,54252.12
2026-09-29 17:15:00+00:00,1.175,1.175,1.165,1.172,155372.72,45140.47
2026-09-29 17:30:00+00:00,1.173,1.174,1.166,1.169,70524.01,40069.4
2026-09-29 17:45:00+00:00,1.168,1.172,1.159,1.165,129243.69,40484.47
2026-09-29 18:00:00+00:00,1.166,1.177,1.166,1.177,107758.26,52182.6
2026-09-29 18:15:00+00:00,1.177,1.185,1.176,1.181,60854.4,24081.65
2026-09-29 18:30:00+00:00,1.18,1.193,1.179,1.191,108907.63,59107.06
2026-09-29 18:45:00+00:00,1.191,1.192,1.186,1.187,45791.09,11132.21
2026-09-29 19:00:00+00:00,1.188,1.196,1.187,1.19,71234.49,26404.68
2026-09-29 19:15:00+00:00,1.191,1.194,1.19,1.192,32595.25,21745.29
2026-09-29 19:30:00+00:00,1.192,1.198,1.19,1.192,66335.41,29894.14
2026-09-29 19:45:00+00:00,1.191,1.197,1.189,1.191,59215.77,35937.48
2026-09-29 20:00:00+00:00,1.19,1.196,1.182,1.187,146436.62,85758.9
2026-09-29 20:15:00+00:00,1.187,1.205,1.187,1.202,92124.63,52425.32
2026-09-29 20:30:00+00:00,1.203,1.203,1.195,1.198,103324.68,45226.71
2026-09-29 20:45:00+00:00,1.198,1.199,1.193,1.197,59827.04,20731.68
2026-09-29 21:00:00+00:00,1.197,1.199,1.192,1.199,68791.52,42775.0
2026-09-29 21:15:00+00:00,1.199,1.199,1.186,1.191,135136.18,90249.65
2026-09-29 21:30:00+00:00,1.191,1.197,1.189,1.192,65347.26,23555.43
2026-09-29 21:45:00+00:00,1.192,1.2,1.189,1.198,72020.11,42049.08
2026-09-29 22:00:00+00:00,1.198,1.202,1.196,1.199,88048.96,41930.08
2026-09-29 22:15:00+00:00,1.198,1.198,1.191,1.191,137607.36,49118.51
2026-09-29 22:30:00+00:00,1.191,1.196,1.188,1.195,91244.88,56767.2
2026-09-29 22:45:00+00:00,1.194,1.196,1.193,1.193,20887.1,8953.01
2026-09-29 23:00:00+00:00,1.193,1.204,1.192,1.201,69735.45,24299.1
2026-09-29 23:15:00+00:00,1.201,1.204,1.195,1.196,48202.57,26601.16
2026-09-29 23:30:00+00:00,1.195,1.197,1.187,1.188,48971.61,20272.52
2026-09-29 23:45:00+00:00,1.188,1.194,1.187,1.193,49154.47,27488.5
2026-09-30 00:00:00+00:00,1.194,1.197,1.187,1.19,35343.47,15909.36
2026-09-30 00:15:00+00:00,1.19,1.196,1.185,1.196,99610.88,31793.28
2026-09-30 00:30:00+00:00,1.195,1.199,1.192,1.198,26991.07,14577.87
2026-09-30 00:45:00+00:00,1.198,1.201,1.195,1.2,51480.45,21083.08
2026-09-30 01:00:00+00:00,1.2,1.213,1.2,1.211,75404.36,35606.88
2026-09-30 01:15:00+00:00,1.212,1.22,1.212,1.214,87938.42,48310.89
2026-09-30 01:30:00+00:00,1.214,1.215,1.206,1.212,52024.9,25218.12
2026-09-30 01:45:00+00:00,1.212,1.215,1.209,1.209,40646.94,18659.8
2026-09-30 02:00:00+00:00,1.21,1.215,1.206,1.206,62869.19,43015.59
2026-09-30 02:15:00+00:00,1.207,1.208,1.199,1.2,113002.75,48981.57
2026-09-30 02:30:00+00:00,1.201,1.21,1.198,1.21,102292.89,59549.96
2026-09-30 02:45:00+00:00,1.21,1.218,1.207,1.211,110372.33,55807.63
2026-09-30 03:00:00+00:00,1.212,1.213,1.205,1.207,37801.72,15234.67
2026-09-30 03:15:00+00:00,1.207,1.207,1.2,1.202,65191.57,26778.82
2026-09-30 03:30:00+00:00,1.202,1.213,1.199,1.208,99463.0,70351.69
2026-09-30 03:45:00+00:00,1.207,1.209,1.2,1.203,128298.17,38267.79
2026-09-30 04:00:00+00:00,1.203,1.213,1.202,1.209,132794.07,81170.96
2026-09-30 04:15:00+00:00,1.209,1.22,1.209,1.213,84115.26,49968.59
2026-09-30 04:30:00+00:00,1.212,1.214,1.209,1.213,98108.47,46161.55
2026-09-30 04:45:00+00:00,1.213,1.213,1.206,1.208,31947.04,7253.94
2026-09-30 05:00:00+00:00,1.208,1.216,1.205,1.205,68996.69,29659.2
2026-09-30 05:15:00+00:00,1.205,1.212,1.203,1.211,128540.79,55391.95
2026-09-30 05:30:00+00:00,1.212,1.216,1.209,1.211,82579.12,41585.41
2026-09-30 05:45:00+00:00,1.211,1.214,1.207,1.207,61307.57,31844.78
2026-09-30 06:00:00+00:00,1.207,1.211,1.202,1.202,75962.27,38762.48
2026-09-30 06:15:00+00:00,1.202,1.208,1.196,1.198,72748.74,35641.24
2026-09-30 06:30:00+00:00,1.198,1.198,1.191,1.197,122452.46,70760.69
2026-09-30 06:45:00+00:00,1.196,1.2,1.191,1.194,94955.27,60272.22
2026-09-30 07:00:00+00:00,1.194,1.199,1.189,1.19,107295.73,38973.41
2026-09-30 07:15:00+00:00,1.19,1.208,1.19,1.201,197114.05,126838.14
2026-09-30 07:30:00+00:00,1.201,1.211,1.2,1.209,62971.96,36499.49
2026-09-30 07:45:00+00:00,1.209,1.21,1.202,1.204,40344.07,13193.35
2026-09-30 08:00:00+00:00,1.204,1.206,1.198,1.201,154466.75,75990.91
2026-09-30 08:15:00+00:00,1.201,1.214,1.199,1.211,117873.83,57893.26
2026-09-30 08:30:00+00:00,1.21,1.21,1.204,1.209,49780.81,21972.48
2026-09-30 08:45:00+00:00,1.209,1.234,1.209,1.225,319702.62,173492.93
2026-09-30 09:00:00+00:00,1.226,1.24,1.223,1.239,179816.83,97762.03
2026-09-30 09:15:00+00:00,1.238,1.245,1.233,1.237,152899.17,60244.26
2026-09-30 09:30:00+00:00,1.237,1.251,1.236,1.242,270517.4,114092.05
2026-09-30 09:45:00+00:00,1.243,1.248,1.241,1.244,135025.93,69792.1
2026-09-30 10:00:00+00:00,1.244,1.246,1.231,1.231,158081.43,59326.24
2026-09-30 10:15:00+00:00,1.23,1.233,1.226,1.229,246736.13,133719.64
2026-09-30 10:30:00+00:00,1.229,1.237,1.229,1.235,41155.48,21885.79
2026-09-30 10:45:00+00:00,1.235,1.235,1.228,1.229,56895.76,23865.71
2026-09-30 11:00:00+00:00,1.228,1.228,1.218,1.222,156269.78,81454.77
2026-09-30 11:15:00+00:00,1.223,1.225,1.216,1.224,57144.14,29739.53
2026-09-30 11:30:00+00:00,1.223,1.226,1.22,1.225,91751.93,23075.0
2026-09-30 11:45:00+00:00,1.225,1.229,1.223,1.229,135145.18,65940.16
2026-09-30 12:00:00+00:00,1.228,1.233,1.227,1.232,75340.05,41939.06
2026-09-30 12:15:00+00:00,1.232,1.232,1.223,1.228,94862.73,37664.88
2026-09-30 12:30:00+00:00,1.228,1.248,1.225,1.246,328013.68,147269.15
2026-09-30 12:45:00+00:00,1.246,1.253,1.244,1.25,239517.25,101397.83
2026-09-30 13:00:00+00:00,1.25,1.254,1.243,1.252,213215.29,88050.87
2026-09-30 13:15:00+00:00,1.252,1.258,1.251,1.255,305320.62,191417.17
2026-09-30 13:30:00+00:00,1.255,1.262,1.231,1.243,293202.61,125749.27
2026-09-30 13:45:00+00:00,1.243,1.249,1.239,1.242,130449.03,59796.92
2026-09-30 14:00:00+00:00,1.243,1.247,1.233,1.241,114457.93,47821.08
2026-09-30 14:15:00+00:00,1.24,1.242,1.217,1.219,302088.02,118579.58
2026-09-30 14:30:00+00:00,1.218,1.225,1.213,1.218,227618.52,109273.41
2026-09-30 14:45:00+00:00,1.217,1.227,1.216,1.224,79040.29,39396.46
2026-09-30 15:00:00+00:00,1.223,1.231,1.222,1.225,65783.92,38372.36
2026-09-30 15:15:00+00:00,1.225,1.226,1.21,1.218,167173.26,54285.89
2026-09-30 15:30:00+00:00,1.219,1.231,1.219,1.224,92705.39,57306.1
2026-09-30 15:45:00+00:00,1.223,1.237,1.223,1.234,78933.43,38288.4
2026-09-30 16:00:00+00:00,1.234,1.247,1.232,1.244,190724.64,101237.44
2026-09-30 16:15:00+00:00,1.245,1.249,1.241,1.246,98946.05,52313.76
2026-09-30 16:30:00+00:00,1.246,1.253,1.24,1.252,136727.84,77036.93
2026-09-30 16:45:00+00:00,1.251,1.252,1.242,1.245,121133.91,51803.8
2026-09-30 17:00:00+00:00,1.245,1.259,1.242,1.255,140615.86,58918.11
2026-09-30 17:15:00+00:00,1.255,1.259,1.241,1.246,113414.99,55274.82
2026-09-30 17:30:00+00:00,1.246,1.248,1.235,1.247,153387.32,68131.76
2026-09-30 17:45:00+00:00,1.246,1.254,1.239,1.241,108364.67,45563.91
2026-09-30 18:00:00+00:00,1.242,1.244,1.231,1.241,120170.4,68809.65
2026-09-30 18:15:00+00:00,1.241,1.241,1.232,1.235,60659.41,22752.85
2026-09-30 18:30:00+00:00,1.235,1.239,1.226,1.227,149063.98,85757.54
2026-09-30 18:45:00+00:00,1.227,1.23,1.221,1.228,51697.68,27420.02
2026-09-30 19:00:00+00:00,1.229,1.231,1.225,1.226,116177.6,47032.97
2026-09-30 19:15:00+00:00,1.225,1.232,1.22,1.226,137418.49,64989.15
2026-09-30 19:30:00+00:00,1.226,1.234,1.225,1.23,77887.88,40970.47
2026-09-30 19:45:00+00:00,1.23,1.232,1.219,1.222,93110.43,41888.98
2026-09-30 20:00:00+00:00,1.223,1.23,1.22,1.229,73333.45,37701.79
2026-09-30 20:15:00+00:00,1.23,1.24,1.229,1.238,58199.83,36489.67
2026-09-30 20:30:00+00:00,1.238,1.238,1.23,1.231,74708.66,35442.12
2026-09-30 20:45:00+00:00,1.232,1.232,1.226,1.23,32725.61,13019.46
2026-09-30 21:00:00+00:00,1.23,1.237,1.227,1.229,114997.15,51275.86
2026-09-30 21:15:00+00:00,1.228,1.23,1.222,1.225,71821.83,37655.84
2026-09-30 21:30:00+00:00,1.225,1.233,1.224,1.228,129169.75,57728.67
2026-09-30 21:45:00+00:00,1.228,1.229,1.221,1.222,44017.42,23255.25
2026-09-30 22:00:00+00:00,1.222,1.224,1.211,1.218,91399.37,44566.4
2026-09-30 22:15:00+00:00,1.218,1.232,1.217,1.232,205260.86,109088.77
2026-09-30 22:30:00+00:00,1.232,1.24,1.232,1.236,98918.7,45716.46
2026-09-30 22:45:00+00:00,1.237,1.237,1.226,1.226,77520.41,35256.36
2026-09-30 23:00:00+00:00,1.227,1.231,1.223,1.224,62901.87,36765.19
2026-09-30 23:15:00+00:00,1.223,1.229,1.221,1.221,49140.83,22083.18
2026-09-30 23:30:00+00:00,1.221,1.224,1.217,1.222,70182.42,30015.17
2026-09-30 23:45:00+00:00,1.222,1.224,1.22,1.223,50342.85,26494.21
2026-10-01 00:00:00+00:00,1.224,1.224,1.215,1.218,32253.87,15061.8
2026-10-01 00:15:00+00:00,1.218,1.225,1.215,1.221,54169.63,31938.21
2026-10-01 00:30:00+00:00,1.221,1.23,1.219,1.23,65168.77,32469.22
2026-10-01 00:45:00+00:00,1.23,1.235,1.227,1.227,50736.67,16346.0
2026-10-01 01:00:00+00:00,1.228,1.242,1.228,1.239,60056.68,30688.04
2026-10-01 01:15:00+00:00,1.238,1.245,1.235,1.241,64692.39,25193.21
2026-10-01 01:30:00+00:00,1.24,1.24,1.227,1.228,35205.35,11074.2
2026-10-01 01:45:00+00:00,1.228,1.229,1.223,1.223,72314.51,54788.6
2026-10-01 02:00:00+00:00,1.224,1.232,1.22,1.228,54696.76,30546.83
2026-10-01 02:15:00+00:00,1.228,1.229,1.219,1.228,198142.64,65984.91
2026-10-01 02:30:00+00:00,1.229,1.234,1.227,1.23,51804.56,23603.56
2026-10-01 02:45:00+00:00,1.229,1.236,1.227,1.236,49020.68,22968.71
2026-10-01 03:00:00+00:00,1.236,1.245,1.234,1.24,80905.74,41790.71
2026-10-01 03:15:00+00:00,1.24,1.25,1.237,1.248,124987.89,88098.61
2026-10-01 03:30:00+00:00,1.248,1.255,1.244,1.253,124137.72,71355.11
2026-10-01 03:45:00+00:00,1.254,1.256,1.249,1.252,87814.28,37887.05
2026-10-01 04:00:00+00:00,1.252,1.254,1.243,1.244,65057.88,22913.54
2026-10-01 04:15:00+00:00,1.243,1.252,1.239,1.25,51053.32,26874.11
2026-10-01 04:30:00+00:00,1.25,1.25,1.241,1.241,74533.17,34310.05
2026-10-01 04:45:00+00:00,1.241,1.25,1.241,1.245,82049.36,47420.6
2026-10-01 05:00:00+00:00,1.245,1.246,1.241,1.244,36645.17,16818.23
2026-10-01 05:15:00+00:00,1.244,1.245,1.239,1.242,49361.62,17332.35
2026-10-01 05:30:00+00:00,1.243,1.248,1.24,1.241,55284.29,24817.5
2026-10-01 05:45:00+00:00,1.241,1.242,1.239,1.241,41510.49,18787.37
2026-10-01 06:00:00+00:00,1.241,1.246,1.24,1.243,65657.21,25108.84
2026-10-01 06:15:00+00:00,1.243,1.247,1.243,1.245,26187.31,15349.99
2026-10-01 06:30:00+00:00,1.246,1.247,1.241,1.242,88023.68,53184.36
2026-10-01 06:45:00+00:00,1.242,1.252,1.241,1.249,64749.6,33070.6
2026-10-01 07:00:00+00:00,1.249,1.264,1.248,1.257,170417.43,91473.35
2026-10-01 07:15:00+00:00,1.257,1.261,1.227,1.228,195037.89,69538.38
2026-10-01 07:30:00+00:00,1.229,1.237,1.226,1.231,144244.67,75146.63
2026-10-01 07:45:00+00:00,1.231,1.235,1.226,1.23,79886.98,48339.71
2026-10-01 08:00:00+00:00,1.23,1.235,1.221,1.222,96720.22,45776.07
2026-10-01 08:15:00+00:00,1.222,1.23,1.222,1.223,160509.91,130879.77
2026-10-01 08:30:00+00:00,1.222,1.232,1.218,1.224,123354.58,55351.25
2026-10-01 08:45:00+00:00,1.224,1.231,1.222,1.23,44021.85,34362.11
2026-10-01 09:00:00+00:00,1.231,1.232,1.224,1.228,112629.32,48784.28
2026-10-01 09:15:00+00:00,1.227,1.227,1.22,1.221,51918.4,25603.96
2026-10-01 09:30:00+00:00,1.221,1.225,1.22,1.221,91902.91,51874.5
2026-10-01 09:45:00+00:00,1.221,1.222,1.214,1.215,113281.52,63221.75
2026-10-01 10:00:00+00:00,1.216,1.216,1.199,1.207,251370.14,92137.4
2026-10-01 10:15:00+00:00,1.207,1.209,1.202,1.204,208161.29,108068.89
2026-10-01 10:30:00+00:00,1.205,1.212,1.204,1.208,93062.11,53299.16
2026-10-01 10:45:00+00:00,1.208,1.213,1.207,1.208,72036.41,32274.14
2026-10-01 11:00:00+00:00,1.208,1.209,1.2,1.201,95331.09,40426.27
2026-10-01 11:15:00+00:00,1.201,1.206,1.201,1.203,49454.07,24827.29
2026-10-01 11:30:00+00:00,1.203,1.207,1.198,1.207,78232.34,48754.7
2026-10-01 11:45:00+00:00,1.207,1.21,1.205,1.209,70895.85,37295.52
2026-10-01 12:00:00+00:00,1.209,1.211,1.205,1.205,41272.79,23698.76
2026-10-01 12:15:00+00:00,1.205,1.206,1.197,1.2,142053.4,62031.53
2026-10-01 12:30:00+00:00,1.2,1.204,1.196,1.197,68728.97,26986.45
2026-10-01 12:45:00+00:00,1.197,1.2,1.19,1.194,161506.81,87348.16
2026-10-01 13:00:00+00:00,1.194,1.196,1.184,1.185,151935.85,79134.53
2026-10-01 13:15:00+00:00,1.186,1.189,1.183,1.188,91287.85,50124.38
2026-10-01 13:30:00+00:00,1.188,1.199,1.188,1.196,98429.84,65302.59
2026-10-01 13:45:00+00:00,1.197,1.199,1.193,1.195,101953.22,45196.24
2026-10-01 14:00:00+00:00,1.194,1.194,1.182,1.184,160209.92,86232.25
2026-10-01 14:15:00+00:00,1.184,1.19,1.181,1.187,145419.68,82741.32
2026-10-01 14:30:00+00:00,1.187,1.191,1.179,1.18,119995.58,57133.99
2026-10-01 14:45:00+00:00,1.18,1.182,1.17,1.173,268908.6,111447.4
2026-10-01 15:00:00+00:00,1.173,1.179,1.165,1.177,252209.72,146176.35
2026-10-01 15:15:00+00:00,1.178,1.182,1.176,1.177,163027.13,66114.45
2026-10-01 15:30:00+00:00,1.176,1.176,1.166,1.17,142043.25,63419.57
2026-10-01 15:45:00+00:00,1.171,1.177,1.169,1.172,127393.9,82391.04
2026-10-01 16:00:00+00:00,1.172,1.178,1.168,1.172,232716.37,134057.78
2026-10-01 16:15:00+00:00,1.173,1.178,1.168,1.17,130709.52,73662.35
2026-10-01 16:30:00+00:00,1.17,1.179,1.163,1.166,166185.25,76260.69
2026-10-01 16:45:00+00:00,1.166,1.17,1.16,1.163,148163.29,68376.39
2026-10-01 17:00:00+00:00,1.163,1.172,1.162,1.171,57064.39,37678.19
2026-10-01 17:15:00+00:00,1.171,1.18,1.17,1.178,133901.44,77542.59
2026-10-01 17:30:00+00:00,1.179,1.185,1.179,1.185,110767.35,66775.92
2026-10-01 17:45:00+00:00,1.184,1.185,1.174,1.181,128666.39,44301.12
2026-10-01 18:00:00+00:00,1.18,1.184,1.176,1.181,64970.35,42862.18
2026-10-01 18:15:00+00:00,1.181,1.186,1.18,1.181,51180.95,19808.93
2026-10-01 18:30:00+00:00,1.18,1.192,1.18,1.186,148644.2,85750.02
2026-10-01 18:45:00+00:00,1.186,1.186,1.178,1.183,70981.24,29324.21
2026-10-01 19:00:00+00:00,1.183,1.185,1.176,1.18,93269.09,57180.98
2026-10-01 19:15:00+00:00,1.18,1.183,1.171,1.173,93222.56,45973.25
2026-10-01 19:30:00+00:00,1.173,1.178,1.172,1.177,45798.48,31544.79
2026-10-01 19:45:00+00:00,1.177,1.187,1.177,1.185,63438.55,30953.54
2026-10-01 20:00:00+00:00,1.185,1.189,1.184,1.187,57978.92,33799.72
2026-10-01 20:15:00+00:00,1.187,1.19,1.185,1.188,42059.95,22774.53
2026-10-01 20:30:00+00:00,1.189,1.191,1.184,1.184,55110.38,25742.59
2026-10-01 20:45:00+00:00,1.184,1.187,1.182,1.182,65066.57,40222.3
2026-10-01 21:00:00+00:00,1.182,1.183,1.178,1.178,40708.8,24990.11
2026-10-01 21:15:00+00:00,1.177,1.18,1.173,1.174,79777.79,30601.3
2026-10-01 21:30:00+00:00,1.173,1.173,1.166,1.168,106404.64,58719.13
2026-10-01 21:45:00+00:00,1.168,1.172,1.167,1.17,78162.81,44130.58
2026-10-01 22:00:00+00:00,1.171,1.179,1.171,1.173,50062.48,25941.39
2026-10-01 22:15:00+00:00,1.173,1.176,1.171,1.175,40888.44,34778.78
2026-10-01 22:30:00+00:00,1.176,1.176,1.17,1.171,56975.47,20962.85
2026-10-01 22:45:00+00:00,1.17,1.175,1.168,1.175,32542.51,20383.99
2026-10-01 23:00:00+00:00,1.175,1.175,1.17,1.172,61437.46,28886.79
2026-10-01 23:15:00+00:00,1.172,1.177,1.172,1.176,22395.84,8196.86
2026-10-01 23:30:00+00:00,1.176,1.179,1.175,1.178,29315.72,24064.5
2026-10-01 23:45:00+00:00,1.177,1.18,1.175,1.176,47895.8,13069.63
2026-10-02 00:00:00+00:00,1.177,1.178,1.174,1.176,99479.67,40689.15
2026-10-02 00:15:00+00:00,1.176,1.182,1.175,1.18,49244.28,34103.2
2026-10-02 00:30:00+00:00,1.18,1.181,1.177,1.179,39631.21,19405.75
2026-10-02 00:45:00+00:00,1.179,1.183,1.178,1.178,87309.16,27415.77
2026-10-02 01:00:00+00:00,1.178,1.178,1.173,1.174,64257.09,29806.32
2026-10-02 01:15:00+00:00,1.174,1.179,1.171,1.178,76352.99,41689.45
2026-10-02 01:30:00+00:00,1.179,1.181,1.175,1.176,39809.55,20761.78
2026-10-02 01:45:00+00:00,1.176,1.184,1.176,1.181,52431.13,31763.97
2026-10-02 02:00:00+00:00,1.181,1.192,1.181,1.192,166708.31,136107.04
2026-10-02 02:15:00+00:00,1.192,1.197,1.186,1.189,142585.35,95356.91
2026-10-02 02:30:00+00:00,1.19,1.193,1.187,1.193,61447.62,37391.51
2026-10-02 02:45:00+00:00,1.193,1.199,1.193,1.198,189551.92,74682.49
2026-10-02 03:00:00+00:00,1.198,1.207,1.197,1.2,208194.95,100701.38
2026-10-02 03:15:00+00:00,1.201,1.203,1.192,1.193,78794.74,39709.38
2026-10-02 03:30:00+00:00,1.192,1.201,1.191,1.195,70986.75,37643.4
2026-10-02 03:45:00+00:00,1.196,1.198,1.192,1.195,97668.22,60518.25
2026-10-02 04:00:00+00:00,1.196,1.201,1.195,1.195,60509.85,37147.08
2026-10-02 04:15:00+00:00,1.195,1.233,1.194,1.232,519337.37,275421.08
2026-10-02 04:30:00+00:00,1.232,1.238,1.225,1.236,336277.97,162449.33
2026-10-02 04:45:00+00:00,1.236,1.242,1.232,1.234,251882.69,127078.29
2026-10-02 05:00:00+00:00,1.234,1.236,1.226,1.228,247024.16,156282.96
2026-10-02 05:15:00+00:00,1.227,1.228,1.22,1.224,188824.99,85530.46
2026-10-02 05:30:00+00:00,1.224,1.227,1.215,1.22,95778.62,56659.65
2026-10-02 05:45:00+00:00,1.219,1.219,1.213,1.217,88678.73,54910.62
2026-10-02 06:00:00+00:00,1.217,1.22,1.215,1.217,65034.01,37800.72
2026-10-02 06:15:00+00:00,1.217,1.22,1.212,1.219,66322.19,32722.51
2026-10-02 06:30:00+00:00,1.219,1.223,1.216,1.221,82313.58,46844.68
2026-10-02 06:45:00+00:00,1.221,1.224,1.22,1.22,40271.57,16240.52
2026-10-02 07:00:00+00:00,1.22,1.225,1.218,1.221,89027.34,41612.82
2026-10-02 07:15:00+00:00,1.221,1.224,1.219,1.221,105540.76,65785.14
2026-10-02 07:30:00+00:00,1.22,1.222,1.215,1.222,144596.64,62879.36
2026-10-02 07:45:00+00:00,1.222,1.23,1.222,1.227,91540.98,46597.85
2026-10-02 08:00:00+00:00,1.228,1.231,1.222,1.223,127751.8,77424.2
2026-10-02 08:15:00+00:00,1.223,1.234,1.222,1.228,117488.24,67822.23
2026-10-02 08:30:00+00:00,1.229,1.234,1.225,1.23,116154.4,66878.19
2026-10-02 08:45:00+00:00,1.23,1.232,1.226,1.227,72658.37,39252.66
2026-10-02 09:00:00+00:00,1.227,1.228,1.221,1.223,81750.28,35404.58
2026-10-02 09:15:00+00:00,1.223,1.224,1.219,1.22,49138.92,32845.07
2026-10-02 09:30:00+00:00,1.22,1.223,1.216,1.217,56990.8,25755.24
2026-10-02 09:45:00+00:00,1.217,1.223,1.215,1.22,74192.22,33165.77
2026-10-02 10:00:00+00:00,1.22,1.222,1.215,1.216,47081.81,28723.79
2026-10-02 10:15:00+00:00,1.215,1.217,1.209,1.216,74381.03,40178.51
2026-10-02 10:30:00+00:00,1.215,1.222,1.215,1.22,32469.85,15045.17
2026-10-02 10:45:00+00:00,1.221,1.221,1.219,1.219,30488.3,15788.48
2026-10-02 11:00:00+00:00,1.219,1.223,1.217,1.22,82290.79,34478.31
2026-10-02 11:15:00+00:00,1.22,1.223,1.218,1.222,76057.32,42272.48
2026-10-02 11:30:00+00:00,1.222,1.224,1.219,1.221,55376.65,23799.59
2026-10-02 11:45:00+00:00,1.221,1.222,1.219,1.22,70600.71,42810.06
2026-10-02 12:00:00+00:00,1.221,1.224,1.217,1.218,95124.33,52570.63
2026-10-02 12:15:00+00:00,1.219,1.221,1.213,1.218,124460.2,60018.03
2026-10-02 12:30:00+00:00,1.218,1.235,1.212,1.214,482410.65,262175.46
2026-10-02 12:45:00+00:00,1.213,1.227,1.213,1.225,102809.14,58681.1
2026-10-02 13:00:00+00:00,1.224,1.228,1.219,1.22,141130.82,68773.82
2026-10-02 13:15:00+00:00,1.22,1.223,1.218,1.222,116909.58,82422.6
2026-10-02 13:30:00+00:00,1.222,1.237,1.222,1.228,156900.15,88450.1
2026-10-02 13:45:00+00:00,1.229,1.232,1.22,1.223,181675.33,98494.01
2026-10-02 14:00:00+00:00,1.222,1.228,1.215,1.217,116411.34,43759.6
2026-10-02 14:15:00+00:00,1.217,1.226,1.214,1.217,136136.81,51459.15
2026-10-02 14:30:00+00:00,1.216,1.219,1.212,1.218,132529.37,78394.78
2026-10-02 14:45:00+00:00,1.218,1.221,1.199,1.208,187562.6,84155.64
2026-10-02 15:00:00+00:00,1.208,1.211,1.196,1.208,165307.19,82411.8
2026-10-02 15:15:00+00:00,1.208,1.214,1.204,1.213,95216.07,66010.72
2026-10-02 15:30:00+00:00,1.212,1.215,1.209,1.214,82849.11,48767.79
2026-10-02 15:45:00+00:00,1.214,1.219,1.212,1.215,104156.4,41812.63
2026-10-02 16:00:00+00:00,1.215,1.226,1.215,1.22,115592.57,50554.73
2026-10-02 16:15:00+00:00,1.22,1.229,1.218,1.218,109004.37,47375.55
2026-10-02 16:30:00+00:00,1.219,1.22,1.212,1.22,141138.58,88650.85
2026-10-02 16:45:00+00:00,1.22,1.226,1.217,1.219,89025.96,51263.57
2026-10-02 17:00:00+00:00,1.219,1.223,1.216,1.217,52193.97,21997.41
2026-10-02 17:15:00+00:00,1.217,1.225,1.215,1.218,138411.58,54826.39
2026-10-02 17:30:00+00:00,1.217,1.218,1.202,1.204,113261.98,44285.61
2026-10-02 17:45:00+00:00,1.204,1.209,1.202,1.207,124315.17,90453.55
2026-10-02 18:00:00+00:00,1.207,1.21,1.2,1.204,93501.01,59410.88
2026-10-02 18:15:00+00:00,1.204,1.204,1.177,1.181,228630.74,102983.44
2026-10-02 18:30:00+00:00,1.182,1.182,1.147,1.151,668396.19,318623.2
2026-10-02 18:45:00+00:00,1.151,1.153,1.138,1.15,360323.31,191097.4
2026-10-02 19:00:00+00:00,1.15,1.155,1.144,1.144,238076.67,112045.3
2026-10-02 19:15:00+00:00,1.145,1.148,1.14,1.145,266957.59,122403.86
2026-10-02 19:30:00+00:00,1.146,1.153,1.145,1.15,124014.62,69604.42
2026-10-02 19:45:00+00:00,1.151,1.152,1.146,1.149,91946.92,63846.06
2026-10-02 20:00:00+00:00,1.149,1.156,1.149,1.152,126137.78,107832.12
2026-10-02 20:15:00+00:00,1.152,1.155,1.148,1.15,82748.81,39515.25
2026-10-02 20:30:00+00:00,1.15,1.156,1.144,1.144,134180.99,82219.41
2026-10-02 20:45:00+00:00,1.145,1.15,1.143,1.143,144393.26,75791.95
2026-10-02 21:00:00+00:00,1.142,1.148,1.141,1.148,58984.89,45901.29
2026-10-02 21:15:00+00:00,1.148,1.151,1.142,1.143,143732.91,48666.12
2026-10-02 21:30:00+00:00,1.143,1.15,1.142,1.147,62969.67,39807.01
2026-10-02 21:45:00+00:00,1.147,1.149,1.144,1.147,95982.78,47308.19
2026-10-02 22:00:00+00:00,1.148,1.149,1.141,1.142,126130.59,73508.61
2026-10-02 22:15:00+00:00,1.142,1.144,1.138,1.142,131350.0,43505.54
2026-10-02 22:30:00+00:00,1.142,1.147,1.141,1.145,69065.87,36026.59
2026-10-02 22:45:00+00:00,1.146,1.147,1.143,1.145,29700.89,18113.88
2026-10-02 23:00:00+00:00,1.145,1.146,1.141,1.143,75790.17,43184.37
2026-10-02 23:15:00+00:00,1.143,1.149,1.142,1.149,51611.3,26445.08
2026-10-02 23:30:00+00:00,1.149,1.154,1.148,1.153,48714.97,18526.71
2026-10-02 23:45:00+00:00,1.154,1.158,1.153,1.155,98950.42,48614.66
2026-10-03 00:00:00+00:00,1.154,1.16,1.151,1.158,105266.03,82105.92
2026-10-03 00:15:00+00:00,1.159,1.169,1.159,1.164,140087.06,63702.92
2026-10-03 00:30:00+00:00,1.164,1.173,1.164,1.172,83327.65,38009.37
2026-10-03 00:45:00+00:00,1.173,1.173,1.162,1.163,229119.9,55254.18
2026-10-03 01:00:00+00:00,1.163,1.172,1.159,1.169,115650.68,68776.55
2026-10-03 01:15:00+00:00,1.17,1.176,1.168,1.169,98570.26,50528.11
2026-10-03 01:30:00+00:00,1.17,1.171,1.166,1.167,116531.47,73111.57
2026-10-03 01:45:00+00:00,1.167,1.167,1.163,1.164,40289.97,13466.62
2026-10-03 02:00:00+00:00,1.165,1.169,1.163,1.167,57683.65,33438.07
2026-10-03 02:15:00+00:00,1.166,1.175,1.166,1.173,88813.8,46178.31
2026-10-03 02:30:00+00:00,1.172,1.175,1.169,1.17,46217.25,26659.21
2026-10-03 02:45:00+00:00,1.17,1.17,1.162,1.163,54815.34,13284.78
2026-10-03 03:00:00+00:00,1.162,1.165,1.157,1.157,174927.65,100314.11
2026-10-03 03:15:00+00:00,1.157,1.16,1.15,1.151,911619.14,685949.47
2026-10-03 03:30:00+00:00,1.151,1.154,1.149,1.153,60456.88,37419.14
2026-10-03 03:45:00+00:00,1.153,1.159,1.152,1.158,59938.9,34567.19
2026-10-03 04:00:00+00:00,1.158,1.159,1.15,1.154,86418.39,15957.51
2026-10-03 04:15:00+00:00,1.154,1.155,1.147,1.149,50689.35,22094.78
2026-10-03 04:30:00+00:00,1.148,1.149,1.144,1.145,64494.69,27150.94
2026-10-03 04:45:00+00:00,1.146,1.15,1.146,1.147,58089.81,22172.8
2026-10-03 05:00:00+00:00,1.147,1.155,1.145,1.15,52250.11,33499.82
2026-10-03 05:15:00+00:00,1.151,1.155,1.15,1.154,58590.09,33625.38
2026-10-03 05:30:00+00:00,1.153,1.155,1.15,1.153,42212.62,24991.72
2026-10-03 05:45:00+00:00,1.153,1.154,1.151,1.153,75119.26,29599.1
2026-10-03 06:00:00+00:00,1.153,1.156,1.151,1.153,24456.93,11177.13
2026-10-03 06:15:00+00:00,1.153,1.154,1.152,1.152,26400.95,14676.63
2026-10-03 06:30:00+00:00,1.152,1.153,1.15,1.152,55294.31,7362.51
2026-10-03 06:45:00+00:00,1.152,1.155,1.151,1.153,65650.24,43192.35
2026-10-03 07:00:00+00:00,1.153,1.155,1.151,1.154,47810.09,30847.73
2026-10-03 07:15:00+00:00,1.153,1.154,1.149,1.15,32473.5,5970.6
2026-10-03 07:30:00+00:00,1.15,1.15,1.145,1.147,52895.98,20641.49
2026-10-03 07:45:00+00:00,1.147,1.151,1.146,1.147,60724.79,25232.2
2026-10-03 08:00:00+00:00,1.148,1.149,1.144,1.149,89075.11,48959.25
2026-10-03 08:15:00+00:00,1.149,1.15,1.147,1.15,77663.15,26507.15
2026-10-03 08:30:00+00:00,1.15,1.152,1.149,1.151,50993.43,30776.62
2026-10-03 08:45:00+00:00,1.151,1.152,1.147,1.147,31749.33,12258.84
2026-10-03 09:00:00+00:00,1.148,1.151,1.147,1.151,37204.33,18230.58
2026-10-03 09:15:00+00:00,1.151,1.153,1.148,1.15,108694.11,73594.96
2026-10-03 09:30:00+00:00,1.149,1.157,1.149,1.156,54823.07,29774.88
2026-10-03 09:45:00+00:00,1.157,1.164,1.156,1.163,84332.41,45558.76
2026-10-03 10:00:00+00:00,1.162,1.173,1.161,1.172,167761.6,66902.34
2026-10-03 10:15:00+00:00,1.172,1.177,1.17,1.173,119338.01,65124.2
2026-10-03 10:30:00+00:00,1.174,1.188,1.173,1.185,257595.04,161094.27
2026-10-03 10:45:00+00:00,1.185,1.186,1.18,1.181,112299.91,62589.13
2026-10-03 11:00:00+00:00,1.181,1.182,1.174,1.178,102979.28,42177.34
2026-10-03 11:15:00+00:00,1.178,1.191,1.177,1.19,135404.34,84392.94
2026-10-03 11:30:00+00:00,1.19,1.201,1.188,1.191,278182.98,166153.87
2026-10-03 11:45:00+00:00,1.192,1.198,1.192,1.197,106636.33,64378.66
2026-10-03 12:00:00+00:00,1.197,1.206,1.195,1.196,232921.93,104904.37
2026-10-03 12:15:00+00:00,1.195,1.198,1.189,1.19,104509.39,38907.88
2026-10-03 12:30:00+00:00,1.191,1.193,1.183,1.184,92672.24,35821.0
2026-10-03 12:45:00+00:00,1.184,1.188,1.181,1.187,79306.95,30948.17
2026-10-03 13:00:00+00:00,1.187,1.193,1.186,1.193,36496.87,18189.1
2026-10-03 13:15:00+00:00,1.192,1.198,1.191,1.198,69770.73,29218.1
2026-10-03 13:30:00+00:00,1.198,1.211,1.197,1.206,257417.38,151110.24
2026-10-03 13:45:00+00:00,1.207,1.208,1.2,1.206,63751.07,23611.45
2026-10-03 14:00:00+00:00,1.207,1.215,1.207,1.207,140228.38,52699.15
2026-10-03 14:15:00+00:00,1.207,1.212,1.202,1.21,132979.81,62869.88
2026-10-03 14:30:00+00:00,1.21,1.218,1.21,1.215,121089.99,49077.88
2026-10-03 14:45:00+00:00,1.215,1.223,1.214,1.217,220063.94,128722.54
2026-10-03 15:00:00+00:00,1.218,1.219,1.209,1.211,210379.28,70690.38
2026-10-03 15:15:00+00:00,1.211,1.213,1.208,1.208,82731.75,37550.92
2026-10-03 15:30:00+00:00,1.209,1.211,1.204,1.211,106860.25,68539.49
2026-10-03 15:45:00+00:00,1.211,1.212,1.204,1.207,78374.86,33571.7
2026-10-03 16:00:00+00:00,1.207,1.208,1.201,1.202,148811.06,58715.43
2026-10-03 16:15:00+00:00,1.202,1.202,1.191,1.194,108724.2,39674.99
2026-10-03 16:30:00+00:00,1.194,1.201,1.194,1.197,91224.09,51434.88
2026-10-03 16:45:00+00:00,1.197,1.198,1.193,1.196,34126.86,9059.42
2026-10-03 17:00:00+00:00,1.196,1.203,1.193,1.2,63640.47,30127.62
2026-10-03 17:15:00+00:00,1.2,1.202,1.199,1.2,34574.12,19848.44
2026-10-03 17:30:00+00:00,1.2,1.2,1.196,1.198,48722.64,25178.8
2026-10-03 17:45:00+00:00,1.198,1.2,1.195,1.197,38605.01,18484.54
2026-10-03 18:00:00+00:00,1.198,1.199,1.196,1.197,38155.77,15166.23
2026-10-03 18:15:00+00:00,1.198,1.199,1.195,1.196,29716.83,10966.11
2026-10-03 18:30:00+00:00,1.195,1.201,1.194,1.199,33323.03,20643.54
2026-10-03 18:45:00+00:00,1.199,1.199,1.194,1.196,31287.38,13946.64
2026-10-03 19:00:00+00:00,1.195,1.196,1.191,1.196,34825.4,20584.16
2026-10-03 19:15:00+00:00,1.196,1.196,1.189,1.189,53671.28,24242.99
2026-10-03 19:30:00+00:00,1.189,1.191,1.188,1.19,30950.99,16027.38
2026-10-03 19:45:00+00:00,1.19,1.191,1.189,1.19,23941.97,11854.1
2026-10-03 20:00:00+00:00,1.19,1.194,1.19,1.191,19176.63,10299.29
2026-10-03 20:15:00+00:00,1.191,1.194,1.19,1.192,43062.53,14186.86
2026-10-03 20:30:00+00:00,1.191,1.195,1.191,1.194,29904.93,15154.49
2026-10-03 20:45:00+00:00,1.193,1.194,1.191,1.191,26042.22,7962.74
2026-10-03 21:00:00+00:00,1.192,1.193,1.188,1.19,33956.75,16852.3
2026-10-03 21:15:00+00:00,1.191,1.191,1.187,1.188,40374.85,12646.28
2026-10-03 21:30:00+00:00,1.189,1.19,1.185,1.186,48592.85,13218.46
2026-10-03 21:45:00+00:00,1.186,1.187,1.184,1.184,17203.73,11225.01
2026-10-03 22:00:00+00:00,1.184,1.185,1.181,1.183,91287.81,45095.78
2026-10-03 22:15:00+00:00,1.184,1.184,1.181,1.183,79244.83,38152.62
2026-10-03 22:30:00+00:00,1.183,1.185,1.182,1.182,46513.45,12056.53
2026-10-03 22:45:00+00:00,1.182,1.183,1.181,1.181,15473.57,6900.55
2026-10-03 23:00:00+00:00,1.182,1.185,1.178,1.185,55044.22,25539.36
2026-10-03 23:15:00+00:00,1.185,1.188,1.185,1.187,50910.08,34877.73
2026-10-03 23:30:00+00:00,1.187,1.189,1.185,1.185,10213.65,898.98
2026-10-03 23:45:00+00:00,1.186,1.186,1.184,1.185,33100.17,7760.39
2026-10-04 00:00:00+00:00,1.185,1.186,1.18,1.183,92056.61,36472.36
2026-10-04 00:15:00+00:00,1.183,1.185,1.183,1.185,23230.67,12528.48
2026-10-04 00:30:00+00:00,1.185,1.188,1.183,1.185,28845.49,15471.81
2026-10-04 00:45:00+00:00,1.186,1.186,1.183,1.184,26030.53,6288.79
2026-10-04 01:00:00+00:00,1.184,1.187,1.18,1.186,134723.25,44689.86
2026-10-04 01:15:00+00:00,1.186,1.186,1.18,1.181,43148.23,14750.98
2026-10-04 01:30:00+00:00,1.182,1.182,1.179,1.179,17096.51,13170.47
2026-10-04 01:45:00+00:00,1.18,1.18,1.177,1.178,32899.75,10688.91
2026-10-04 02:00:00+00:00,1.178,1.182,1.178,1.179,22173.06,8706.02
2026-10-04 02:15:00+00:00,1.178,1.18,1.177,1.179,24095.57,17504.89
2026-10-04 02:30:00+00:00,1.179,1.186,1.179,1.184,33822.11,22937.33
2026-10-04 02:45:00+00:00,1.184,1.185,1.179,1.18,180448.7,68338.27
2026-10-04 03:00:00+00:00,1.18,1.18,1.177,1.18,19703.98,16638.51
2026-10-04 03:15:00+00:00,1.179,1.18,1.174,1.178,95409.61,30357.3
2026-10-04 03:30:00+00:00,1.177,1.182,1.177,1.178,18925.38,10622.64
2026-10-04 03:45:00+00:00,1.178,1.178,1.175,1.177,28976.81,13784.21
2026-10-04 04:00:00+00:00,1.177,1.177,1.173,1.174,38043.94,10502.63
2026-10-04 04:15:00+00:00,1.175,1.18,1.175,1.179,70157.4,36386.94
2026-10-04 04:30:00+00:00,1.178,1.179,1.176,1.178,13091.98,2476.43
2026-10-04 04:45:00+00:00,1.178,1.186,1.176,1.186,62413.6,50894.25
2026-10-04 05:00:00+00:00,1.187,1.189,1.181,1.184,44664.54,21971.72
2026-10-04 05:15:00+00:00,1.183,1.189,1.183,1.187,70009.45,56518.98
2026-10-04 05:30:00+00:00,1.187,1.19,1.184,1.189,25613.87,14149.0
2026-10-04 05:45:00+00:00,1.188,1.188,1.186,1.186,17145.38,6674.45
2026-10-04 06:00:00+00:00,1.187,1.193,1.186,1.192,61998.04,29686.33
2026-10-04 06:15:00+00:00,1.191,1.193,1.185,1.186,75872.52,12247.64
2026-10-04 06:30:00+00:00,1.186,1.188,1.185,1.185,40049.3,24379.18
2026-10-04 06:45:00+00:00,1.185,1.191,1.184,1.186,33292.65,14442.92
2026-10-04 07:00:00+00:00,1.186,1.188,1.184,1.188,9418.91,4345.78
2026-10-04 07:15:00+00:00,1.188,1.188,1.185,1.185,18538.99,5645.46
2026-10-04 07:30:00+00:00,1.185,1.187,1.182,1.186,43188.69,16122.05
2026-10-04 07:45:00+00:00,1.187,1.189,1.186,1.189,46747.89,29999.78
2026-10-04 08:00:00+00:00,1.189,1.19,1.185,1.186,27064.55,8680.94
2026-10-04 08:15:00+00:00,1.186,1.187,1.185,1.185,13988.6,5637.64
2026-10-04 08:30:00+00:00,1.186,1.202,1.183,1.192,252070.69,146576.97
2026-10-04 08:45:00+00:00,1.192,1.193,1.183,1.184,127286.04,48267.92
2026-10-04 09:00:00+00:00,1.184,1.188,1.183,1.187,39573.56,22147.75
2026-10-04 09:15:00+00:00,1.188,1.195,1.187,1.193,90014.26,51164.17
2026-10-04 09:30:00+00:00,1.194,1.195,1.191,1.192,45659.75,10151.79
2026-10-04 09:45:00+00:00,1.192,1.195,1.19,1.195,31260.77,15429.01
2026-10-04 10:00:00+00:00,1.194,1.201,1.192,1.201,57290.97,16080.41
2026-10-04 10:15:00+00:00,1.201,1.203,1.192,1.192,105340.39,34005.9
2026-10-04 10:30:00+00:00,1.193,1.195,1.189,1.191,62072.63,27097.55
2026-10-04 10:45:00+00:00,1.192,1.194,1.19,1.192,16337.5,7861.92
2026-10-04 11:00:00+00:00,1.192,1.197,1.191,1.192,111867.42,62869.42
2026-10-04 11:15:00+00:00,1.192,1.192,1.189,1.192,26291.08,12848.73
2026-10-04 11:30:00+00:00,1.191,1.193,1.187,1.19,56543.64,19430.67
2026-10-04 11:45:00+00:00,1.191,1.196,1.191,1.192,57981.28,30315.58
2026-10-04 12:00:00+00:00,1.192,1.193,1.19,1.191,75915.99,41862.53
2026-10-04 12:15:00+00:00,1.191,1.194,1.191,1.191,66013.11,23632.02
2026-10-04 12:30:00+00:00,1.191,1.197,1.191,1.196,28618.79,8766.74
2026-10-04 12:45:00+00:00,1.196,1.198,1.192,1.194,63068.35,38131.59
2026-10-04 13:00:00+00:00,1.194,1.195,1.19,1.19,22722.91,1359.48
2026-10-04 13:15:00+00:00,1.19,1.192,1.188,1.19,49209.77,33554.2
2026-10-04 13:30:00+00:00,1.19,1.192,1.187,1.187,37153.76,23784.96
2026-10-04 13:45:00+00:00,1.188,1.191,1.188,1.189,32952.26,24756.45
2026-10-04 14:00:00+00:00,1.189,1.189,1.184,1.186,60210.5,16916.22
2026-10-04 14:15:00+00:00,1.186,1.191,1.186,1.191,27927.32,17486.86
2026-10-04 14:30:00+00:00,1.191,1.197,1.19,1.191,55397.81,23460.89
2026-10-04 14:45:00+00:00,1.192,1.194,1.19,1.192,26130.8,16732.41
2026-10-04 15:00:00+00:00,1.192,1.2,1.189,1.192,73348.61,34841.95
2026-10-04 15:15:00+00:00,1.192,1.197,1.192,1.197,129206.22,66038.15
2026-10-04 15:30:00+00:00,1.197,1.2,1.194,1.196,61106.31,26471.8
2026-10-04 15:45:00+00:00,1.196,1.205,1.196,1.201,70224.66,44706.03
2026-10-04 16:00:00+00:00,1.201,1.203,1.195,1.196,62471.31,20933.15
2026-10-04 16:15:00+00:00,1.197,1.198,1.191,1.191,83833.76,32090.66
2026-10-04 16:30:00+00:00,1.191,1.194,1.19,1.191,48228.53,16075.66
2026-10-04 16:45:00+00:00,1.191,1.196,1.19,1.195,76016.75,59770.17
2026-10-04 17:00:00+00:00,1.195,1.2,1.191,1.191,38376.53,12805.47
2026-10-04 17:15:00+00:00,1.191,1.194,1.19,1.192,54705.58,34988.64
2026-10-04 17:30:00+00:00,1.191,1.193,1.19,1.193,32605.28,6677.6
2026-10-04 17:45:00+00:00,1.193,1.196,1.191,1.191,37084.94,14911.4
2026-10-04 18:00:00+00:00,1.192,1.199,1.191,1.198,48250.98,26422.27
2026-10-04 18:15:00+00:00,1.197,1.204,1.197,1.201,59814.5,22068.97
2026-10-04 18:30:00+00:00,1.2,1.203,1.198,1.198,21844.96,12380.49
2026-10-04 18:45:00+00:00,1.199,1.204,1.198,1.204,61584.16,49949.99
2026-10-04 19:00:00+00:00,1.204,1.208,1.201,1.203,50567.37,32772.81
2026-10-04 19:15:00+00:00,1.203,1.239,1.203,1.23,613559.96,366202.52
2026-10-04 19:30:00+00:00,1.23,1.236,1.225,1.226,206975.65,126014.54
2026-10-04 19:45:00+00:00,1.227,1.227,1.222,1.224,87678.79,40551.28
2026-10-04 20:00:00+00:00,1.225,1.227,1.218,1.222,157364.62,77102.66
2026-10-04 20:15:00+00:00,1.222,1.223,1.211,1.214,254114.13,68186.6
2026-10-04 20:30:00+00:00,1.214,1.217,1.209,1.21,86710.04,38659.82
2026-10-04 20:45:00+00:00,1.209,1.213,1.208,1.211,75702.71,48089.86
2026-10-04 21:00:00+00:00,1.211,1.212,1.203,1.209,91638.74,37880.32
2026-10-04 21:15:00+00:00,1.208,1.21,1.196,1.203,129275.14,51043.36
2026-10-04 21:30:00+00:00,1.203,1.205,1.2,1.202,92705.12,61689.36
2026-10-04 21:45:00+00:00,1.201,1.203,1.194,1.196,129827.02,73433.67
2026-10-04 22:00:00+00:00,1.195,1.208,1.195,1.202,171178.49,89903.13
2026-10-04 22:15:00+00:00,1.202,1.21,1.202,1.205,122811.68,56206.88
2026-10-04 22:30:00+00:00,1.205,1.211,1.204,1.208,61404.67,26833.73
2026-10-04 22:45:00+00:00,1.209,1.21,1.207,1.208,60662.31,38088.56
2026-10-04 23:00:00+00:00,1.207,1.208,1.205,1.208,39134.06,30692.53
2026-10-04 23:15:00+00:00,1.208,1.211,1.207,1.211,71338.62,30103.61
2026-10-04 23:30:00+00:00,1.21,1.21,1.205,1.207,24365.22,10268.95
2026-10-04 23:45:00+00:00,1.206,1.207,1.204,1.205,25597.18,7652.9
2026-10-05 00:00:00+00:00,1.205,1.205,1.197,1.201,149015.33,103980.11
2026-10-05 00:15:00+00:00,1.201,1.202,1.191,1.193,117918.94,40829.32
2026-10-05 00:30:00+00:00,1.193,1.202,1.192,1.201,72104.94,48893.37
2026-10-05 00:45:00+00:00,1.2,1.206,1.198,1.205,72638.55,51005.8
2026-10-05 01:00:00+00:00,1.205,1.214,1.204,1.214,67754.7,37860.57
2026-10-05 01:15:00+00:00,1.214,1.215,1.209,1.213,72696.62,39230.88
2026-10-05 01:30:00+00:00,1.213,1.213,1.202,1.204,94364.35,22137.69
2026-10-05 01:45:00+00:00,1.204,1.211,1.204,1.207,54311.65,36153.12
2026-10-05 02:00:00+00:00,1.206,1.216,1.206,1.214,106983.83,80895.0
2026-10-05 02:15:00+00:00,1.214,1.22,1.212,1.214,159694.27,71124.09
2026-10-05 02:30:00+00:00,1.213,1.218,1.209,1.218,137780.71,85669.4
2026-10-05 02:45:00+00:00,1.218,1.22,1.213,1.214,128107.15,85529.38
2026-10-05 03:00:00+00:00,1.213,1.214,1.209,1.209,79853.48,31305.35
2026-10-05 03:15:00+00:00,1.209,1.212,1.204,1.21,161903.05,87639.99
2026-10-05 03:30:00+00:00,1.209,1.229,1.209,1.228,242328.71,143803.8
2026-10-05 03:45:00+00:00,1.229,1.231,1.217,1.218,216265.97,84391.96
2026-10-05 04:00:00+00:00,1.218,1.223,1.215,1.223,168902.9,97523.96
2026-10-05 04:15:00+00:00,1.222,1.225,1.214,1.218,257620.68,86635.17
2026-10-05 04:30:00+00:00,1.218,1.22,1.204,1.213,284808.62,166834.88
2026-10-05 04:45:00+00:00,1.212,1.22,1.208,1.217,227845.16,126530.94
2026-10-05 05:00:00+00:00,1.216,1.223,1.213,1.213,182214.72,96603.63
2026-10-05 05:15:00+00:00,1.213,1.215,1.208,1.208,119521.8,51130.28
2026-10-05 05:30:00+00:00,1.208,1.218,1.205,1.213,110125.34,61048.76
2026-10-05 05:45:00+00:00,1.213,1.222,1.213,1.222,57462.89,43820.22
2026-10-05 06:00:00+00:00,1.222,1.233,1.222,1.223,222822.64,108687.12
2026-10-05 06:15:00+00:00,1.224,1.229,1.222,1.223,112256.77,50020.93
2026-10-05 06:30:00+00:00,1.222,1.225,1.217,1.217,92050.58,26419.66
2026-10-05 06:45:00+00:00,1.218,1.236,1.218,1.231,141467.35,88374.41
2026-10-05 07:00:00+00:00,1.231,1.238,1.228,1.233,176815.29,92331.75
2026-10-05 07:15:00+00:00,1.233,1.235,1.23,1.234,138069.2,76509.07
2026-10-05 07:30:00+00:00,1.234,1.236,1.23,1.233,73938.06,32988.08
2026-10-05 07:45:00+00:00,1.234,1.24,1.233,1.235,180124.03,112318.46
2026-10-05 08:00:00+00:00,1.234,1.235,1.231,1.232,117215.74,31656.85
2026-10-05 08:15:00+00:00,1.231,1.231,1.224,1.225,90314.24,29427.1
2026-10-05 08:30:00+00:00,1.226,1.228,1.223,1.223,63391.81,33195.07
2026-10-05 08:45:00+00:00,1.222,1.222,1.213,1.218,144274.91,78712.9
2026-10-05 09:00:00+00:00,1.219,1.222,1.213,1.213,68803.04,21280.21
2026-10-05 09:15:00+00:00,1.213,1.214,1.208,1.211,153166.46,88884.15
2026-10-05 09:30:00+00:00,1.211,1.212,1.207,1.209,59552.03,34873.93
2026-10-05 09:45:00+00:00,1.209,1.213,1.207,1.213,81225.93,46349.71
2026-10-05 10:00:00+00:00,1.212,1.219,1.211,1.218,83273.73,53418.21
2026-10-05 10:15:00+00:00,1.218,1.221,1.216,1.216,71404.82,32972.22
2026-10-05 10:30:00+00:00,1.215,1.215,1.21,1.214,94258.64,34499.18
2026-10-05 10:45:00+00:00,1.214,1.221,1.213,1.218,64980.24,44480.69
2026-10-05 11:00:00+00:00,1.218,1.22,1.212,1.212,48486.4,17909.73
2026-10-05 11:15:00+00:00,1.212,1.219,1.212,1.217,29849.14,23137.63
2026-10-05 11:30:00+00:00,1.217,1.218,1.215,1.216,38924.58,20994.57
2026-10-05 11:45:00+00:00,1.216,1.221,1.213,1.22,55885.75,32790.24
2026-10-05 12:00:00+00:00,1.22,1.221,1.216,1.218,38548.32,16255.82
2026-10-05 12:15:00+00:00,1.217,1.218,1.206,1.21,94067.64,29366.94
2026-10-05 12:30:00+00:00,1.209,1.211,1.2,1.201,117832.05,58134.53
2026-10-05 12:45:00+00:00,1.201,1.203,1.198,1.201,109926.61,47976.84
2026-10-05 13:00:00+00:00,1.2,1.207,1.2,1.206,93798.03,40895.1
2026-10-05 13:15:00+00:00,1.205,1.21,1.203,1.207,62077.76,29608.12
2026-10-05 13:30:00+00:00,1.207,1.208,1.201,1.202,76382.3,34099.49
2026-10-05 13:45:00+00:00,1.201,1.209,1.198,1.208,90603.07,46077.04
2026-10-05 14:00:00+00:00,1.207,1.217,1.204,1.215,90958.98,43223.02
2026-10-05 14:15:00+00:00,1.215,1.217,1.204,1.205,188994.72,87678.56
2026-10-05 14:30:00+00:00,1.205,1.205,1.184,1.194,280884.92,130589.35
2026-10-05 14:45:00+00:00,1.195,1.195,1.188,1.193,161552.56,84965.7
2026-10-05 15:00:00+00:00,1.193,1.199,1.189,1.198,72924.02,44586.43
2026-10-05 15:15:00+00:00,1.198,1.201,1.195,1.198,57006.19,33776.81
2026-10-05 15:30:00+00:00,1.197,1.2,1.188,1.192,150522.69,63144.91
2026-10-05 15:45:00+00:00,1.193,1.196,1.192,1.195,81366.08,29344.88
2026-10-05 16:00:00+00:00,1.195,1.197,1.188,1.193,235896.17,85786.49
2026-10-05 16:15:00+00:00,1.193,1.194,1.189,1.192,100481.24,46939.27
2026-10-05 16:30:00+00:00,1.192,1.199,1.19,1.194,64501.31,33487.36
2026-10-05 16:45:00+00:00,1.194,1.196,1.193,1.193,39547.55,18647.72
2026-10-05 17:00:00+00:00,1.194,1.195,1.186,1.188,57141.95,25446.88
2026-10-05 17:15:00+00:00,1.188,1.194,1.188,1.191,61188.3,30923.28
2026-10-05 17:30:00+00:00,1.191,1.193,1.189,1.192,43176.9,23382.22
2026-10-05 17:45:00+00:00,1.192,1.193,1.19,1.191,36500.85,15166.8
2026-10-05 18:00:00+00:00,1.192,1.2,1.19,1.199,65329.24,42623.62
2026-10-05 18:15:00+00:00,1.199,1.206,1.199,1.204,83087.62,44317.36
2026-10-05 18:30:00+00:00,1.204,1.208,1.203,1.203,80595.0,37411.86
2026-10-05 18:45:00+00:00,1.203,1.217,1.203,1.216,152875.64,88553.74
