symbol,entry,side,pnl_bps
BTCUSDT,2022-01-12 00:00:00+00:00,1,-29.387563557472525
BTCUSDT,2022-01-12 16:00:00+00:00,1,53.25015965902799
BTCUSDT,2022-01-14 08:00:00+00:00,1,149.46343443714574
BTCUSDT,2022-01-25 16:00:00+00:00,1,-60.88135395767939
BTCUSDT,2022-01-27 08:00:00+00:00,1,15.478276691853694
BTCUSDT,2022-02-23 08:00:00+00:00,1,-16.421469738832315
BTCUSDT,2022-02-24 08:00:00+00:00,1,166.0672427886872
BTCUSDT,2022-02-28 00:00:00+00:00,1,182.890261923989
BTCUSDT,2022-04-12 08:00:00+00:00,1,-30.08591338676899
BTCUSDT,2022-04-15 00:00:00+00:00,1,65.31023745923841
BTCUSDT,2022-04-18 08:00:00+00:00,1,139.7866939685816
BTCUSDT,2022-04-22 08:00:00+00:00,1,-268.1934067965008
BTCUSDT,2022-04-24 00:00:00+00:00,1,27.718043091976615
BTCUSDT,2022-05-12 00:00:00+00:00,1,-10.563429660780214
BTCUSDT,2022-06-30 16:00:00+00:00,1,594.939709764081
BTCUSDT,2022-08-03 08:00:00+00:00,1,48.63207953974109
BTCUSDT,2022-08-19 16:00:00+00:00,1,-263.7350924077063
BTCUSDT,2022-08-20 08:00:00+00:00,1,8.31373649023396
BTCUSDT,2022-08-22 00:00:00+00:00,1,-134.77046399676314
BTCUSDT,2022-08-28 08:00:00+00:00,1,-33.93315850311092
BTCUSDT,2022-08-29 00:00:00+00:00,1,67.11530328685164
BTCUSDT,2022-10-27 08:00:00+00:00,1,-77.11843233095863
BTCUSDT,2022-10-28 16:00:00+00:00,1,-50.031319750181105
BTCUSDT,2022-11-09 00:00:00+00:00,1,-111.41470237316932
BTCUSDT,2022-11-09 16:00:00+00:00,1,457.94579259632854
BTCUSDT,2022-12-26 08:00:00+00:00,1,-12.305260467779577
BTCUSDT,2023-01-14 08:00:00+00:00,-1,77.91550350279887
BTCUSDT,2023-02-11 08:00:00+00:00,1,45.636593926619035
BTCUSDT,2023-02-12 16:00:00+00:00,1,-139.96087086063233
BTCUSDT,2023-02-16 16:00:00+00:00,-1,471.56361550948367
BTCUSDT,2023-02-25 00:00:00+00:00,1,-42.4351810417149
BTCUSDT,2023-03-03 08:00:00+00:00,1,-36.11969867744089
BTCUSDT,2023-03-10 00:00:00+00:00,1,-91.64524830572631
BTCUSDT,2023-03-14 16:00:00+00:00,-1,435.6355806963252
BTCUSDT,2023-05-01 08:00:00+00:00,1,-85.19423994843626
BTCUSDT,2023-06-06 00:00:00+00:00,1,-7.95282229792663
BTCUSDT,2023-07-15 00:00:00+00:00,1,-16.737609849530045
BTCUSDT,2023-08-18 08:00:00+00:00,1,-273.7096515983385
BTCUSDT,2023-08-19 00:00:00+00:00,1,21.149855593906793
BTCUSDT,2023-08-29 16:00:00+00:00,1,-147.09100049794864
BTCUSDT,2023-09-25 08:00:00+00:00,-1,-79.74708475990688
BTCUSDT,2023-09-27 00:00:00+00:00,-1,-12.00209466062145
BTCUSDT,2023-10-12 00:00:00+00:00,-1,-9.824654877811957
BTCUSDT,2023-10-19 16:00:00+00:00,1,-4.1609263871262865
BTCUSDT,2023-10-24 00:00:00+00:00,-1,-200.0226069595702
BTCUSDT,2023-11-09 16:00:00+00:00,-1,-53.99948001352582
BTCUSDT,2023-11-12 08:00:00+00:00,-1,15.099470427950074
BTCUSDT,2023-12-02 00:00:00+00:00,1,-4.161430516033912
BTCUSDT,2023-12-22 00:00:00+00:00,-1,42.446526406696016
BTCUSDT,2023-12-25 16:00:00+00:00,-1,180.92941767056368
BTCUSDT,2023-12-28 16:00:00+00:00,-1,-5.018817762625638
BTCUSDT,2024-01-02 00:00:00+00:00,-1,-149.8262358988321
BTCUSDT,2024-01-27 00:00:00+00:00,1,-89.06815418522149
BTCUSDT,2024-01-27 16:00:00+00:00,1,31.84631874929979
BTCUSDT,2024-01-28 08:00:00+00:00,1,-55.8196385038837
BTCUSDT,2024-01-30 16:00:00+00:00,1,-133.74469251005428
BTCUSDT,2024-02-08 16:00:00+00:00,1,36.73321545629049
BTCUSDT,2024-02-14 16:00:00+00:00,-1,-156.31547288789025
BTCUSDT,2024-02-17 16:00:00+00:00,-1,-172.45905230358267
BTCUSDT,2024-02-18 16:00:00+00:00,-1,-56.18055456455082
BTCUSDT,2024-02-26 00:00:00+00:00,-1,74.3757667565146
BTCUSDT,2024-02-26 16:00:00+00:00,-1,-665.6122221618058
BTCUSDT,2024-02-29 08:00:00+00:00,-1,95.86946226759834
BTCUSDT,2024-03-05 08:00:00+00:00,-1,513.2055067998974
BTCUSDT,2024-04-15 08:00:00+00:00,1,-334.98612231264417
BTCUSDT,2024-04-18 16:00:00+00:00,1,173.8510583214252
BTCUSDT,2024-05-03 08:00:00+00:00,1,397.18683863030424
BTCUSDT,2024-05-21 08:00:00+00:00,-1,165.50762038330714
BTCUSDT,2024-05-22 08:00:00+00:00,-1,-43.11818987217119
BTCUSDT,2024-06-05 08:00:00+00:00,-1,-65.29506388555555
BTCUSDT,2024-06-23 08:00:00+00:00,1,-84.04733943158979
BTCUSDT,2024-07-05 16:00:00+00:00,1,15.37427328806318
BTCUSDT,2024-07-09 08:00:00+00:00,1,-1.5148756955821576
BTCUSDT,2024-07-15 16:00:00+00:00,1,-99.49580434795332
BTCUSDT,2024-07-21 00:00:00+00:00,1,-51.80383593500282
BTCUSDT,2024-08-07 08:00:00+00:00,1,-226.19946097951632
BTCUSDT,2024-08-14 16:00:00+00:00,1,-137.12519604659002
BTCUSDT,2024-08-16 00:00:00+00:00,1,143.40615904142098
BTCUSDT,2024-09-05 00:00:00+00:00,-1,160.31478560972235
BTCUSDT,2024-09-21 08:00:00+00:00,-1,-40.41832666445401
BTCUSDT,2024-09-26 16:00:00+00:00,-1,3.402723422034528
BTCUSDT,2024-11-10 08:00:00+00:00,-1,-94.6399020023465
BTCUSDT,2024-11-11 00:00:00+00:00,-1,-92.37888769648605
BTCUSDT,2024-11-12 00:00:00+00:00,-1,-54.89112541201448
BTCUSDT,2024-12-05 08:00:00+00:00,-1,159.86304620433864
BTCUSDT,2024-12-14 00:00:00+00:00,1,38.36654692301623
BTCUSDT,2024-12-21 08:00:00+00:00,1,-149.16359082647134
BTCUSDT,2024-12-30 00:00:00+00:00,1,16.173853506945036
BTCUSDT,2025-01-09 16:00:00+00:00,1,-168.9013498172467
BTCUSDT,2025-01-10 08:00:00+00:00,1,-119.35479812854273
BTCUSDT,2025-02-08 00:00:00+00:00,1,-91.79958335824922
BTCUSDT,2025-03-01 08:00:00+00:00,1,-15.922142110501033
BTCUSDT,2025-03-15 00:00:00+00:00,1,-58.13973600760905
BTCUSDT,2025-04-09 00:00:00+00:00,-1,-115.83945782700606
BTCUSDT,2025-04-13 16:00:00+00:00,-1,-26.02387935946476
BTCUSDT,2025-04-22 16:00:00+00:00,1,234.4626466457846
BTCUSDT,2025-04-26 00:00:00+00:00,1,-72.6348821759589
BTCUSDT,2025-05-02 00:00:00+00:00,1,-51.4691471426536
BTCUSDT,2025-05-09 00:00:00+00:00,-1,22.58816503449776
BTCUSDT,2025-06-06 00:00:00+00:00,1,267.46212413178534
BTCUSDT,2025-06-08 16:00:00+00:00,1,-57.11267231519445
BTCUSDT,2025-06-15 00:00:00+00:00,1,-53.32896390045517
BTCUSDT,2025-08-01 00:00:00+00:00,1,-82.66941305067124
BTCUSDT,2025-09-13 00:00:00+00:00,1,-32.93803825435916
BTCUSDT,2025-09-21 00:00:00+00:00,1,-12.542382495188908
BTCUSDT,2025-10-12 16:00:00+00:00,1,95.77536780191431
BTCUSDT,2025-11-25 00:00:00+00:00,1,-134.86111163800254
BTCUSDT,2026-01-09 00:00:00+00:00,1,-151.13043949503
BTCUSDT,2026-02-01 00:00:00+00:00,1,-48.719018727422096
BTCUSDT,2026-02-02 16:00:00+00:00,1,45.07326484378544
BTCUSDT,2026-02-06 08:00:00+00:00,1,547.1109150690103
BTCUSDT,2026-03-11 00:00:00+00:00,1,-64.85081804943914
BTCUSDT,2026-03-16 08:00:00+00:00,-1,-98.38286211512965
BTCUSDT,2026-04-06 00:00:00+00:00,-1,-32.002915121618734
BTCUSDT,2026-04-07 16:00:00+00:00,-1,-512.1549868214622
BTCUSDT,2026-04-12 00:00:00+00:00,1,-209.5780679615891
BTCUSDT,2026-04-15 00:00:00+00:00,1,-71.72609727033998
BTCUSDT,2026-04-17 16:00:00+00:00,1,-97.34388372607901
BTCUSDT,2026-04-19 16:00:00+00:00,1,-160.09386207543315
BTCUSDT,2026-05-10 16:00:00+00:00,-1,62.25446966653566
BTCUSDT,2026-05-12 16:00:00+00:00,-1,-99.73092487482263
BTCUSDT,2026-05-18 16:00:00+00:00,-1,-106.69186386188562
BTCUSDT,2026-05-20 08:00:00+00:00,-1,5.096232054014826
BTCUSDT,2026-05-24 00:00:00+00:00,-1,-9.90478128770953
BTCUSDT,2026-05-27 00:00:00+00:00,-1,17.31579435124923
BTCUSDT,2026-05-27 16:00:00+00:00,-1,254.0237429410963
BTCUSDT,2026-06-14 00:00:00+00:00,1,-105.15643941986298
BTCUSDT,2026-06-15 16:00:00+00:00,1,-147.53983077826925
BTCUSDT,2026-06-17 08:00:00+00:00,1,132.730806712841
BTCUSDT,2026-07-03 00:00:00+00:00,-1,-55.16521796927753
BTCUSDT,2026-09-05 08:00:00+00:00,1,35.99520535703909
BTCUSDT,2026-09-25 16:00:00+00:00,1,6.32139949671024
BTCUSDT,2026-09-26 16:00:00+00:00,1,10.975958015975555
BTCUSDT,2026-09-28 08:00:00+00:00,1,78.77466861759618
ETHUSDT,2022-01-12 16:00:00+00:00,1,-58.50761750387671
ETHUSDT,2022-01-26 16:00:00+00:00,1,-511.42821186782385
ETHUSDT,2022-02-01 16:00:00+00:00,1,-114.533173416685
ETHUSDT,2022-02-03 00:00:00+00:00,1,-86.88556009631348
ETHUSDT,2022-04-06 08:00:00+00:00,1,-446.95063901365796
ETHUSDT,2022-04-12 16:00:00+00:00,1,-59.65822680797033
ETHUSDT,2022-04-13 08:00:00+00:00,1,91.52849336987575
ETHUSDT,2022-04-22 08:00:00+00:00,1,-183.3899396438766
ETHUSDT,2022-04-25 16:00:00+00:00,1,284.56410378810386
ETHUSDT,2022-04-27 08:00:00+00:00,1,-21.326079477674313
ETHUSDT,2022-05-12 08:00:00+00:00,1,600.1489440991741
ETHUSDT,2022-06-18 08:00:00+00:00,1,-92.51770430900707
ETHUSDT,2022-08-27 00:00:00+00:00,1,-94.72555216248742
ETHUSDT,2022-08-27 16:00:00+00:00,1,110.91922581447155
ETHUSDT,2022-08-28 08:00:00+00:00,1,-92.15302327125356
ETHUSDT,2022-09-07 08:00:00+00:00,1,208.61238342564903
ETHUSDT,2022-09-11 16:00:00+00:00,1,-98.4946731837436
ETHUSDT,2022-09-12 16:00:00+00:00,1,-160.04688852288604
ETHUSDT,2022-09-13 08:00:00+00:00,1,-507.36810383103415
ETHUSDT,2022-09-16 16:00:00+00:00,-1,-114.0999042604211
ETHUSDT,2022-09-26 08:00:00+00:00,-1,-28.285926414605218
ETHUSDT,2022-11-09 00:00:00+00:00,1,-419.5245288320379
ETHUSDT,2022-11-09 16:00:00+00:00,1,386.7378890942944
ETHUSDT,2023-01-14 08:00:00+00:00,-1,205.77811172527643
ETHUSDT,2023-02-11 00:00:00+00:00,1,106.51002976315864
ETHUSDT,2023-02-16 16:00:00+00:00,-1,362.92997387586166
ETHUSDT,2023-03-10 00:00:00+00:00,1,-142.01945376929103
ETHUSDT,2023-03-15 00:00:00+00:00,-1,4.3739966176809455
ETHUSDT,2023-04-23 00:00:00+00:00,1,80.92129123763546
ETHUSDT,2023-05-27 16:00:00+00:00,1,137.87499034253636
ETHUSDT,2023-06-06 00:00:00+00:00,1,15.712516061158063
ETHUSDT,2023-06-15 00:00:00+00:00,1,-94.84602771794347
ETHUSDT,2023-08-18 00:00:00+00:00,1,-11.220206139660469
ETHUSDT,2023-09-16 00:00:00+00:00,-1,31.323805747925817
ETHUSDT,2023-09-27 00:00:00+00:00,-1,3.410012535636146
ETHUSDT,2023-11-02 00:00:00+00:00,-1,72.84525500362234
ETHUSDT,2023-11-09 16:00:00+00:00,-1,-418.16905696877654
ETHUSDT,2023-12-21 16:00:00+00:00,-1,-246.31183741292656
ETHUSDT,2023-12-22 16:00:00+00:00,-1,19.373034757289343
ETHUSDT,2023-12-26 00:00:00+00:00,-1,125.78687245204162
ETHUSDT,2023-12-28 08:00:00+00:00,-1,37.88831223043051
ETHUSDT,2024-01-02 16:00:00+00:00,-1,18.86026545046193
ETHUSDT,2024-01-27 00:00:00+00:00,1,-130.13917484572843
ETHUSDT,2024-01-28 00:00:00+00:00,1,19.031341511634505
ETHUSDT,2024-01-30 08:00:00+00:00,1,253.15648503028333
ETHUSDT,2024-02-01 00:00:00+00:00,1,-57.87115970830909
ETHUSDT,2024-02-02 08:00:00+00:00,1,-33.002073973272026
ETHUSDT,2024-02-04 00:00:00+00:00,1,-52.430164212798154
ETHUSDT,2024-02-14 16:00:00+00:00,-1,-298.1981611992691
ETHUSDT,2024-02-15 16:00:00+00:00,-1,-43.60598340103411
ETHUSDT,2024-02-20 00:00:00+00:00,-1,54.03144709773313
ETHUSDT,2024-02-20 16:00:00+00:00,-1,-375.9128957396456
ETHUSDT,2024-02-26 00:00:00+00:00,-1,63.10840863427416
ETHUSDT,2024-02-27 08:00:00+00:00,-1,-61.67552111402489
ETHUSDT,2024-02-29 08:00:00+00:00,-1,287.82289777756114
ETHUSDT,2024-03-05 08:00:00+00:00,-1,-0.21736580958907348
ETHUSDT,2024-04-15 08:00:00+00:00,1,-360.7241381186313
ETHUSDT,2024-04-16 16:00:00+00:00,1,106.59772393824923
ETHUSDT,2024-04-17 08:00:00+00:00,1,-269.89711585817133
ETHUSDT,2024-04-21 08:00:00+00:00,1,-110.47235280088337
ETHUSDT,2024-04-22 16:00:00+00:00,1,92.00810266589127
ETHUSDT,2024-05-21 08:00:00+00:00,-1,-320.82431901430124
ETHUSDT,2024-05-30 00:00:00+00:00,-1,50.20015652743362
ETHUSDT,2024-06-20 16:00:00+00:00,1,-174.21279954749707
ETHUSDT,2024-07-25 08:00:00+00:00,1,-79.54898292091345
ETHUSDT,2024-08-05 00:00:00+00:00,1,-795.8407860476974
ETHUSDT,2024-08-05 16:00:00+00:00,1,360.29712732829245
ETHUSDT,2024-08-06 08:00:00+00:00,1,274.69907280443897
ETHUSDT,2024-09-16 08:00:00+00:00,1,-133.59490440039946
ETHUSDT,2024-09-20 00:00:00+00:00,-1,-407.65467531751665
ETHUSDT,2024-09-20 16:00:00+00:00,-1,-92.65403659338818
ETHUSDT,2024-11-07 08:00:00+00:00,-1,-94.56268503283859
ETHUSDT,2024-11-10 16:00:00+00:00,-1,188.21141970609395
ETHUSDT,2024-11-12 08:00:00+00:00,-1,497.4914916162223
ETHUSDT,2024-12-15 16:00:00+00:00,1,95.23966078396788
ETHUSDT,2024-12-18 00:00:00+00:00,1,-117.96961635026891
ETHUSDT,2024-12-19 00:00:00+00:00,1,26.731896735444828
ETHUSDT,2024-12-22 16:00:00+00:00,1,-247.75570653128602
ETHUSDT,2024-12-23 08:00:00+00:00,1,166.64509423524552
ETHUSDT,2024-12-24 16:00:00+00:00,1,-1.5175827342099342
ETHUSDT,2024-12-25 16:00:00+00:00,1,68.9675323936242
ETHUSDT,2025-01-27 00:00:00+00:00,1,-482.8150388434617
ETHUSDT,2025-02-03 08:00:00+00:00,1,1009.0235389542988
ETHUSDT,2025-03-10 00:00:00+00:00,1,115.64293297285725
ETHUSDT,2025-04-09 00:00:00+00:00,1,237.67462107641427
ETHUSDT,2025-04-10 00:00:00+00:00,-1,319.98596942146804
ETHUSDT,2025-04-21 08:00:00+00:00,-1,353.58379076632684
ETHUSDT,2025-04-27 08:00:00+00:00,1,-91.73232718216968
ETHUSDT,2025-04-28 16:00:00+00:00,1,237.06457548451877
ETHUSDT,2025-06-21 00:00:00+00:00,1,114.80319328370868
ETHUSDT,2025-08-01 00:00:00+00:00,1,-208.9548573200089
ETHUSDT,2025-09-01 00:00:00+00:00,1,170.80351118966934
ETHUSDT,2025-09-04 08:00:00+00:00,1,79.5612129196184
ETHUSDT,2025-09-25 00:00:00+00:00,1,-475.5268526982778
ETHUSDT,2025-10-11 08:00:00+00:00,1,0.056439224238053615
ETHUSDT,2025-12-18 08:00:00+00:00,1,346.5390657830264
ETHUSDT,2026-01-22 16:00:00+00:00,1,14.460253350179695
ETHUSDT,2026-01-26 00:00:00+00:00,1,234.97289237027624
ETHUSDT,2026-02-01 00:00:00+00:00,1,-172.34974441152383
ETHUSDT,2026-02-06 00:00:00+00:00,1,27.314097892991388
ETHUSDT,2026-02-23 08:00:00+00:00,1,16.812909563496568
ETHUSDT,2026-03-16 00:00:00+00:00,-1,-579.7496471069544
ETHUSDT,2026-04-08 00:00:00+00:00,-1,-100.7717135818693
ETHUSDT,2026-04-19 16:00:00+00:00,1,-149.86791656748184
ETHUSDT,2026-06-07 08:00:00+00:00,1,-90.96250384012357
ETHUSDT,2026-07-03 08:00:00+00:00,-1,-92.30499681300765
ETHUSDT,2026-07-04 00:00:00+00:00,-1,-32.12404617761609
ETHUSDT,2026-07-27 00:00:00+00:00,-1,-122.79323199912353
ETHUSDT,2026-07-28 08:00:00+00:00,1,207.14206406444092
ETHUSDT,2026-08-03 00:00:00+00:00,-1,168.51551423988545
ETHUSDT,2026-09-10 00:00:00+00:00,1,13.686243626328368
ETHUSDT,2026-09-10 16:00:00+00:00,1,20.720073687246376
SOLUSDT,2022-01-21 16:00:00+00:00,1,-1076.603692329489
SOLUSDT,2022-01-22 16:00:00+00:00,1,672.5386469962955
SOLUSDT,2022-01-27 00:00:00+00:00,1,-308.27174670866475
SOLUSDT,2022-02-04 00:00:00+00:00,1,447.99952282171625
SOLUSDT,2022-04-09 08:00:00+00:00,1,-84.20380748805503
SOLUSDT,2022-04-23 16:00:00+00:00,1,-175.04561766852802
SOLUSDT,2022-04-28 16:00:00+00:00,1,-34.00734413622519
SOLUSDT,2022-05-01 00:00:00+00:00,1,500.60357996184734
SOLUSDT,2022-05-11 00:00:00+00:00,1,-2736.497159454816
SOLUSDT,2022-08-03 16:00:00+00:00,1,-372.73104772245404
SOLUSDT,2022-08-19 08:00:00+00:00,1,352.17009447634564
SOLUSDT,2022-08-27 00:00:00+00:00,1,53.58292574671478
SOLUSDT,2022-08-29 00:00:00+00:00,1,58.642971136655916
SOLUSDT,2022-10-13 16:00:00+00:00,1,207.34969972620368
SOLUSDT,2022-11-03 00:00:00+00:00,1,170.1111750754356
SOLUSDT,2022-11-08 00:00:00+00:00,1,106.95833504273763
SOLUSDT,2022-11-09 00:00:00+00:00,1,-3100.987676193563
SOLUSDT,2022-12-30 00:00:00+00:00,1,-792.5077594902586
SOLUSDT,2022-12-31 00:00:00+00:00,1,-121.67463278050548
SOLUSDT,2023-01-03 08:00:00+00:00,1,1490.3635432712963
SOLUSDT,2023-01-04 08:00:00+00:00,1,-205.76979392753665
SOLUSDT,2023-01-14 08:00:00+00:00,-1,258.60719864118516
SOLUSDT,2023-01-15 08:00:00+00:00,-1,-471.707795656139
SOLUSDT,2023-01-16 08:00:00+00:00,-1,-36.56102428869278
SOLUSDT,2023-01-30 00:00:00+00:00,-1,406.98013803520104
SOLUSDT,2023-03-18 08:00:00+00:00,-1,-5.065293748225492
SOLUSDT,2023-04-16 08:00:00+00:00,-1,-21.90161361985697
SOLUSDT,2023-04-17 00:00:00+00:00,-1,85.15003043508221
SOLUSDT,2023-05-09 00:00:00+00:00,1,-2.839583663829673
SOLUSDT,2023-06-10 08:00:00+00:00,1,435.6902092278425
SOLUSDT,2023-07-13 16:00:00+00:00,1,1570.3715634328573
SOLUSDT,2023-07-14 08:00:00+00:00,-1,574.1763926339638
SOLUSDT,2023-08-18 00:00:00+00:00,1,62.433223669029836
SOLUSDT,2023-08-29 16:00:00+00:00,1,-32.06486970893906
SOLUSDT,2023-09-10 08:00:00+00:00,1,-154.15631438521316
SOLUSDT,2023-09-19 16:00:00+00:00,-1,17.62058581878674
SOLUSDT,2023-10-14 08:00:00+00:00,1,-58.67271877875095
SOLUSDT,2023-10-20 08:00:00+00:00,1,-172.77438951098998
SOLUSDT,2023-11-06 16:00:00+00:00,-1,-383.83044461760346
SOLUSDT,2023-11-07 16:00:00+00:00,-1,-217.3893967072926
SOLUSDT,2023-11-09 16:00:00+00:00,-1,-5.324983972037201
SOLUSDT,2023-11-11 16:00:00+00:00,-1,158.75342904857237
SOLUSDT,2023-11-13 00:00:00+00:00,-1,-311.2191349776061
SOLUSDT,2023-12-04 08:00:00+00:00,-1,511.49341379026373
SOLUSDT,2023-12-08 00:00:00+00:00,-1,-298.4428217353978
SOLUSDT,2023-12-25 16:00:00+00:00,-1,250.9160494779538
SOLUSDT,2023-12-27 16:00:00+00:00,-1,-168.68181595519934
SOLUSDT,2023-12-28 08:00:00+00:00,-1,450.57742807541615
SOLUSDT,2024-01-02 16:00:00+00:00,-1,245.16748621036047
SOLUSDT,2024-01-26 16:00:00+00:00,1,-46.534297075916705
SOLUSDT,2024-01-28 08:00:00+00:00,1,88.77204425263265
SOLUSDT,2024-02-13 08:00:00+00:00,-1,528.2818454089843
SOLUSDT,2024-02-14 16:00:00+00:00,-1,-166.16178461097613
SOLUSDT,2024-02-16 08:00:00+00:00,-1,149.9049102258695
SOLUSDT,2024-02-17 08:00:00+00:00,-1,201.57027072466585
SOLUSDT,2024-02-20 00:00:00+00:00,-1,122.8751286893137
SOLUSDT,2024-02-26 00:00:00+00:00,-1,-285.69903844354127
SOLUSDT,2024-02-27 00:00:00+00:00,-1,349.5344411037921
SOLUSDT,2024-02-28 16:00:00+00:00,-1,-1204.8933609287387
SOLUSDT,2024-03-05 08:00:00+00:00,-1,-242.91583437540342
SOLUSDT,2024-03-17 08:00:00+00:00,1,332.87783025899165
SOLUSDT,2024-04-15 00:00:00+00:00,1,-588.655395695458
SOLUSDT,2024-04-16 00:00:00+00:00,1,-62.410450626703245
SOLUSDT,2024-05-04 00:00:00+00:00,1,40.11742771268062
SOLUSDT,2024-05-28 16:00:00+00:00,-1,-143.22202888858973
SOLUSDT,2024-06-05 00:00:00+00:00,-1,-127.15705244323429
SOLUSDT,2024-06-18 08:00:00+00:00,1,-289.4943560036348
SOLUSDT,2024-07-05 16:00:00+00:00,1,23.475385150445838
SOLUSDT,2024-07-06 16:00:00+00:00,1,-98.76194188142992
SOLUSDT,2024-08-07 08:00:00+00:00,1,-394.0540423351207
SOLUSDT,2024-08-18 16:00:00+00:00,1,-286.9730477057636
SOLUSDT,2024-10-11 16:00:00+00:00,1,90.96069511082588
SOLUSDT,2024-11-10 08:00:00+00:00,-1,-282.27109591262405
SOLUSDT,2024-11-12 08:00:00+00:00,-1,645.6298057098169
SOLUSDT,2024-12-05 08:00:00+00:00,-1,-175.2983406157011
SOLUSDT,2024-12-15 08:00:00+00:00,1,146.81578567600187
SOLUSDT,2024-12-17 08:00:00+00:00,1,441.0241770600895
SOLUSDT,2024-12-18 16:00:00+00:00,1,-345.81257542268355
SOLUSDT,2024-12-20 16:00:00+00:00,1,300.62451228873465
SOLUSDT,2025-01-20 00:00:00+00:00,1,1341.0357882613694
SOLUSDT,2025-02-27 16:00:00+00:00,-1,62.7884402985256
SOLUSDT,2025-03-30 00:00:00+00:00,1,-84.53639014781946
SOLUSDT,2025-07-05 00:00:00+00:00,1,-75.17443357630484
SOLUSDT,2025-07-21 16:00:00+00:00,-1,-135.3792688777201
SOLUSDT,2025-08-04 00:00:00+00:00,1,-55.39794960362071
SOLUSDT,2025-08-14 08:00:00+00:00,-1,491.4064701698138
SOLUSDT,2025-09-20 00:00:00+00:00,1,22.194066022559632
SOLUSDT,2025-09-22 16:00:00+00:00,1,-11.83449674178085
SOLUSDT,2025-09-25 00:00:00+00:00,1,-315.7635005147383
SOLUSDT,2025-09-30 08:00:00+00:00,1,-137.57546295440207
SOLUSDT,2025-10-11 00:00:00+00:00,1,-57.60705522002179
SOLUSDT,2026-01-18 08:00:00+00:00,1,-38.974612490806486
SOLUSDT,2026-01-26 00:00:00+00:00,1,245.41797604137363
SOLUSDT,2026-02-01 00:00:00+00:00,1,-17.85399425663416
SOLUSDT,2026-02-26 00:00:00+00:00,-1,136.03453698133862
SOLUSDT,2026-03-01 08:00:00+00:00,-1,128.59893636778335
SOLUSDT,2026-03-26 16:00:00+00:00,1,-249.7039807186767
SOLUSDT,2026-03-27 16:00:00+00:00,1,-28.957698610274562
SOLUSDT,2026-05-13 16:00:00+00:00,1,14.30945557634209
SOLUSDT,2026-05-16 16:00:00+00:00,1,-66.94854617711138
SOLUSDT,2026-05-23 16:00:00+00:00,1,203.02252712543867
SOLUSDT,2026-06-07 16:00:00+00:00,1,233.28503568794
SOLUSDT,2026-07-28 08:00:00+00:00,1,135.1142819690234
SOLUSDT,2026-08-31 00:00:00+00:00,1,95.79045236409418
BNBUSDT,2022-03-05 08:00:00+00:00,1,-3.471824853321019
BNBUSDT,2022-03-30 16:00:00+00:00,-1,-71.87905571474661
BNBUSDT,2022-04-25 16:00:00+00:00,1,187.75195475723794
BNBUSDT,2022-05-01 00:00:00+00:00,1,251.8822855781858
BNBUSDT,2022-05-04 00:00:00+00:00,1,134.47241558616298
BNBUSDT,2022-05-06 00:00:00+00:00,1,56.46174554910325
BNBUSDT,2022-05-12 00:00:00+00:00,1,293.07372743685124
BNBUSDT,2022-06-19 00:00:00+00:00,1,-77.31468700301197
BNBUSDT,2022-07-30 00:00:00+00:00,-1,121.76420523808164
BNBUSDT,2022-08-27 00:00:00+00:00,1,12.186472590009611
BNBUSDT,2022-09-07 00:00:00+00:00,1,42.49149196859666
BNBUSDT,2022-11-01 00:00:00+00:00,1,10.314026304532318
BNBUSDT,2022-11-03 00:00:00+00:00,1,474.53079867026827
BNBUSDT,2022-11-04 00:00:00+00:00,1,311.7836291024366
BNBUSDT,2022-11-05 08:00:00+00:00,1,-105.0231025889483
BNBUSDT,2022-11-08 08:00:00+00:00,1,1346.8461050487476
BNBUSDT,2022-11-10 08:00:00+00:00,1,910.8018366939219
BNBUSDT,2022-11-24 08:00:00+00:00,1,70.45046073397901
BNBUSDT,2022-11-25 16:00:00+00:00,1,102.97716183208357
BNBUSDT,2022-12-01 08:00:00+00:00,1,-228.3089873049965
BNBUSDT,2022-12-14 00:00:00+00:00,-1,39.95921088627518
BNBUSDT,2023-01-14 08:00:00+00:00,-1,294.35157057506564
BNBUSDT,2023-02-02 08:00:00+00:00,-1,39.135724041070546
BNBUSDT,2023-02-12 08:00:00+00:00,1,359.68913207618755
BNBUSDT,2023-02-13 16:00:00+00:00,1,208.23879374588407
BNBUSDT,2023-03-11 08:00:00+00:00,1,-130.70368870314135
BNBUSDT,2023-03-14 16:00:00+00:00,-1,163.52109036965047
BNBUSDT,2023-03-17 00:00:00+00:00,1,138.4307888651407
BNBUSDT,2023-03-18 00:00:00+00:00,1,-66.52757620599809
BNBUSDT,2023-03-19 00:00:00+00:00,1,6.052567587854644
BNBUSDT,2023-03-20 00:00:00+00:00,1,82.83198991409277
BNBUSDT,2023-04-14 08:00:00+00:00,-1,230.71283357285358
BNBUSDT,2023-04-15 16:00:00+00:00,-1,25.35108471796789
BNBUSDT,2023-04-16 16:00:00+00:00,-1,64.14269144780766
BNBUSDT,2023-04-24 08:00:00+00:00,1,82.70059129695133
BNBUSDT,2023-04-25 08:00:00+00:00,1,60.87202210167207
BNBUSDT,2023-04-27 00:00:00+00:00,1,-127.28571361437804
BNBUSDT,2023-04-28 08:00:00+00:00,1,43.30733392650311
BNBUSDT,2023-05-23 16:00:00+00:00,-1,15.351527642636157
BNBUSDT,2023-05-29 08:00:00+00:00,-1,76.13961507612181
BNBUSDT,2023-05-30 08:00:00+00:00,-1,2.619192772769551
BNBUSDT,2023-06-12 08:00:00+00:00,1,86.50190599453121
BNBUSDT,2023-07-02 16:00:00+00:00,-1,-94.06641229004354
BNBUSDT,2023-07-11 08:00:00+00:00,1,79.34408865819715
BNBUSDT,2023-07-13 00:00:00+00:00,1,106.87775689305404
BNBUSDT,2023-07-15 00:00:00+00:00,1,79.4576225106972
BNBUSDT,2023-07-17 00:00:00+00:00,1,72.14807671842647
BNBUSDT,2023-07-21 16:00:00+00:00,-1,-45.22906787172916
BNBUSDT,2023-08-16 16:00:00+00:00,1,-186.3845021044341
BNBUSDT,2023-08-18 00:00:00+00:00,1,-18.52807022328233
BNBUSDT,2023-08-21 16:00:00+00:00,1,76.49434655779967
BNBUSDT,2023-08-22 16:00:00+00:00,1,320.05535179389693
BNBUSDT,2023-09-19 16:00:00+00:00,-1,32.03944184671827
BNBUSDT,2023-09-26 08:00:00+00:00,-1,-17.831411485843027
BNBUSDT,2023-09-28 00:00:00+00:00,-1,-42.89211846457786
BNBUSDT,2023-10-01 08:00:00+00:00,-1,-125.37482031009039
BNBUSDT,2023-10-08 08:00:00+00:00,-1,-8.792573301632732
BNBUSDT,2023-10-17 08:00:00+00:00,-1,12.965094953293136
BNBUSDT,2023-10-20 08:00:00+00:00,-1,92.96868209835328
BNBUSDT,2023-10-21 16:00:00+00:00,-1,-30.080481094506766
BNBUSDT,2023-10-23 00:00:00+00:00,-1,-131.87721929803885
BNBUSDT,2023-10-24 00:00:00+00:00,-1,119.08114535567671
BNBUSDT,2023-10-25 16:00:00+00:00,-1,27.32722122442943
BNBUSDT,2023-10-26 08:00:00+00:00,-1,326.1750050943918
BNBUSDT,2023-11-01 16:00:00+00:00,1,212.17581616836895
BNBUSDT,2023-11-02 00:00:00+00:00,-1,-53.15124159829418
BNBUSDT,2023-11-18 08:00:00+00:00,1,44.07015608198487
BNBUSDT,2023-12-08 00:00:00+00:00,-1,-104.3713157285905
BNBUSDT,2023-12-09 00:00:00+00:00,-1,-6.384468621998245
BNBUSDT,2023-12-13 00:00:00+00:00,1,-99.37504393077792
BNBUSDT,2023-12-13 16:00:00+00:00,1,-12.074957014997885
BNBUSDT,2023-12-16 00:00:00+00:00,1,42.15195287859809
BNBUSDT,2023-12-20 00:00:00+00:00,1,103.5503323684808
BNBUSDT,2023-12-31 00:00:00+00:00,1,128.16466925831148
BNBUSDT,2024-01-15 08:00:00+00:00,-1,-84.19718935816522
BNBUSDT,2024-02-08 16:00:00+00:00,1,251.69999375479466
BNBUSDT,2024-02-13 00:00:00+00:00,1,-55.2829178523229
BNBUSDT,2024-02-19 08:00:00+00:00,-1,-39.07654949393886
BNBUSDT,2024-02-20 00:00:00+00:00,-1,100.89211035471197
BNBUSDT,2024-02-29 08:00:00+00:00,-1,287.9434730254331
BNBUSDT,2024-03-03 00:00:00+00:00,-1,63.06782699000198
BNBUSDT,2024-03-04 08:00:00+00:00,-1,130.69686787423103
BNBUSDT,2024-03-05 08:00:00+00:00,-1,257.45929431540617
BNBUSDT,2024-03-30 16:00:00+00:00,1,-74.74414410331583
BNBUSDT,2024-03-31 08:00:00+00:00,1,-32.0942408348892
BNBUSDT,2024-04-05 00:00:00+00:00,1,-145.49385024965005
BNBUSDT,2024-04-06 00:00:00+00:00,1,118.75284016648096
BNBUSDT,2024-04-07 08:00:00+00:00,1,-63.77014177858922
BNBUSDT,2024-04-13 08:00:00+00:00,1,-204.611564501774
BNBUSDT,2024-04-14 00:00:00+00:00,1,258.22801370137876
BNBUSDT,2024-04-16 00:00:00+00:00,1,-13.48675137760276
BNBUSDT,2024-05-14 16:00:00+00:00,1,-64.25944374817776
BNBUSDT,2024-05-21 08:00:00+00:00,-1,32.593309849715
BNBUSDT,2024-05-27 16:00:00+00:00,-1,139.587327961646
BNBUSDT,2024-06-01 08:00:00+00:00,-1,-29.982511305476116
BNBUSDT,2024-06-02 00:00:00+00:00,-1,65.63906210346758
BNBUSDT,2024-08-01 00:00:00+00:00,1,-128.01586082520043
BNBUSDT,2024-08-06 08:00:00+00:00,1,198.3594999883307
BNBUSDT,2024-08-23 00:00:00+00:00,1,-109.84914080877441
BNBUSDT,2024-08-23 16:00:00+00:00,1,-10.110886661662674
BNBUSDT,2024-09-10 00:00:00+00:00,-1,-84.59570826334993
BNBUSDT,2024-09-19 16:00:00+00:00,1,-173.9938651791393
BNBUSDT,2024-09-24 00:00:00+00:00,-1,-39.734023427460336
BNBUSDT,2024-10-09 00:00:00+00:00,1,-19.457555449300227
BNBUSDT,2024-10-21 08:00:00+00:00,-1,193.17690271212862
BNBUSDT,2024-10-30 00:00:00+00:00,-1,0.736307250731237
BNBUSDT,2024-11-07 08:00:00+00:00,-1,-50.235106048309994
BNBUSDT,2024-11-10 08:00:00+00:00,-1,-83.36746653272897
BNBUSDT,2024-11-12 00:00:00+00:00,-1,436.92874864819106
BNBUSDT,2024-11-15 00:00:00+00:00,1,-53.20877881597096
BNBUSDT,2024-11-17 16:00:00+00:00,1,-36.00885208397762
BNBUSDT,2024-12-03 08:00:00+00:00,-1,58.88933066091367
BNBUSDT,2024-12-20 16:00:00+00:00,1,185.8301085678802
BNBUSDT,2024-12-23 16:00:00+00:00,1,95.21031363763744
BNBUSDT,2024-12-26 16:00:00+00:00,1,-68.79465404449624
BNBUSDT,2025-01-08 00:00:00+00:00,1,-53.79303062620371
BNBUSDT,2025-01-19 08:00:00+00:00,-1,-115.60918880854598
BNBUSDT,2025-03-21 08:00:00+00:00,1,95.9973812764204
BNBUSDT,2025-04-01 16:00:00+00:00,1,-62.152077150947825
BNBUSDT,2025-05-11 08:00:00+00:00,-1,52.95663553624217
BNBUSDT,2025-05-12 16:00:00+00:00,-1,181.88633869316664
BNBUSDT,2025-07-12 08:00:00+00:00,-1,106.59146908855034
BNBUSDT,2025-07-14 08:00:00+00:00,-1,148.36683023729847
BNBUSDT,2025-07-18 08:00:00+00:00,-1,-114.82341462468176
BNBUSDT,2025-07-23 00:00:00+00:00,-1,422.70076307068365
BNBUSDT,2025-08-23 00:00:00+00:00,-1,-5.616674444090509
BNBUSDT,2025-08-25 00:00:00+00:00,1,-155.07776486629388
BNBUSDT,2025-09-29 08:00:00+00:00,-1,8.73657172730559
BNBUSDT,2025-10-03 00:00:00+00:00,-1,-106.4357164229023
BNBUSDT,2025-10-12 16:00:00+00:00,1,114.65593736800429
BNBUSDT,2025-10-13 08:00:00+00:00,1,-682.3996120705592
BNBUSDT,2025-10-20 16:00:00+00:00,1,32.4814043996398
BNBUSDT,2025-11-16 08:00:00+00:00,-1,315.70177975278483
BNBUSDT,2025-11-17 08:00:00+00:00,-1,144.29413659894342
BNBUSDT,2025-11-19 00:00:00+00:00,-1,47.0981685758351
BNBUSDT,2025-11-24 08:00:00+00:00,-1,72.94770456109579
BNBUSDT,2025-11-25 00:00:00+00:00,-1,129.45898696251714
BNBUSDT,2025-12-21 16:00:00+00:00,1,72.24596604319966
BNBUSDT,2025-12-28 16:00:00+00:00,-1,48.321514025955935
BNBUSDT,2026-01-07 16:00:00+00:00,1,26.38589856637936
BNBUSDT,2026-01-10 08:00:00+00:00,-1,-73.75410074536894
BNBUSDT,2026-01-11 00:00:00+00:00,-1,-128.21331425641495
BNBUSDT,2026-01-12 16:00:00+00:00,1,-6.256646641521171
BNBUSDT,2026-01-13 16:00:00+00:00,-1,-184.15100013101733
BNBUSDT,2026-02-19 16:00:00+00:00,1,131.11398966762147
BNBUSDT,2026-03-20 08:00:00+00:00,1,-104.5023941402614
BNBUSDT,2026-04-01 08:00:00+00:00,-1,18.113444838827615
BNBUSDT,2026-04-08 00:00:00+00:00,-1,68.22915658815157
BNBUSDT,2026-04-14 00:00:00+00:00,-1,-98.13016879219015
BNBUSDT,2026-05-12 16:00:00+00:00,-1,-248.79290801082007
BNBUSDT,2026-05-23 00:00:00+00:00,1,-176.41203496733837
BNBUSDT,2026-05-31 16:00:00+00:00,1,8.7238304059032
BNBUSDT,2026-07-03 16:00:00+00:00,-1,-156.20044456614244
BNBUSDT,2026-07-13 08:00:00+00:00,1,-89.28781788903501
BNBUSDT,2026-07-20 00:00:00+00:00,1,-84.22813687206674
BNBUSDT,2026-08-16 00:00:00+00:00,1,-16.04409416453366
BNBUSDT,2026-08-20 00:00:00+00:00,-1,-194.37591614958498
BNBUSDT,2026-08-21 16:00:00+00:00,-1,-268.35795186682043
BNBUSDT,2026-08-31 00:00:00+00:00,1,6.6570395028251586
BNBUSDT,2026-09-25 00:00:00+00:00,1,-39.39207721176529
XRPUSDT,2022-01-22 00:00:00+00:00,1,-571.1086348670855
XRPUSDT,2022-01-22 16:00:00+00:00,1,380.295740189994
XRPUSDT,2022-01-24 08:00:00+00:00,1,-293.0812163374833
XRPUSDT,2022-01-31 16:00:00+00:00,1,138.31469363565986
XRPUSDT,2022-02-15 08:00:00+00:00,1,-41.9357135603428
XRPUSDT,2022-02-18 08:00:00+00:00,1,-468.5615328384355
XRPUSDT,2022-02-22 08:00:00+00:00,1,121.7121873017495
XRPUSDT,2022-02-23 08:00:00+00:00,1,6.906621255421451
XRPUSDT,2022-04-16 00:00:00+00:00,1,-263.0094778965422
XRPUSDT,2022-04-17 00:00:00+00:00,1,87.86730075481545
XRPUSDT,2022-05-10 00:00:00+00:00,1,450.76256913791786
XRPUSDT,2022-05-12 00:00:00+00:00,1,-556.996638893731
XRPUSDT,2022-07-21 00:00:00+00:00,1,-190.36663257207573
XRPUSDT,2022-08-10 00:00:00+00:00,1,386.19602014019483
XRPUSDT,2022-08-19 08:00:00+00:00,1,29.385180050099084
XRPUSDT,2022-09-14 00:00:00+00:00,1,78.71152095206794
XRPUSDT,2022-09-28 00:00:00+00:00,1,-476.25651674752066
XRPUSDT,2022-11-09 00:00:00+00:00,1,-535.0628678385916
XRPUSDT,2022-11-10 00:00:00+00:00,1,510.0233962755374
XRPUSDT,2023-01-03 00:00:00+00:00,1,6.506151032374457
XRPUSDT,2023-02-10 00:00:00+00:00,1,54.01282526243859
XRPUSDT,2023-02-13 00:00:00+00:00,1,-285.9173148964749
XRPUSDT,2023-04-10 08:00:00+00:00,1,54.64400726588903
XRPUSDT,2023-04-19 16:00:00+00:00,1,-89.40728809607839
XRPUSDT,2023-04-27 00:00:00+00:00,1,-218.0213059317964
XRPUSDT,2023-06-10 08:00:00+00:00,1,-76.6394806180397
XRPUSDT,2023-06-15 00:00:00+00:00,1,-212.3929143473744
XRPUSDT,2023-06-16 16:00:00+00:00,1,344.1785040236002
XRPUSDT,2023-07-14 00:00:00+00:00,-1,-55.00056490103114
XRPUSDT,2023-07-14 16:00:00+00:00,-1,581.107497026083
XRPUSDT,2023-08-16 00:00:00+00:00,1,-166.25762839650812
XRPUSDT,2023-08-18 08:00:00+00:00,1,-159.24085302981243
XRPUSDT,2023-08-29 16:00:00+00:00,1,-116.40112874128504
XRPUSDT,2023-10-30 16:00:00+00:00,-1,105.39676967643952
XRPUSDT,2023-11-02 16:00:00+00:00,-1,32.61343612525443
XRPUSDT,2023-11-03 16:00:00+00:00,-1,-36.20557341107676
XRPUSDT,2023-11-05 08:00:00+00:00,-1,-445.08473111361906
XRPUSDT,2023-11-09 16:00:00+00:00,-1,-93.93434809630185
XRPUSDT,2023-11-10 08:00:00+00:00,-1,-82.2418317353681
XRPUSDT,2023-12-08 00:00:00+00:00,-1,-9.96457542170438
XRPUSDT,2023-12-22 00:00:00+00:00,-1,-65.27448645214066
XRPUSDT,2023-12-22 16:00:00+00:00,-1,-91.41426797599526
XRPUSDT,2023-12-25 16:00:00+00:00,-1,-72.21942418241414
XRPUSDT,2023-12-27 16:00:00+00:00,-1,-102.46693700594784
XRPUSDT,2023-12-28 08:00:00+00:00,-1,122.08154323917222
XRPUSDT,2024-01-31 08:00:00+00:00,1,-9.549403073872181
XRPUSDT,2024-02-13 08:00:00+00:00,-1,176.3840547622474
XRPUSDT,2024-02-15 08:00:00+00:00,-1,-279.55565340060053
XRPUSDT,2024-02-16 08:00:00+00:00,-1,69.2385328792511
XRPUSDT,2024-02-19 08:00:00+00:00,-1,20.393040441834245
XRPUSDT,2024-02-20 00:00:00+00:00,-1,-117.50137096457216
XRPUSDT,2024-02-27 08:00:00+00:00,-1,-198.65704928388405
XRPUSDT,2024-02-29 08:00:00+00:00,-1,-256.72306558614156
XRPUSDT,2024-03-02 08:00:00+00:00,-1,26.93080037590315
XRPUSDT,2024-04-14 00:00:00+00:00,1,407.8885677791285
XRPUSDT,2024-04-15 00:00:00+00:00,1,303.23631869612154
XRPUSDT,2024-04-17 00:00:00+00:00,1,-279.17134208580353
XRPUSDT,2024-04-20 16:00:00+00:00,1,44.813973332465636
XRPUSDT,2024-04-29 00:00:00+00:00,1,6.985115064111372
XRPUSDT,2024-05-27 16:00:00+00:00,-1,107.4758970243449
XRPUSDT,2024-05-28 16:00:00+00:00,-1,3.8331081823493984
XRPUSDT,2024-05-29 16:00:00+00:00,-1,57.41261006125188
XRPUSDT,2024-06-01 08:00:00+00:00,-1,-8.43106443058878
XRPUSDT,2024-06-06 16:00:00+00:00,-1,66.88806221157297
XRPUSDT,2024-06-07 16:00:00+00:00,-1,407.5579936328265
XRPUSDT,2024-06-19 00:00:00+00:00,1,-88.02777769981427
XRPUSDT,2024-06-20 08:00:00+00:00,1,-143.45478678409992
XRPUSDT,2024-07-05 00:00:00+00:00,1,10.828923081910467
XRPUSDT,2024-07-08 08:00:00+00:00,1,-219.7377678155513
XRPUSDT,2024-07-26 16:00:00+00:00,1,51.40391242418354
XRPUSDT,2024-08-26 00:00:00+00:00,1,-31.866227583588184
XRPUSDT,2024-08-27 00:00:00+00:00,1,-3.4136721582352396
XRPUSDT,2024-08-28 08:00:00+00:00,1,-52.90000517040946
XRPUSDT,2024-11-10 08:00:00+00:00,-1,-168.4910764006805
XRPUSDT,2024-11-12 00:00:00+00:00,-1,-1203.3431589707723
XRPUSDT,2024-11-12 16:00:00+00:00,-1,-348.80464083225
XRPUSDT,2024-12-05 08:00:00+00:00,-1,588.3133885098774
XRPUSDT,2024-12-11 00:00:00+00:00,1,123.06879484457932
XRPUSDT,2024-12-11 16:00:00+00:00,1,-190.68241659508743
XRPUSDT,2024-12-16 00:00:00+00:00,1,-278.30436376464905
XRPUSDT,2024-12-16 16:00:00+00:00,1,-287.87810426739424
XRPUSDT,2024-12-19 00:00:00+00:00,1,18.72408170790661
XRPUSDT,2025-01-27 16:00:00+00:00,1,374.79570161315297
XRPUSDT,2025-02-03 08:00:00+00:00,1,1032.6352873902895
XRPUSDT,2025-02-26 00:00:00+00:00,1,54.75219781501731
XRPUSDT,2025-03-30 08:00:00+00:00,1,-342.1162273933966
XRPUSDT,2025-04-03 00:00:00+00:00,1,-65.89411729692809
XRPUSDT,2025-04-06 00:00:00+00:00,-1,215.3329668922307
XRPUSDT,2025-04-07 16:00:00+00:00,1,142.86872128411113
XRPUSDT,2025-04-12 16:00:00+00:00,-1,-94.22673740644774
XRPUSDT,2025-06-06 00:00:00+00:00,1,182.74727742534756
XRPUSDT,2025-07-18 00:00:00+00:00,-1,585.0989903525747
XRPUSDT,2025-08-01 00:00:00+00:00,1,-247.09238523029998
XRPUSDT,2025-10-11 00:00:00+00:00,-1,-443.83494205304004
XRPUSDT,2025-10-11 08:00:00+00:00,1,-35.90529474661917
XRPUSDT,2025-11-14 00:00:00+00:00,1,-13.45186120580816
XRPUSDT,2025-12-13 00:00:00+00:00,1,108.21641083080083
XRPUSDT,2025-12-15 00:00:00+00:00,1,38.645360489743226
XRPUSDT,2025-12-16 00:00:00+00:00,1,-21.767370364636882
XRPUSDT,2026-01-31 00:00:00+00:00,1,-252.01549796301072
XRPUSDT,2026-02-06 08:00:00+00:00,1,1154.2074165433987
XRPUSDT,2026-02-26 00:00:00+00:00,-1,9.198537995731758
XRPUSDT,2026-03-05 00:00:00+00:00,-1,44.809717160511646
XRPUSDT,2026-04-02 16:00:00+00:00,1,77.72853741990778
XRPUSDT,2026-05-22 16:00:00+00:00,1,-160.66981923396153
XRPUSDT,2026-05-28 08:00:00+00:00,1,254.1377764173739
XRPUSDT,2026-06-03 00:00:00+00:00,1,142.47579410758044
XRPUSDT,2026-06-07 08:00:00+00:00,1,-161.35682335068543
XRPUSDT,2026-07-10 08:00:00+00:00,-1,50.26610706676751
XRPUSDT,2026-07-11 00:00:00+00:00,-1,-43.29422827583559
XRPUSDT,2026-07-22 00:00:00+00:00,-1,85.33504328039173
XRPUSDT,2026-07-28 08:00:00+00:00,1,58.3602331023935
XRPUSDT,2026-07-29 08:00:00+00:00,-1,148.15686782687843
XRPUSDT,2026-08-15 00:00:00+00:00,1,-2.211942777352869
DOGEUSDT,2022-01-22 16:00:00+00:00,1,672.0731340302999
DOGEUSDT,2022-02-24 08:00:00+00:00,1,510.5019630517701
DOGEUSDT,2022-04-12 00:00:00+00:00,1,279.47786654084314
DOGEUSDT,2022-04-25 08:00:00+00:00,1,1722.4567775686933
DOGEUSDT,2022-05-10 00:00:00+00:00,1,764.3447220060162
DOGEUSDT,2022-05-11 16:00:00+00:00,1,104.0121257993877
DOGEUSDT,2022-07-13 16:00:00+00:00,1,268.3981803100664
DOGEUSDT,2022-08-22 08:00:00+00:00,1,147.20065391978414
DOGEUSDT,2022-08-28 00:00:00+00:00,1,0.16004142966040935
DOGEUSDT,2022-08-31 00:00:00+00:00,1,82.98005109482206
DOGEUSDT,2022-09-01 08:00:00+00:00,1,115.14988154565944
DOGEUSDT,2022-09-07 00:00:00+00:00,1,86.06594550815319
DOGEUSDT,2022-10-29 08:00:00+00:00,1,2866.3036418352544
DOGEUSDT,2022-11-09 00:00:00+00:00,1,-25.43272319006618
DOGEUSDT,2022-12-12 08:00:00+00:00,1,49.04427006914914
DOGEUSDT,2022-12-17 00:00:00+00:00,1,88.83258227202789
DOGEUSDT,2023-01-14 08:00:00+00:00,-1,492.0187705392329
DOGEUSDT,2023-02-10 00:00:00+00:00,1,79.2552678050348
DOGEUSDT,2023-02-11 00:00:00+00:00,1,-1.6301722237480358
DOGEUSDT,2023-02-25 00:00:00+00:00,1,6.9270639578053075
DOGEUSDT,2023-02-27 00:00:00+00:00,1,-126.93116811959334
DOGEUSDT,2023-03-02 16:00:00+00:00,1,37.73436374383917
DOGEUSDT,2023-03-10 00:00:00+00:00,1,6.6360890237398324
DOGEUSDT,2023-03-15 00:00:00+00:00,-1,-39.139498901318476
DOGEUSDT,2023-04-14 08:00:00+00:00,-1,337.93868598786065
DOGEUSDT,2023-04-17 00:00:00+00:00,-1,-638.8295052072302
DOGEUSDT,2023-04-17 16:00:00+00:00,-1,-85.76045388303932
DOGEUSDT,2023-04-22 00:00:00+00:00,1,78.26671712506261
DOGEUSDT,2023-05-09 00:00:00+00:00,1,-6.899751317734878
DOGEUSDT,2023-06-06 00:00:00+00:00,1,7.993770438040953
DOGEUSDT,2023-06-10 16:00:00+00:00,1,151.87446659500745
DOGEUSDT,2023-06-29 00:00:00+00:00,1,48.188880482786416
DOGEUSDT,2023-08-16 00:00:00+00:00,1,-141.76132260154907
DOGEUSDT,2023-08-18 00:00:00+00:00,1,229.82676148800945
DOGEUSDT,2023-10-09 16:00:00+00:00,1,11.253437605218114
DOGEUSDT,2023-10-29 08:00:00+00:00,-1,-17.03871926293069
DOGEUSDT,2023-10-31 00:00:00+00:00,-1,99.56583281417663
DOGEUSDT,2023-11-11 16:00:00+00:00,-1,444.2554866081726
DOGEUSDT,2023-12-08 00:00:00+00:00,-1,-65.14134369580881
DOGEUSDT,2023-12-09 08:00:00+00:00,-1,148.33780489341453
DOGEUSDT,2023-12-26 00:00:00+00:00,-1,134.61594451661583
DOGEUSDT,2023-12-28 08:00:00+00:00,-1,166.23481283832652
DOGEUSDT,2024-01-02 16:00:00+00:00,-1,39.06476626033113
DOGEUSDT,2024-02-13 08:00:00+00:00,-1,275.64808997286855
DOGEUSDT,2024-02-14 00:00:00+00:00,-1,-226.063828487303
DOGEUSDT,2024-02-14 16:00:00+00:00,-1,-206.75472054672815
DOGEUSDT,2024-02-19 16:00:00+00:00,-1,-292.4722789508798
DOGEUSDT,2024-02-26 00:00:00+00:00,-1,44.38179896699529
DOGEUSDT,2024-02-27 08:00:00+00:00,-1,-518.2797102828183
DOGEUSDT,2024-02-29 08:00:00+00:00,-1,-157.99932464708303
DOGEUSDT,2024-03-02 08:00:00+00:00,-1,563.4678715875161
DOGEUSDT,2024-03-05 08:00:00+00:00,-1,755.2680110945292
DOGEUSDT,2024-04-15 00:00:00+00:00,1,-393.3339669520533
DOGEUSDT,2024-04-16 08:00:00+00:00,1,54.339540187693295
DOGEUSDT,2024-04-18 00:00:00+00:00,1,-244.5313628461557
DOGEUSDT,2024-04-26 00:00:00+00:00,1,65.92800208875076
DOGEUSDT,2024-05-01 00:00:00+00:00,1,-561.9351805084102
DOGEUSDT,2024-05-02 00:00:00+00:00,1,41.8660279126937
DOGEUSDT,2024-05-23 00:00:00+00:00,-1,401.6070648940395
DOGEUSDT,2024-05-29 08:00:00+00:00,-1,-2.695488084305201
DOGEUSDT,2024-06-03 08:00:00+00:00,-1,102.61548893617402
DOGEUSDT,2024-06-05 08:00:00+00:00,-1,26.88290152716366
DOGEUSDT,2024-06-16 16:00:00+00:00,1,24.923998287008356
DOGEUSDT,2024-06-19 00:00:00+00:00,1,139.52196520406065
DOGEUSDT,2024-06-20 08:00:00+00:00,1,-193.09190413273288
DOGEUSDT,2024-06-29 16:00:00+00:00,1,-94.34526783863949
DOGEUSDT,2024-07-05 16:00:00+00:00,1,378.08245051147634
DOGEUSDT,2024-08-06 08:00:00+00:00,1,119.75639653345662
DOGEUSDT,2024-08-16 00:00:00+00:00,1,104.22506268010268
DOGEUSDT,2024-09-02 00:00:00+00:00,1,31.83052574851226
DOGEUSDT,2024-11-07 08:00:00+00:00,-1,-43.58608814770691
DOGEUSDT,2024-11-10 08:00:00+00:00,-1,-2440.8418313313964
DOGEUSDT,2024-11-12 08:00:00+00:00,-1,1671.4831588528461
DOGEUSDT,2024-11-18 08:00:00+00:00,-1,77.30034526513427
DOGEUSDT,2024-11-19 08:00:00+00:00,-1,-406.00756459770474
DOGEUSDT,2024-11-23 08:00:00+00:00,-1,658.0924758021914
DOGEUSDT,2024-12-05 08:00:00+00:00,-1,-14.39857095151418
DOGEUSDT,2024-12-11 00:00:00+00:00,1,208.6922251298914
DOGEUSDT,2024-12-15 08:00:00+00:00,1,106.56192001037259
DOGEUSDT,2024-12-19 00:00:00+00:00,1,-93.80964412057288
DOGEUSDT,2024-12-20 00:00:00+00:00,1,-414.0809283915467
DOGEUSDT,2025-01-08 00:00:00+00:00,1,-109.47341125532337
DOGEUSDT,2025-01-10 00:00:00+00:00,1,76.72129655786813
DOGEUSDT,2025-04-15 00:00:00+00:00,1,19.990147120397822
DOGEUSDT,2025-05-24 16:00:00+00:00,1,-285.1165690935764
DOGEUSDT,2025-07-05 00:00:00+00:00,1,27.471093889020548
DOGEUSDT,2025-08-06 00:00:00+00:00,1,84.99137167923011
DOGEUSDT,2025-08-15 00:00:00+00:00,1,323.9822040439199
DOGEUSDT,2025-08-26 00:00:00+00:00,1,101.61078391109008
DOGEUSDT,2025-09-30 16:00:00+00:00,1,156.9984576695679
DOGEUSDT,2025-10-11 00:00:00+00:00,-1,-49.72352227612442
DOGEUSDT,2025-10-11 08:00:00+00:00,1,-143.24659413275174
DOGEUSDT,2025-12-16 00:00:00+00:00,1,-28.90372107225047
DOGEUSDT,2026-01-26 00:00:00+00:00,1,79.89350441501189
DOGEUSDT,2026-01-30 00:00:00+00:00,1,-266.74388120620074
DOGEUSDT,2026-01-31 16:00:00+00:00,1,62.6536652023251
DOGEUSDT,2026-02-26 00:00:00+00:00,-1,77.61389879051953
DOGEUSDT,2026-03-03 16:00:00+00:00,1,150.49002015681612
DOGEUSDT,2026-03-05 00:00:00+00:00,-1,236.99244637922374
DOGEUSDT,2026-06-07 08:00:00+00:00,1,-99.49267247206453
DOGEUSDT,2026-06-23 08:00:00+00:00,1,-40.19403756555959
DOGEUSDT,2026-06-24 16:00:00+00:00,1,251.04270370849542
DOGEUSDT,2026-07-23 16:00:00+00:00,1,39.66020401249496
DOGEUSDT,2026-09-10 00:00:00+00:00,1,-49.219199921666025
ADAUSDT,2022-01-11 00:00:00+00:00,1,145.76947988964776
ADAUSDT,2022-01-12 00:00:00+00:00,1,188.89169627166996
ADAUSDT,2022-01-21 00:00:00+00:00,1,-247.9751889352477
ADAUSDT,2022-01-22 16:00:00+00:00,1,241.7966482017107
ADAUSDT,2022-01-25 00:00:00+00:00,1,-215.08990202512518
ADAUSDT,2022-01-25 16:00:00+00:00,1,-97.53277902202407
ADAUSDT,2022-01-31 00:00:00+00:00,1,347.4651158960539
ADAUSDT,2022-02-22 16:00:00+00:00,1,104.93093920897876
ADAUSDT,2022-02-24 16:00:00+00:00,1,428.8290478009812
ADAUSDT,2022-04-14 00:00:00+00:00,1,-42.40505715237475
ADAUSDT,2022-04-14 16:00:00+00:00,1,153.95885707360492
ADAUSDT,2022-04-18 16:00:00+00:00,1,373.59206794830743
ADAUSDT,2022-05-09 16:00:00+00:00,1,-116.87023522448867
ADAUSDT,2022-05-12 00:00:00+00:00,1,-152.6935459496001
ADAUSDT,2022-06-13 08:00:00+00:00,1,693.2089073417283
ADAUSDT,2022-08-19 08:00:00+00:00,1,63.14578732264129
ADAUSDT,2022-08-20 16:00:00+00:00,1,322.0238021970558
ADAUSDT,2022-08-22 00:00:00+00:00,1,-400.57924324674974
ADAUSDT,2022-09-22 00:00:00+00:00,1,400.6227092713524
ADAUSDT,2022-10-13 16:00:00+00:00,1,5.763022819064417
ADAUSDT,2022-12-12 00:00:00+00:00,1,-108.481645922148
ADAUSDT,2022-12-13 08:00:00+00:00,1,413.01596200548323
ADAUSDT,2022-12-16 16:00:00+00:00,1,-638.9823356144002
ADAUSDT,2022-12-21 08:00:00+00:00,1,-115.00071025778591
ADAUSDT,2022-12-30 00:00:00+00:00,1,-157.9251320994831
ADAUSDT,2022-12-31 16:00:00+00:00,1,-196.90895625078267
ADAUSDT,2023-01-14 08:00:00+00:00,-1,419.62473510536375
ADAUSDT,2023-02-11 00:00:00+00:00,1,13.171565061970073
ADAUSDT,2023-02-16 00:00:00+00:00,1,-137.5120869112526
ADAUSDT,2023-03-01 00:00:00+00:00,1,322.85196281532336
ADAUSDT,2023-03-10 00:00:00+00:00,1,-1.397847934956789
ADAUSDT,2023-03-15 00:00:00+00:00,-1,0.02457278631452526
ADAUSDT,2023-05-03 16:00:00+00:00,1,222.21372187154222
ADAUSDT,2023-05-06 16:00:00+00:00,1,48.96595499472147
ADAUSDT,2023-05-10 16:00:00+00:00,1,-155.5067106412162
ADAUSDT,2023-05-20 08:00:00+00:00,1,-44.342212229073624
ADAUSDT,2023-06-10 16:00:00+00:00,1,506.1908488064208
ADAUSDT,2023-08-16 00:00:00+00:00,1,-118.63424138616156
ADAUSDT,2023-08-17 00:00:00+00:00,1,57.940117983348216
ADAUSDT,2023-08-18 00:00:00+00:00,1,184.56086629272727
ADAUSDT,2023-09-21 00:00:00+00:00,1,-125.71702223663121
ADAUSDT,2023-11-02 00:00:00+00:00,-1,61.72723622728511
ADAUSDT,2023-11-09 16:00:00+00:00,-1,-171.18663761774076
ADAUSDT,2023-11-11 16:00:00+00:00,-1,419.65145482329086
ADAUSDT,2023-12-03 00:00:00+00:00,-1,91.16623188281
ADAUSDT,2023-12-04 08:00:00+00:00,-1,272.31418350199255
ADAUSDT,2023-12-25 16:00:00+00:00,-1,239.99502794245697
ADAUSDT,2023-12-28 08:00:00+00:00,-1,430.33998005487933
ADAUSDT,2024-02-06 08:00:00+00:00,1,-22.271239095789415
ADAUSDT,2024-02-13 00:00:00+00:00,-1,67.42704276707968
ADAUSDT,2024-02-14 16:00:00+00:00,-1,-216.95663662363825
ADAUSDT,2024-02-16 00:00:00+00:00,-1,111.74981174810452
ADAUSDT,2024-02-18 00:00:00+00:00,-1,-236.09972946211138
ADAUSDT,2024-02-26 16:00:00+00:00,-1,-103.89417026931257
ADAUSDT,2024-02-29 08:00:00+00:00,-1,206.0844088766128
ADAUSDT,2024-03-02 08:00:00+00:00,-1,143.382923063393
ADAUSDT,2024-03-05 08:00:00+00:00,-1,367.03270383114454
ADAUSDT,2024-04-14 00:00:00+00:00,1,759.2039582380983
ADAUSDT,2024-04-19 00:00:00+00:00,1,230.8846334644595
ADAUSDT,2024-04-20 08:00:00+00:00,1,-15.087376330566745
ADAUSDT,2024-05-28 00:00:00+00:00,-1,179.67766008980414
ADAUSDT,2024-05-29 00:00:00+00:00,-1,-65.82564702788184
ADAUSDT,2024-05-29 16:00:00+00:00,-1,83.4853092461928
ADAUSDT,2024-06-01 00:00:00+00:00,-1,-57.63952174092639
ADAUSDT,2024-06-01 16:00:00+00:00,-1,7.8030430552387
ADAUSDT,2024-06-03 08:00:00+00:00,-1,100.2021546474784
ADAUSDT,2024-06-07 08:00:00+00:00,-1,-259.76355071525757
ADAUSDT,2024-06-15 00:00:00+00:00,1,9.369041568141016
ADAUSDT,2024-06-18 08:00:00+00:00,1,196.9665851911731
ADAUSDT,2024-07-06 16:00:00+00:00,1,-22.56040538627855
ADAUSDT,2024-08-16 00:00:00+00:00,1,397.4990295513167
ADAUSDT,2024-11-10 08:00:00+00:00,-1,-332.94404976252576
ADAUSDT,2024-11-12 08:00:00+00:00,-1,1314.3000172092345
ADAUSDT,2024-12-02 00:00:00+00:00,-1,559.880221777921
ADAUSDT,2024-12-05 08:00:00+00:00,-1,351.58498577512904
ADAUSDT,2024-12-17 08:00:00+00:00,1,101.00517223135176
ADAUSDT,2024-12-18 08:00:00+00:00,1,3.226630400464353
ADAUSDT,2024-12-20 00:00:00+00:00,1,-507.23948205644564
ADAUSDT,2024-12-21 00:00:00+00:00,1,244.45084752317626
ADAUSDT,2025-01-27 16:00:00+00:00,1,230.42219530052336
ADAUSDT,2025-02-02 00:00:00+00:00,1,-185.29555265950756
ADAUSDT,2025-02-03 00:00:00+00:00,1,259.7097609976156
ADAUSDT,2025-03-07 08:00:00+00:00,1,-501.9007979692375
ADAUSDT,2025-03-17 00:00:00+00:00,1,156.29709007811275
ADAUSDT,2025-05-04 16:00:00+00:00,1,-87.03109972154694
ADAUSDT,2025-06-06 00:00:00+00:00,1,558.3996265247907
ADAUSDT,2025-06-13 08:00:00+00:00,1,84.79912902872842
ADAUSDT,2025-08-11 16:00:00+00:00,1,-186.3148400991459
ADAUSDT,2025-08-14 08:00:00+00:00,-1,798.9788399969387
ADAUSDT,2025-08-16 16:00:00+00:00,1,-20.093691729687354
ADAUSDT,2025-08-20 08:00:00+00:00,1,140.9117775879196
ADAUSDT,2025-10-06 00:00:00+00:00,1,184.0714807940213
ADAUSDT,2025-10-11 00:00:00+00:00,1,439.40426951067366
ADAUSDT,2025-12-01 08:00:00+00:00,1,-422.94251518118887
ADAUSDT,2025-12-10 08:00:00+00:00,1,-382.2926968454926
ADAUSDT,2025-12-25 16:00:00+00:00,1,-316.3766562662177
ADAUSDT,2026-01-01 00:00:00+00:00,1,114.77259967504175
ADAUSDT,2026-02-01 00:00:00+00:00,1,22.704067922058368
ADAUSDT,2026-02-06 16:00:00+00:00,1,-200.29668272116896
ADAUSDT,2026-03-14 16:00:00+00:00,1,29.823456906471808
ADAUSDT,2026-03-22 16:00:00+00:00,1,-135.27220147276896
ADAUSDT,2026-04-12 16:00:00+00:00,1,-21.655976080460213
ADAUSDT,2026-05-28 08:00:00+00:00,1,174.29400976581096
ADAUSDT,2026-06-17 00:00:00+00:00,1,-186.78030322113938
ADAUSDT,2026-06-19 08:00:00+00:00,1,-15.837331880532382
ADAUSDT,2026-06-21 08:00:00+00:00,1,14.18142752695006
ADAUSDT,2026-07-28 00:00:00+00:00,1,130.805891409322
ADAUSDT,2026-09-05 08:00:00+00:00,1,197.92732231538736
ADAUSDT,2026-09-15 08:00:00+00:00,1,-150.9527098977857
AVAXUSDT,2022-01-21 08:00:00+00:00,1,-331.48063179871104
AVAXUSDT,2022-01-23 08:00:00+00:00,1,-251.5350589454639
AVAXUSDT,2022-01-24 08:00:00+00:00,1,-374.03655891848166
AVAXUSDT,2022-01-27 16:00:00+00:00,1,-219.34242384153876
AVAXUSDT,2022-02-08 08:00:00+00:00,1,-432.6814885004674
AVAXUSDT,2022-04-08 00:00:00+00:00,1,142.03165890484618
AVAXUSDT,2022-05-01 00:00:00+00:00,1,350.7491139482925
AVAXUSDT,2022-05-11 08:00:00+00:00,1,-1131.3551017623272
AVAXUSDT,2022-05-12 08:00:00+00:00,1,1875.6167779708887
AVAXUSDT,2022-06-18 08:00:00+00:00,1,27.88074181328497
AVAXUSDT,2022-08-19 08:00:00+00:00,1,157.437636582742
AVAXUSDT,2022-08-20 16:00:00+00:00,1,-115.6687680673728
AVAXUSDT,2022-08-27 08:00:00+00:00,1,-205.1647741247964
AVAXUSDT,2022-08-29 16:00:00+00:00,1,55.38280283274728
AVAXUSDT,2022-09-03 00:00:00+00:00,1,-67.91587682785396
AVAXUSDT,2022-09-22 00:00:00+00:00,1,609.7649901112769
AVAXUSDT,2022-11-08 08:00:00+00:00,1,410.9119034423121
AVAXUSDT,2022-11-09 00:00:00+00:00,1,-274.3225189684078
AVAXUSDT,2022-11-10 00:00:00+00:00,1,740.498484977776
AVAXUSDT,2023-01-12 00:00:00+00:00,1,-251.5682557851776
AVAXUSDT,2023-01-14 08:00:00+00:00,-1,613.4966288435694
AVAXUSDT,2023-01-15 08:00:00+00:00,-1,-411.94502133269555
AVAXUSDT,2023-01-21 08:00:00+00:00,-1,-72.87228958230762
AVAXUSDT,2023-02-02 08:00:00+00:00,-1,-97.51947876521217
AVAXUSDT,2023-02-11 08:00:00+00:00,1,84.82531290628985
AVAXUSDT,2023-02-13 00:00:00+00:00,1,-203.04076143632366
AVAXUSDT,2023-03-03 08:00:00+00:00,1,-0.5469703030195201
AVAXUSDT,2023-03-10 00:00:00+00:00,1,-6.240561344730642
AVAXUSDT,2023-04-15 16:00:00+00:00,-1,-85.13805047371322
AVAXUSDT,2023-04-17 00:00:00+00:00,-1,-368.2914147561377
AVAXUSDT,2023-04-22 00:00:00+00:00,1,165.43284774735403
AVAXUSDT,2023-04-23 00:00:00+00:00,1,68.8636234310507
AVAXUSDT,2023-06-10 08:00:00+00:00,1,47.69825566162727
AVAXUSDT,2023-08-13 16:00:00+00:00,1,-39.036679972420565
AVAXUSDT,2023-08-16 00:00:00+00:00,1,-131.88633671877895
AVAXUSDT,2023-08-18 00:00:00+00:00,1,235.11913614401684
AVAXUSDT,2023-10-31 00:00:00+00:00,-1,-39.236120106546196
AVAXUSDT,2023-11-02 00:00:00+00:00,-1,117.9951048104434
AVAXUSDT,2023-11-09 16:00:00+00:00,-1,-131.85181187241557
AVAXUSDT,2023-11-11 00:00:00+00:00,-1,223.9985543758039
AVAXUSDT,2023-12-06 00:00:00+00:00,-1,96.38839871594506
AVAXUSDT,2023-12-09 00:00:00+00:00,-1,-313.493005197692
AVAXUSDT,2023-12-24 00:00:00+00:00,-1,-173.40059650802326
AVAXUSDT,2023-12-26 00:00:00+00:00,-1,241.05588025453594
AVAXUSDT,2023-12-28 08:00:00+00:00,-1,539.5512875824024
AVAXUSDT,2024-01-24 16:00:00+00:00,1,-135.74778816740772
AVAXUSDT,2024-01-26 16:00:00+00:00,1,-143.47633778847543
AVAXUSDT,2024-01-28 00:00:00+00:00,1,659.7409927109724
AVAXUSDT,2024-02-13 08:00:00+00:00,-1,622.0541018618496
AVAXUSDT,2024-02-14 16:00:00+00:00,-1,-152.17967129365908
AVAXUSDT,2024-02-20 00:00:00+00:00,-1,2.448189950267259
AVAXUSDT,2024-02-26 00:00:00+00:00,-1,122.32040494554981
AVAXUSDT,2024-02-26 16:00:00+00:00,-1,18.54428251225139
AVAXUSDT,2024-02-29 08:00:00+00:00,-1,454.88948368120674
AVAXUSDT,2024-03-02 08:00:00+00:00,-1,7.853644714416741
AVAXUSDT,2024-03-05 08:00:00+00:00,-1,183.2882051403172
AVAXUSDT,2024-04-14 00:00:00+00:00,1,834.7260827062693
AVAXUSDT,2024-04-15 00:00:00+00:00,1,247.57844657547642
AVAXUSDT,2024-04-23 00:00:00+00:00,1,-348.22933416531333
AVAXUSDT,2024-05-23 00:00:00+00:00,-1,505.8251155521049
AVAXUSDT,2024-05-29 00:00:00+00:00,-1,-12.747824352910241
AVAXUSDT,2024-05-29 16:00:00+00:00,-1,217.6135649102483
AVAXUSDT,2024-06-01 16:00:00+00:00,-1,-25.05802942802374
AVAXUSDT,2024-06-15 00:00:00+00:00,1,1.9625833368678018
AVAXUSDT,2024-06-18 08:00:00+00:00,1,-235.20241097348736
AVAXUSDT,2024-06-19 00:00:00+00:00,1,159.9964463981124
AVAXUSDT,2024-07-05 08:00:00+00:00,1,865.1062777698987
AVAXUSDT,2024-07-26 08:00:00+00:00,1,121.51729025136142
AVAXUSDT,2024-07-28 16:00:00+00:00,1,454.20246250081874
AVAXUSDT,2024-07-30 00:00:00+00:00,1,-48.490293670813855
AVAXUSDT,2024-08-06 08:00:00+00:00,1,353.5970480326639
AVAXUSDT,2024-09-08 08:00:00+00:00,-1,171.3258238970087
AVAXUSDT,2024-09-19 08:00:00+00:00,-1,-219.73148655491832
AVAXUSDT,2024-10-04 00:00:00+00:00,1,391.5452098937413
AVAXUSDT,2024-10-04 16:00:00+00:00,1,-35.740869938650064
AVAXUSDT,2024-11-10 16:00:00+00:00,-1,-178.75368267660966
AVAXUSDT,2024-11-12 00:00:00+00:00,-1,406.5245750980304
AVAXUSDT,2024-12-07 00:00:00+00:00,-1,49.6697188041173
AVAXUSDT,2024-12-15 16:00:00+00:00,1,261.4477878304041
AVAXUSDT,2024-12-19 08:00:00+00:00,1,-31.350113651013952
AVAXUSDT,2024-12-20 00:00:00+00:00,1,-621.8943528207282
AVAXUSDT,2024-12-20 16:00:00+00:00,1,336.0051908621428
AVAXUSDT,2025-01-13 08:00:00+00:00,1,-266.7895575559246
AVAXUSDT,2025-02-03 08:00:00+00:00,1,1218.9209601784435
AVAXUSDT,2025-03-04 08:00:00+00:00,1,-171.95873586009418
AVAXUSDT,2025-04-15 16:00:00+00:00,1,-377.7092654268853
AVAXUSDT,2025-05-30 08:00:00+00:00,1,-224.13762415439908
AVAXUSDT,2025-08-16 00:00:00+00:00,1,-52.70954333638088
AVAXUSDT,2025-08-18 08:00:00+00:00,1,-26.32965638156081
AVAXUSDT,2025-10-02 16:00:00+00:00,1,160.08614065986828
AVAXUSDT,2025-10-04 16:00:00+00:00,1,307.55752784131516
AVAXUSDT,2025-10-06 00:00:00+00:00,1,115.5771388857382
AVAXUSDT,2025-10-11 08:00:00+00:00,1,-995.5424501192905
AVAXUSDT,2025-10-12 16:00:00+00:00,1,145.20692993714965
AVAXUSDT,2025-11-14 00:00:00+00:00,1,-105.30525028849654
AVAXUSDT,2026-01-29 16:00:00+00:00,1,38.70032111863329
AVAXUSDT,2026-02-14 16:00:00+00:00,-1,-160.96782694101793
AVAXUSDT,2026-02-17 00:00:00+00:00,-1,85.87614269701712
AVAXUSDT,2026-02-18 00:00:00+00:00,-1,-46.79417976871034
AVAXUSDT,2026-04-07 08:00:00+00:00,1,-150.4223315937204
AVAXUSDT,2026-06-14 08:00:00+00:00,1,-201.71173474982237
AVAXUSDT,2026-06-18 08:00:00+00:00,1,-515.2113767657958
AVAXUSDT,2026-06-27 00:00:00+00:00,-1,-66.05948404225468
AVAXUSDT,2026-08-12 00:00:00+00:00,1,-121.15552559053309
LINKUSDT,2022-01-22 16:00:00+00:00,1,356.8647161352275
LINKUSDT,2022-02-03 00:00:00+00:00,1,41.18415886681081
LINKUSDT,2022-02-24 16:00:00+00:00,1,618.2559035753306
LINKUSDT,2022-04-13 08:00:00+00:00,1,17.1441909296174
LINKUSDT,2022-04-15 00:00:00+00:00,1,184.9465210013842
LINKUSDT,2022-05-06 08:00:00+00:00,1,-33.727009062019825
LINKUSDT,2022-05-11 16:00:00+00:00,1,-169.1022677859511
LINKUSDT,2022-05-12 08:00:00+00:00,1,1194.547950600992
LINKUSDT,2022-06-12 08:00:00+00:00,1,-1142.7246937382984
LINKUSDT,2022-06-13 16:00:00+00:00,1,-389.464546962562
LINKUSDT,2022-08-14 16:00:00+00:00,1,50.32076459458308
LINKUSDT,2022-08-17 08:00:00+00:00,1,-406.0002110567943
LINKUSDT,2022-08-19 16:00:00+00:00,1,-239.57347653104725
LINKUSDT,2022-08-21 00:00:00+00:00,1,276.1552989136836
LINKUSDT,2022-08-29 00:00:00+00:00,1,113.05611665548706
LINKUSDT,2022-11-09 00:00:00+00:00,1,-1035.1380001055238
LINKUSDT,2022-11-09 16:00:00+00:00,1,70.0050345689901
LINKUSDT,2023-01-14 08:00:00+00:00,-1,395.55051872712454
LINKUSDT,2023-02-02 08:00:00+00:00,-1,-82.35609447710364
LINKUSDT,2023-02-13 00:00:00+00:00,1,-266.8042225873105
LINKUSDT,2023-03-10 00:00:00+00:00,1,6.662064492863571
LINKUSDT,2023-03-12 16:00:00+00:00,1,833.3245006413023
LINKUSDT,2023-04-17 08:00:00+00:00,-1,2.575398125834634
LINKUSDT,2023-04-18 16:00:00+00:00,-1,104.7053934186937
LINKUSDT,2023-04-23 00:00:00+00:00,1,52.21073032513997
LINKUSDT,2023-05-21 00:00:00+00:00,1,-76.67555647626364
LINKUSDT,2023-06-10 16:00:00+00:00,1,343.8084945961725
LINKUSDT,2023-08-18 00:00:00+00:00,1,44.159726577323816
LINKUSDT,2023-08-29 16:00:00+00:00,1,-168.88924453724727
LINKUSDT,2023-11-02 00:00:00+00:00,-1,433.4046632144346
LINKUSDT,2023-11-04 00:00:00+00:00,-1,64.33652846682601
LINKUSDT,2023-11-05 08:00:00+00:00,-1,195.7156647959133
LINKUSDT,2023-11-09 16:00:00+00:00,-1,99.87588055629482
LINKUSDT,2023-12-28 00:00:00+00:00,-1,564.2332278563779
LINKUSDT,2024-01-08 16:00:00+00:00,1,318.69890743821156
LINKUSDT,2024-01-26 16:00:00+00:00,1,-31.446086818501502
LINKUSDT,2024-02-09 00:00:00+00:00,1,179.0338318138515
LINKUSDT,2024-02-09 16:00:00+00:00,1,15.16309113572558
LINKUSDT,2024-02-15 00:00:00+00:00,-1,169.96614283263187
LINKUSDT,2024-02-16 00:00:00+00:00,-1,213.83073687451375
LINKUSDT,2024-02-18 00:00:00+00:00,-1,-8.709524900285242
LINKUSDT,2024-02-20 00:00:00+00:00,-1,109.50200089051437
LINKUSDT,2024-02-27 08:00:00+00:00,-1,73.20052296782453
LINKUSDT,2024-02-28 00:00:00+00:00,-1,-184.37076116461455
LINKUSDT,2024-02-28 16:00:00+00:00,-1,170.93774433064797
LINKUSDT,2024-02-29 08:00:00+00:00,-1,415.66904810082065
LINKUSDT,2024-03-02 08:00:00+00:00,-1,-192.50892293946984
LINKUSDT,2024-03-05 08:00:00+00:00,-1,202.07599449277907
LINKUSDT,2024-04-14 00:00:00+00:00,1,560.6405936637599
LINKUSDT,2024-04-15 00:00:00+00:00,1,353.58291052501284
LINKUSDT,2024-04-17 00:00:00+00:00,1,-37.10889960518076
LINKUSDT,2024-04-19 00:00:00+00:00,1,105.81187495312525
LINKUSDT,2024-04-23 00:00:00+00:00,1,-79.03052978035521
LINKUSDT,2024-05-28 00:00:00+00:00,-1,165.62516139445472
LINKUSDT,2024-06-16 08:00:00+00:00,1,189.51187744543248
LINKUSDT,2024-06-18 08:00:00+00:00,1,-244.75546923118566
LINKUSDT,2024-06-19 00:00:00+00:00,1,154.54373196645807
LINKUSDT,2024-06-23 08:00:00+00:00,1,-216.24561453897496
LINKUSDT,2024-07-05 08:00:00+00:00,1,881.2267937123428
LINKUSDT,2024-08-05 16:00:00+00:00,1,941.1089902806665
LINKUSDT,2024-08-10 00:00:00+00:00,1,60.57864124170516
LINKUSDT,2024-08-11 00:00:00+00:00,1,-158.2826384774537
LINKUSDT,2024-11-03 16:00:00+00:00,1,-344.2235960835361
LINKUSDT,2024-11-07 08:00:00+00:00,-1,-102.69076794335874
LINKUSDT,2024-11-10 08:00:00+00:00,-1,9.255130901357056
LINKUSDT,2024-11-12 08:00:00+00:00,-1,821.4648995002857
LINKUSDT,2024-12-03 00:00:00+00:00,-1,-198.36024166063788
LINKUSDT,2024-12-04 08:00:00+00:00,-1,-27.618943978458265
LINKUSDT,2024-12-05 08:00:00+00:00,-1,-129.61434245424533
LINKUSDT,2024-12-19 08:00:00+00:00,1,-142.5044129378728
LINKUSDT,2024-12-20 16:00:00+00:00,1,271.52788389398245
LINKUSDT,2024-12-21 08:00:00+00:00,1,-649.8542965962109
LINKUSDT,2024-12-28 16:00:00+00:00,1,-8.255453377222786
LINKUSDT,2025-01-09 00:00:00+00:00,1,-314.6632717938628
LINKUSDT,2025-01-10 08:00:00+00:00,1,-236.01614632772026
LINKUSDT,2025-01-25 16:00:00+00:00,1,-7.247623461515669
LINKUSDT,2025-02-02 00:00:00+00:00,1,-781.6219039187323
LINKUSDT,2025-02-03 08:00:00+00:00,1,885.1351564182507
LINKUSDT,2025-02-18 16:00:00+00:00,1,172.719489463464
LINKUSDT,2025-03-10 16:00:00+00:00,1,-302.70126175134334
LINKUSDT,2025-04-30 16:00:00+00:00,1,224.21333684862302
LINKUSDT,2025-05-25 16:00:00+00:00,1,498.2060494345851
LINKUSDT,2025-05-31 00:00:00+00:00,1,21.069224786949466
LINKUSDT,2025-06-06 00:00:00+00:00,1,154.27034712583134
LINKUSDT,2025-07-29 00:00:00+00:00,1,157.58200689149206
LINKUSDT,2025-08-29 08:00:00+00:00,1,8.294301334063288
LINKUSDT,2025-09-22 08:00:00+00:00,1,-52.12848929984623
LINKUSDT,2025-10-08 00:00:00+00:00,1,-3.5742207439282137
LINKUSDT,2025-10-11 00:00:00+00:00,1,338.47681277506416
LINKUSDT,2025-11-13 00:00:00+00:00,1,400.4716612178035
LINKUSDT,2025-11-14 00:00:00+00:00,1,-40.219842693078554
LINKUSDT,2026-01-21 08:00:00+00:00,1,-257.3653040511757
LINKUSDT,2026-03-05 16:00:00+00:00,1,13.117080576669279
LINKUSDT,2026-03-06 16:00:00+00:00,1,73.82218494642348
LINKUSDT,2026-03-14 16:00:00+00:00,1,106.07004756293777
LINKUSDT,2026-03-18 16:00:00+00:00,1,-65.23223482428554
LINKUSDT,2026-03-27 16:00:00+00:00,1,-44.70011524452843
LINKUSDT,2026-04-09 08:00:00+00:00,1,182.3699920676357
LINKUSDT,2026-04-12 08:00:00+00:00,1,-98.64303688724074
LINKUSDT,2026-08-28 16:00:00+00:00,1,-28.168128148107495
LTCUSDT,2022-01-11 00:00:00+00:00,1,170.7809323711659
LTCUSDT,2022-01-12 00:00:00+00:00,1,36.42636190476524
LTCUSDT,2022-01-15 08:00:00+00:00,1,24.6787763029951
LTCUSDT,2022-01-19 00:00:00+00:00,1,-522.8502511241655
LTCUSDT,2022-01-21 08:00:00+00:00,1,-157.2506131919812
LTCUSDT,2022-01-31 00:00:00+00:00,1,359.434902608379
LTCUSDT,2022-03-05 08:00:00+00:00,1,120.59140856510187
LTCUSDT,2022-04-13 16:00:00+00:00,1,29.350875265526916
LTCUSDT,2022-04-22 08:00:00+00:00,1,-62.93206530620186
LTCUSDT,2022-05-11 16:00:00+00:00,1,-515.3936901215045
LTCUSDT,2022-05-12 08:00:00+00:00,1,1050.1982679635032
LTCUSDT,2022-06-12 08:00:00+00:00,1,187.98448211606214
LTCUSDT,2022-06-13 08:00:00+00:00,1,382.2977629626276
LTCUSDT,2022-06-14 00:00:00+00:00,1,450.3088755978374
LTCUSDT,2022-08-19 16:00:00+00:00,1,-126.24892513966739
LTCUSDT,2022-11-09 00:00:00+00:00,1,-91.51837546703266
LTCUSDT,2022-11-10 00:00:00+00:00,1,280.2341115990884
LTCUSDT,2022-12-18 00:00:00+00:00,1,-36.45575386762812
LTCUSDT,2023-01-02 00:00:00+00:00,1,693.6971016641035
LTCUSDT,2023-01-14 08:00:00+00:00,-1,241.11184635663187
LTCUSDT,2023-02-10 08:00:00+00:00,1,-119.46811396928246
LTCUSDT,2023-02-11 16:00:00+00:00,1,-65.87263979195639
LTCUSDT,2023-02-12 16:00:00+00:00,1,-301.7373748465786
LTCUSDT,2023-03-03 08:00:00+00:00,1,30.04220241682865
LTCUSDT,2023-03-10 00:00:00+00:00,1,-357.6028567161474
LTCUSDT,2023-03-10 16:00:00+00:00,1,-609.1020844738765
LTCUSDT,2023-03-12 16:00:00+00:00,1,1378.260921705024
LTCUSDT,2023-04-17 00:00:00+00:00,-1,-175.5309270585904
LTCUSDT,2023-05-01 00:00:00+00:00,1,-126.31362517939709
LTCUSDT,2023-06-10 16:00:00+00:00,1,360.35138047091067
LTCUSDT,2023-06-15 00:00:00+00:00,1,-152.51565558678573
LTCUSDT,2023-07-03 16:00:00+00:00,-1,-11.239176650808085
LTCUSDT,2023-07-13 16:00:00+00:00,1,147.1196701528518
LTCUSDT,2023-08-16 00:00:00+00:00,1,-57.48233158840212
LTCUSDT,2023-08-19 00:00:00+00:00,1,-72.21345648742256
LTCUSDT,2023-08-19 16:00:00+00:00,1,-89.17606860188349
LTCUSDT,2023-11-01 00:00:00+00:00,-1,96.24108061637372
LTCUSDT,2023-11-02 00:00:00+00:00,-1,247.70167769233336
LTCUSDT,2023-11-11 16:00:00+00:00,-1,204.29333396276925
LTCUSDT,2023-12-04 08:00:00+00:00,-1,123.65296657044989
LTCUSDT,2023-12-22 00:00:00+00:00,-1,-5.066327847351071
LTCUSDT,2023-12-27 16:00:00+00:00,-1,-116.62592802664389
LTCUSDT,2023-12-28 08:00:00+00:00,-1,132.43600125088105
LTCUSDT,2024-01-02 00:00:00+00:00,-1,298.0423662066585
LTCUSDT,2024-02-15 00:00:00+00:00,-1,111.90805600909567
LTCUSDT,2024-02-16 00:00:00+00:00,-1,4.6780165350253515
LTCUSDT,2024-02-20 00:00:00+00:00,-1,52.94878521399196
LTCUSDT,2024-02-24 08:00:00+00:00,-1,-98.00201863417504
LTCUSDT,2024-02-26 00:00:00+00:00,-1,31.564864354225794
LTCUSDT,2024-02-27 00:00:00+00:00,-1,-258.48953072410876
LTCUSDT,2024-02-29 08:00:00+00:00,-1,-169.73518781830177
LTCUSDT,2024-03-02 08:00:00+00:00,-1,-201.07373844573027
LTCUSDT,2024-03-05 08:00:00+00:00,-1,383.0023162060176
LTCUSDT,2024-04-16 08:00:00+00:00,1,-28.434817170163473
LTCUSDT,2024-04-18 16:00:00+00:00,1,-149.419145155503
LTCUSDT,2024-04-22 16:00:00+00:00,1,64.33830398568726
LTCUSDT,2024-04-23 16:00:00+00:00,1,20.29710708348226
LTCUSDT,2024-04-28 00:00:00+00:00,1,68.09654119234347
LTCUSDT,2024-05-29 16:00:00+00:00,-1,27.078601453199564
LTCUSDT,2024-05-30 08:00:00+00:00,-1,-263.3792255430746
LTCUSDT,2024-06-01 16:00:00+00:00,-1,-2.646350116610839
LTCUSDT,2024-06-05 08:00:00+00:00,-1,-98.40300598147903
LTCUSDT,2024-06-06 08:00:00+00:00,-1,-24.923588696848903
LTCUSDT,2024-06-18 08:00:00+00:00,1,-94.06289817909983
LTCUSDT,2024-06-21 00:00:00+00:00,1,-254.40039966623948
LTCUSDT,2024-07-05 08:00:00+00:00,1,561.1440169659168
LTCUSDT,2024-08-28 00:00:00+00:00,1,69.32496741375859
LTCUSDT,2024-09-08 00:00:00+00:00,1,-24.777298246801546
LTCUSDT,2024-11-10 08:00:00+00:00,-1,-136.68143333239806
LTCUSDT,2024-11-12 00:00:00+00:00,-1,438.469115568597
LTCUSDT,2024-11-23 08:00:00+00:00,-1,402.89908745914386
LTCUSDT,2024-12-02 00:00:00+00:00,-1,853.6715818204945
LTCUSDT,2024-12-05 08:00:00+00:00,-1,-616.9669399527538
LTCUSDT,2024-12-21 00:00:00+00:00,1,274.4815079404669
LTCUSDT,2024-12-22 00:00:00+00:00,1,-70.25246975464727
LTCUSDT,2024-12-28 08:00:00+00:00,1,1.1962780513164253
LTCUSDT,2025-01-11 16:00:00+00:00,1,26.51044803338098
LTCUSDT,2025-02-03 08:00:00+00:00,1,529.8895866463301
LTCUSDT,2025-03-03 16:00:00+00:00,1,-1008.1801275303126
LTCUSDT,2025-04-06 16:00:00+00:00,1,-1096.1525556484985
LTCUSDT,2025-05-06 00:00:00+00:00,1,-108.9127469708884
LTCUSDT,2025-05-20 16:00:00+00:00,1,81.6469994061393
LTCUSDT,2025-07-02 00:00:00+00:00,1,101.48573571421427
LTCUSDT,2025-08-17 00:00:00+00:00,1,158.30437225236895
LTCUSDT,2025-08-25 16:00:00+00:00,1,-152.15262324430967
LTCUSDT,2025-10-11 00:00:00+00:00,-1,-325.4000395059356
LTCUSDT,2025-10-12 08:00:00+00:00,1,354.5500205651871
LTCUSDT,2025-10-15 00:00:00+00:00,1,107.55643001687515
LTCUSDT,2025-10-18 00:00:00+00:00,1,18.49513605941743
LTCUSDT,2025-10-28 16:00:00+00:00,1,-288.663648023419
LTCUSDT,2026-01-28 16:00:00+00:00,1,-4.713720000838204
LTCUSDT,2026-01-29 16:00:00+00:00,1,4.848123772915203
LTCUSDT,2026-01-31 16:00:00+00:00,1,-81.12802544932315
LTCUSDT,2026-02-22 08:00:00+00:00,1,-193.7558075101296
LTCUSDT,2026-03-11 00:00:00+00:00,1,-9.207425348410725
LTCUSDT,2026-04-12 08:00:00+00:00,1,-30.51014131102132
LTCUSDT,2026-05-03 08:00:00+00:00,1,64.55445517356598
LTCUSDT,2026-06-07 16:00:00+00:00,1,256.9283051343563
LTCUSDT,2026-06-20 08:00:00+00:00,1,38.450148904956336
LTCUSDT,2026-06-21 08:00:00+00:00,1,108.99810240651205
LTCUSDT,2026-06-26 00:00:00+00:00,1,126.00904540790124
LTCUSDT,2026-06-27 00:00:00+00:00,1,180.3251723299828
LTCUSDT,2026-07-02 08:00:00+00:00,-1,-145.56273184050949
LTCUSDT,2026-07-14 00:00:00+00:00,1,-44.764669718383765
LTCUSDT,2026-08-05 00:00:00+00:00,1,-60.676605345885115
DOTUSDT,2022-01-18 00:00:00+00:00,1,-406.15258723451564
DOTUSDT,2022-01-21 08:00:00+00:00,1,-1304.5097792259357
DOTUSDT,2022-01-22 16:00:00+00:00,1,440.82323591299786
DOTUSDT,2022-02-24 08:00:00+00:00,1,995.971290279977
DOTUSDT,2022-03-30 08:00:00+00:00,-1,-54.11536014445493
DOTUSDT,2022-03-31 16:00:00+00:00,-1,-142.05694497663674
DOTUSDT,2022-04-02 08:00:00+00:00,-1,-324.61764494362126
DOTUSDT,2022-04-03 08:00:00+00:00,-1,9.826617806974925
DOTUSDT,2022-04-12 16:00:00+00:00,1,-52.13709373354763
DOTUSDT,2022-04-28 00:00:00+00:00,1,63.77505427556874
DOTUSDT,2022-05-01 08:00:00+00:00,1,227.54201831480404
DOTUSDT,2022-05-09 16:00:00+00:00,1,-107.45002774139179
DOTUSDT,2022-05-11 16:00:00+00:00,1,192.22921228614626
DOTUSDT,2022-05-31 00:00:00+00:00,-1,-10.8314292455499
DOTUSDT,2022-05-31 16:00:00+00:00,-1,17.316799491721135
DOTUSDT,2022-06-13 08:00:00+00:00,1,773.1417285465651
DOTUSDT,2022-07-16 00:00:00+00:00,-1,142.9523277324266
DOTUSDT,2022-07-17 08:00:00+00:00,-1,237.53729294945643
DOTUSDT,2022-07-21 16:00:00+00:00,-1,-180.24509125573624
DOTUSDT,2022-07-27 00:00:00+00:00,1,16.85696240952864
DOTUSDT,2022-07-28 08:00:00+00:00,-1,-325.0414596867165
DOTUSDT,2022-08-01 00:00:00+00:00,-1,37.527108318488985
DOTUSDT,2022-08-03 00:00:00+00:00,1,438.5615681819447
DOTUSDT,2022-08-10 16:00:00+00:00,-1,-19.99308853681961
DOTUSDT,2022-09-05 08:00:00+00:00,-1,4.681149308419395
DOTUSDT,2022-09-22 00:00:00+00:00,1,443.0793224592723
DOTUSDT,2022-10-10 00:00:00+00:00,-1,318.20601226924566
DOTUSDT,2022-10-26 00:00:00+00:00,-1,-161.03458523128168
DOTUSDT,2022-11-09 00:00:00+00:00,1,-70.81209758949922
DOTUSDT,2023-01-23 16:00:00+00:00,1,127.67592532074414
DOTUSDT,2023-02-18 08:00:00+00:00,-1,31.91924965646121
DOTUSDT,2023-03-03 08:00:00+00:00,1,-26.011631038671116
DOTUSDT,2023-03-10 00:00:00+00:00,1,-34.59591675690182
DOTUSDT,2023-04-22 16:00:00+00:00,1,22.38795365188265
DOTUSDT,2023-06-06 00:00:00+00:00,1,-8.942356001663047
DOTUSDT,2023-06-10 08:00:00+00:00,1,5.426033974999056
DOTUSDT,2023-08-08 00:00:00+00:00,1,-9.485726235055676
DOTUSDT,2023-08-16 00:00:00+00:00,1,-80.0775232640178
DOTUSDT,2023-08-18 00:00:00+00:00,1,79.2425184823952
DOTUSDT,2023-09-25 16:00:00+00:00,-1,-7.632668993458773
DOTUSDT,2023-10-04 16:00:00+00:00,1,33.37007844382852
DOTUSDT,2023-10-09 16:00:00+00:00,1,68.79078739699759
DOTUSDT,2023-10-26 08:00:00+00:00,-1,490.87065001194753
DOTUSDT,2023-11-02 00:00:00+00:00,-1,96.93282262479109
DOTUSDT,2023-12-08 00:00:00+00:00,-1,-80.04867630785056
DOTUSDT,2023-12-09 08:00:00+00:00,-1,305.82422548544474
DOTUSDT,2023-12-21 16:00:00+00:00,-1,-121.44854440767463
DOTUSDT,2023-12-29 00:00:00+00:00,-1,126.06732375978198
DOTUSDT,2024-01-02 00:00:00+00:00,-1,-48.08083944073317
DOTUSDT,2024-01-23 16:00:00+00:00,1,156.47782386622202
DOTUSDT,2024-01-29 16:00:00+00:00,1,25.09591498381227
DOTUSDT,2024-01-30 08:00:00+00:00,1,-71.02253216103334
DOTUSDT,2024-02-16 00:00:00+00:00,-1,-42.13784354992
DOTUSDT,2024-02-18 00:00:00+00:00,-1,-11.851158999270405
DOTUSDT,2024-02-20 00:00:00+00:00,-1,229.19165034045054
DOTUSDT,2024-02-27 00:00:00+00:00,-1,-20.53550672328491
DOTUSDT,2024-02-28 16:00:00+00:00,-1,196.09921069897473
DOTUSDT,2024-02-29 16:00:00+00:00,-1,347.9532341139567
DOTUSDT,2024-03-02 08:00:00+00:00,-1,-179.766425996431
DOTUSDT,2024-03-05 16:00:00+00:00,-1,698.1849693970819
DOTUSDT,2024-04-13 00:00:00+00:00,1,-113.72954896391487
DOTUSDT,2024-04-14 00:00:00+00:00,1,767.5602489081849
DOTUSDT,2024-05-27 16:00:00+00:00,-1,389.3352930130302
DOTUSDT,2024-06-02 08:00:00+00:00,-1,-9.245098119808992
DOTUSDT,2024-06-03 08:00:00+00:00,-1,70.69590915033776
DOTUSDT,2024-06-05 00:00:00+00:00,-1,-36.851190076949145
DOTUSDT,2024-06-06 08:00:00+00:00,-1,-79.92308684170398
DOTUSDT,2024-06-08 16:00:00+00:00,1,-100.74374651339551
DOTUSDT,2024-06-18 08:00:00+00:00,1,-334.9241314719738
DOTUSDT,2024-07-05 08:00:00+00:00,1,982.063285794668
DOTUSDT,2024-08-05 08:00:00+00:00,1,1172.9832710192825
DOTUSDT,2024-08-06 08:00:00+00:00,1,400.843031883677
DOTUSDT,2024-08-07 00:00:00+00:00,1,62.78207296333046
DOTUSDT,2024-11-04 08:00:00+00:00,1,-3.54560298231759
DOTUSDT,2024-11-10 16:00:00+00:00,-1,408.86526374735206
DOTUSDT,2024-11-12 00:00:00+00:00,-1,483.8588862193217
DOTUSDT,2024-12-03 08:00:00+00:00,-1,610.5836783679935
DOTUSDT,2024-12-04 16:00:00+00:00,-1,25.128015688753795
DOTUSDT,2024-12-11 00:00:00+00:00,1,325.84736680727326
DOTUSDT,2024-12-11 16:00:00+00:00,1,-125.62238032116456
DOTUSDT,2024-12-20 16:00:00+00:00,1,387.00327267464826
DOTUSDT,2024-12-28 16:00:00+00:00,1,57.36505729678733
DOTUSDT,2024-12-30 16:00:00+00:00,1,102.72325589531634
DOTUSDT,2025-01-09 00:00:00+00:00,1,-234.0081982948648
DOTUSDT,2025-02-03 08:00:00+00:00,1,758.7132356650719
DOTUSDT,2025-03-10 00:00:00+00:00,1,177.87192921688532
DOTUSDT,2025-03-11 00:00:00+00:00,1,626.663406317677
DOTUSDT,2025-04-22 08:00:00+00:00,1,279.7385969073802
DOTUSDT,2025-05-24 08:00:00+00:00,1,-73.74345583614968
DOTUSDT,2025-05-30 00:00:00+00:00,1,-145.9637051856396
DOTUSDT,2025-05-31 08:00:00+00:00,1,277.61446285789
DOTUSDT,2025-08-19 08:00:00+00:00,1,-176.14212239713385
DOTUSDT,2025-08-26 00:00:00+00:00,1,105.6608440146406
DOTUSDT,2025-10-11 00:00:00+00:00,1,1092.0359551647077
DOTUSDT,2025-11-11 00:00:00+00:00,-1,254.05423192700408
DOTUSDT,2025-11-11 16:00:00+00:00,-1,490.4231505528391
DOTUSDT,2026-01-25 16:00:00+00:00,1,-56.64838304475001
DOTUSDT,2026-01-29 16:00:00+00:00,1,-52.84510572565382
DOTUSDT,2026-02-06 16:00:00+00:00,1,-168.25554851511268
DOTUSDT,2026-02-20 08:00:00+00:00,1,398.54150000393923
DOTUSDT,2026-02-22 16:00:00+00:00,1,-338.25952677561196
DOTUSDT,2026-03-14 00:00:00+00:00,1,-280.2846136740306
DOTUSDT,2026-04-14 00:00:00+00:00,1,-211.51256605663792
DOTUSDT,2026-04-15 00:00:00+00:00,1,-122.83264757228446
DOTUSDT,2026-05-28 08:00:00+00:00,1,131.8843702173824
DOTUSDT,2026-06-06 08:00:00+00:00,1,-124.65729831093213
DOTUSDT,2026-07-13 00:00:00+00:00,1,-139.83279046212832
DOTUSDT,2026-07-19 00:00:00+00:00,1,11.7606287703091
DOTUSDT,2026-07-23 08:00:00+00:00,1,-149.72035002250482
DOTUSDT,2026-08-18 08:00:00+00:00,1,211.0944428292324
TRXUSDT,2022-01-14 00:00:00+00:00,1,89.70514233203929
TRXUSDT,2022-01-19 08:00:00+00:00,1,370.1219817722982
TRXUSDT,2022-01-21 00:00:00+00:00,1,-211.6084762517569
TRXUSDT,2022-01-21 16:00:00+00:00,1,-1273.0543119077258
TRXUSDT,2022-01-31 08:00:00+00:00,1,280.04990480637497
TRXUSDT,2022-02-22 08:00:00+00:00,1,185.29582781609892
TRXUSDT,2022-02-24 08:00:00+00:00,1,157.4080263033781
TRXUSDT,2022-04-18 08:00:00+00:00,1,79.90352103394795
TRXUSDT,2022-04-26 16:00:00+00:00,1,-159.88570893254186
TRXUSDT,2022-04-30 16:00:00+00:00,1,-11.685106221844002
TRXUSDT,2022-05-10 00:00:00+00:00,1,277.95625729798513
TRXUSDT,2022-05-11 00:00:00+00:00,1,542.371818540991
TRXUSDT,2022-06-13 08:00:00+00:00,1,450.5458291540812
TRXUSDT,2022-06-15 08:00:00+00:00,1,822.2391316956675
TRXUSDT,2022-07-15 00:00:00+00:00,-1,-103.26826519874113
TRXUSDT,2022-07-17 00:00:00+00:00,-1,-2.5833214643498046
TRXUSDT,2022-07-20 08:00:00+00:00,-1,38.00288060933866
TRXUSDT,2022-07-28 16:00:00+00:00,-1,-136.78956244967816
TRXUSDT,2022-07-30 08:00:00+00:00,-1,-137.91523477712298
TRXUSDT,2022-08-27 00:00:00+00:00,1,43.62628120913877
TRXUSDT,2022-11-09 00:00:00+00:00,1,29.749124125255445
TRXUSDT,2022-11-14 08:00:00+00:00,1,-215.51244123259517
TRXUSDT,2022-12-15 00:00:00+00:00,-1,-82.32535036332709
TRXUSDT,2022-12-16 00:00:00+00:00,-1,104.63120619107423
TRXUSDT,2022-12-18 00:00:00+00:00,1,-199.7807663915893
TRXUSDT,2023-01-06 00:00:00+00:00,1,-347.77162816192833
TRXUSDT,2023-03-05 00:00:00+00:00,1,2.1165695591184632
TRXUSDT,2023-03-09 00:00:00+00:00,1,107.10671593059409
TRXUSDT,2023-03-10 00:00:00+00:00,1,-97.00929228481883
TRXUSDT,2023-03-11 08:00:00+00:00,1,66.12655098685816
TRXUSDT,2023-05-24 16:00:00+00:00,-1,-14.466619887352394
TRXUSDT,2023-05-28 00:00:00+00:00,-1,7.267977225540228
TRXUSDT,2023-05-29 16:00:00+00:00,1,-37.22954565761605
TRXUSDT,2023-05-31 00:00:00+00:00,1,-149.181722696566
TRXUSDT,2023-06-04 08:00:00+00:00,-1,-174.58332534013752
TRXUSDT,2023-07-22 08:00:00+00:00,1,-222.02497355003015
TRXUSDT,2023-09-30 00:00:00+00:00,1,-57.74973825003938
TRXUSDT,2023-10-02 16:00:00+00:00,1,-91.7385011341031
TRXUSDT,2023-10-16 16:00:00+00:00,-1,-31.827308693724575
TRXUSDT,2023-10-20 08:00:00+00:00,-1,37.70141875693685
TRXUSDT,2023-11-10 16:00:00+00:00,1,49.76338531425174
TRXUSDT,2023-11-16 08:00:00+00:00,-1,88.98657675256095
TRXUSDT,2023-11-28 00:00:00+00:00,1,-47.760202410054916
TRXUSDT,2023-12-09 00:00:00+00:00,-1,-25.16035845040042
TRXUSDT,2023-12-26 00:00:00+00:00,-1,55.02962828035676
TRXUSDT,2024-01-02 16:00:00+00:00,-1,91.68307711615353
TRXUSDT,2024-01-09 16:00:00+00:00,1,157.06548858830428
TRXUSDT,2024-02-03 00:00:00+00:00,1,-7.219325763358531
TRXUSDT,2024-02-15 08:00:00+00:00,-1,58.795289650516175
TRXUSDT,2024-02-17 08:00:00+00:00,-1,-93.56901118867872
TRXUSDT,2024-02-19 08:00:00+00:00,-1,-70.0321085294787
TRXUSDT,2024-02-20 00:00:00+00:00,-1,-49.754747359871075
TRXUSDT,2024-02-26 16:00:00+00:00,-1,-40.48415789995873
TRXUSDT,2024-02-27 08:00:00+00:00,-1,-63.3360828614917
TRXUSDT,2024-02-29 08:00:00+00:00,-1,129.2430392726584
TRXUSDT,2024-03-02 08:00:00+00:00,-1,-8.091059227411812
TRXUSDT,2024-03-03 00:00:00+00:00,-1,72.83850494759437
TRXUSDT,2024-03-06 00:00:00+00:00,1,99.09101744674267
TRXUSDT,2024-04-14 00:00:00+00:00,1,193.41900258644765
TRXUSDT,2024-05-19 16:00:00+00:00,1,17.69544898296356
TRXUSDT,2024-05-23 00:00:00+00:00,1,-98.62958573580565
TRXUSDT,2024-05-23 16:00:00+00:00,1,6.577351057024719
TRXUSDT,2024-06-08 00:00:00+00:00,1,46.70050843760265
TRXUSDT,2024-07-05 08:00:00+00:00,1,429.90869988196977
TRXUSDT,2024-08-02 16:00:00+00:00,1,38.12410482574296
TRXUSDT,2024-09-13 08:00:00+00:00,1,-162.3911003061975
TRXUSDT,2024-09-14 00:00:00+00:00,1,-39.167784548328044
TRXUSDT,2024-09-14 16:00:00+00:00,1,9.566107264166016
TRXUSDT,2024-10-19 08:00:00+00:00,1,-115.95304373753888
TRXUSDT,2024-10-30 08:00:00+00:00,-1,-88.30589699431967
TRXUSDT,2024-11-06 00:00:00+00:00,1,63.98629962552107
TRXUSDT,2024-11-12 08:00:00+00:00,-1,-953.7577678390088
TRXUSDT,2024-11-18 00:00:00+00:00,-1,-138.72076532713893
TRXUSDT,2024-11-19 08:00:00+00:00,-1,-54.9556532952523
TRXUSDT,2024-11-24 08:00:00+00:00,-1,437.7863089436794
TRXUSDT,2024-12-03 08:00:00+00:00,-1,-1714.488678003559
TRXUSDT,2024-12-04 16:00:00+00:00,-1,-180.80286952829434
TRXUSDT,2024-12-05 08:00:00+00:00,-1,-34.37310431609338
TRXUSDT,2024-12-12 00:00:00+00:00,1,472.8655336689277
TRXUSDT,2024-12-15 08:00:00+00:00,1,165.00797544116233
TRXUSDT,2024-12-19 00:00:00+00:00,1,103.02798871919619
TRXUSDT,2025-02-04 08:00:00+00:00,1,363.2308294420043
TRXUSDT,2025-03-12 00:00:00+00:00,1,-58.51986902037917
TRXUSDT,2025-03-15 00:00:00+00:00,1,-105.12711615864391
TRXUSDT,2025-03-16 16:00:00+00:00,1,-113.4779864283549
TRXUSDT,2025-04-19 00:00:00+00:00,1,20.896158323749596
TRXUSDT,2025-04-26 00:00:00+00:00,1,143.78015605446018
TRXUSDT,2025-06-01 00:00:00+00:00,1,93.86938983926665
TRXUSDT,2025-07-18 08:00:00+00:00,-1,20.531819043267852
TRXUSDT,2025-08-09 16:00:00+00:00,1,31.81489515640983
TRXUSDT,2025-08-11 00:00:00+00:00,1,31.19479211458133
TRXUSDT,2025-08-16 16:00:00+00:00,1,4.816041353707221
TRXUSDT,2025-09-03 08:00:00+00:00,1,96.69531125641373
TRXUSDT,2025-09-06 00:00:00+00:00,1,-14.230902436266513
TRXUSDT,2025-09-06 16:00:00+00:00,1,91.29012911446466
TRXUSDT,2025-10-11 00:00:00+00:00,1,-56.938725893988085
TRXUSDT,2025-12-13 00:00:00+00:00,1,-46.43766589874748
TRXUSDT,2026-01-20 16:00:00+00:00,1,-33.98135499223446
TRXUSDT,2026-01-24 08:00:00+00:00,1,-56.43891905311794
TRXUSDT,2026-01-28 08:00:00+00:00,1,-45.750597479201005
TRXUSDT,2026-01-31 16:00:00+00:00,1,8.963144407674633
TRXUSDT,2026-02-02 08:00:00+00:00,1,-6.694636425044887
TRXUSDT,2026-02-06 00:00:00+00:00,1,-21.55710231399453
TRXUSDT,2026-04-07 16:00:00+00:00,1,26.473604303398453
TRXUSDT,2026-04-25 00:00:00+00:00,1,-21.8688330445693
TRXUSDT,2026-05-03 16:00:00+00:00,-1,-32.606772570051945
TRXUSDT,2026-05-29 16:00:00+00:00,1,-58.365359218052916
TRXUSDT,2026-06-02 08:00:00+00:00,1,-94.19859797350223
TRXUSDT,2026-06-03 00:00:00+00:00,1,-3.598845846591503
TRXUSDT,2026-06-04 08:00:00+00:00,1,34.111515561823666
TRXUSDT,2026-06-05 08:00:00+00:00,1,-37.95646797977611
TRXUSDT,2026-06-12 00:00:00+00:00,1,-108.37560084135112
TRXUSDT,2026-06-25 00:00:00+00:00,-1,-57.66403682538792
TRXUSDT,2026-07-04 00:00:00+00:00,-1,-8.210128769314961
TRXUSDT,2026-08-22 08:00:00+00:00,-1,-13.698497518839325
TRXUSDT,2026-08-26 16:00:00+00:00,1,26.356821765206305
TRXUSDT,2026-08-31 16:00:00+00:00,1,-277.3844057994666
BCHUSDT,2022-01-15 16:00:00+00:00,1,-114.62708561813562
BCHUSDT,2022-01-18 00:00:00+00:00,1,-294.81846421111766
BCHUSDT,2022-01-20 00:00:00+00:00,1,36.757054582796336
BCHUSDT,2022-01-21 00:00:00+00:00,1,-412.3771109612272
BCHUSDT,2022-01-31 00:00:00+00:00,1,203.1557125639408
BCHUSDT,2022-02-04 00:00:00+00:00,1,298.55765207455164
BCHUSDT,2022-05-06 00:00:00+00:00,1,-4.287865635275359
BCHUSDT,2022-05-12 08:00:00+00:00,1,2446.9129824502097
BCHUSDT,2022-06-11 16:00:00+00:00,1,-109.16424710061298
BCHUSDT,2022-06-12 08:00:00+00:00,1,51.40102583894397
BCHUSDT,2022-06-18 00:00:00+00:00,1,-512.4517888040323
BCHUSDT,2022-06-25 08:00:00+00:00,1,-178.48318832668375
BCHUSDT,2022-06-27 00:00:00+00:00,1,145.44813364543344
BCHUSDT,2022-06-28 08:00:00+00:00,1,-846.146782981499
BCHUSDT,2022-09-08 16:00:00+00:00,-1,-236.0977490714442
BCHUSDT,2022-11-09 00:00:00+00:00,1,-146.13473668814305
BCHUSDT,2022-11-10 00:00:00+00:00,1,579.1177049670422
BCHUSDT,2022-11-12 08:00:00+00:00,1,241.4989067888002
BCHUSDT,2022-11-14 08:00:00+00:00,1,286.96818778223746
BCHUSDT,2022-12-26 16:00:00+00:00,-1,-35.39298159993018
BCHUSDT,2022-12-27 08:00:00+00:00,-1,-20.849703016312002
BCHUSDT,2023-01-09 08:00:00+00:00,-1,-101.52562952184927
BCHUSDT,2023-01-12 16:00:00+00:00,-1,38.511359269487
BCHUSDT,2023-02-10 00:00:00+00:00,1,-28.13840960307137
BCHUSDT,2023-03-21 00:00:00+00:00,1,-380.5208873610144
BCHUSDT,2023-03-24 16:00:00+00:00,-1,-28.354879817495718
BCHUSDT,2023-04-10 00:00:00+00:00,-1,-12.368673272636892
BCHUSDT,2023-06-06 00:00:00+00:00,1,20.906462589400498
BCHUSDT,2023-06-10 16:00:00+00:00,1,180.73640139865975
BCHUSDT,2023-06-24 08:00:00+00:00,1,158.26165590775756
BCHUSDT,2023-06-27 16:00:00+00:00,1,-50.6021098812527
BCHUSDT,2023-06-30 16:00:00+00:00,1,-584.7282203374841
BCHUSDT,2023-07-18 08:00:00+00:00,-1,-283.4429226792447
BCHUSDT,2023-07-22 00:00:00+00:00,-1,63.00363575969626
BCHUSDT,2023-08-04 00:00:00+00:00,1,-92.96398512372548
BCHUSDT,2023-09-15 16:00:00+00:00,-1,-212.07806042708037
BCHUSDT,2023-10-02 16:00:00+00:00,1,-106.78577685563417
BCHUSDT,2023-10-07 08:00:00+00:00,-1,25.803807864266478
BCHUSDT,2023-10-24 00:00:00+00:00,-1,154.80041715765867
BCHUSDT,2023-10-26 08:00:00+00:00,-1,456.7338032055848
BCHUSDT,2023-11-22 08:00:00+00:00,1,244.1893277646424
BCHUSDT,2023-12-04 08:00:00+00:00,-1,81.26640443592227
BCHUSDT,2024-01-02 00:00:00+00:00,-1,51.23532718403591
BCHUSDT,2024-01-03 16:00:00+00:00,1,26.502586392933022
BCHUSDT,2024-01-24 08:00:00+00:00,1,36.96337223425866
BCHUSDT,2024-02-24 08:00:00+00:00,-1,-78.3720333386076
BCHUSDT,2024-02-25 16:00:00+00:00,-1,45.9545669029698
BCHUSDT,2024-02-26 16:00:00+00:00,-1,-950.6051486343549
BCHUSDT,2024-03-02 08:00:00+00:00,-1,-1110.2895120370122
BCHUSDT,2024-03-09 16:00:00+00:00,1,63.65736219654073
BCHUSDT,2024-03-10 16:00:00+00:00,1,261.7808395572571
BCHUSDT,2024-03-12 16:00:00+00:00,1,32.53130589505129
BCHUSDT,2024-04-10 08:00:00+00:00,1,-126.59359789502561
BCHUSDT,2024-05-14 00:00:00+00:00,-1,3.902435438487579
BCHUSDT,2024-05-18 08:00:00+00:00,-1,237.67243942471933
BCHUSDT,2024-05-21 08:00:00+00:00,-1,45.51594214541557
BCHUSDT,2024-05-23 08:00:00+00:00,-1,365.08118975751245
BCHUSDT,2024-05-27 16:00:00+00:00,-1,668.1038820364748
BCHUSDT,2024-06-25 00:00:00+00:00,1,-117.30730129715558
BCHUSDT,2024-08-05 08:00:00+00:00,1,459.46991635824804
BCHUSDT,2024-08-06 00:00:00+00:00,1,-85.6799990482648
BCHUSDT,2024-09-19 08:00:00+00:00,-1,-72.56746197012808
BCHUSDT,2024-09-27 00:00:00+00:00,-1,-108.66708138862622
BCHUSDT,2024-10-04 16:00:00+00:00,1,14.829258274288884
BCHUSDT,2024-10-19 00:00:00+00:00,1,-57.72406306069201
BCHUSDT,2024-11-23 08:00:00+00:00,-1,400.3753696929678
BCHUSDT,2024-12-02 00:00:00+00:00,-1,967.9729248313083
BCHUSDT,2024-12-03 00:00:00+00:00,-1,106.82657797183437
BCHUSDT,2024-12-04 00:00:00+00:00,-1,-105.42142901556016
BCHUSDT,2024-12-05 08:00:00+00:00,-1,-19.50276341230843
BCHUSDT,2024-12-19 00:00:00+00:00,1,-160.90509086960142
BCHUSDT,2024-12-20 00:00:00+00:00,1,-516.5713705621531
BCHUSDT,2024-12-20 16:00:00+00:00,1,222.49988003040647
BCHUSDT,2025-02-02 08:00:00+00:00,1,-479.865736512225
BCHUSDT,2025-02-03 00:00:00+00:00,1,-954.9093454396151
BCHUSDT,2025-03-05 00:00:00+00:00,1,766.0089265779264
BCHUSDT,2025-04-14 08:00:00+00:00,1,-418.4980652135151
BCHUSDT,2025-04-27 00:00:00+00:00,1,-202.82664545427798
BCHUSDT,2025-05-03 16:00:00+00:00,1,-96.66765481531434
BCHUSDT,2025-05-04 16:00:00+00:00,1,104.2795650536259
BCHUSDT,2025-05-05 16:00:00+00:00,1,-13.17682241014335
BCHUSDT,2025-06-23 08:00:00+00:00,1,-306.84833804826775
BCHUSDT,2025-07-13 00:00:00+00:00,1,-2.548209551293838
BCHUSDT,2025-07-27 16:00:00+00:00,-1,223.1548887271272
BCHUSDT,2025-09-04 08:00:00+00:00,1,-0.10230540610698963
BCHUSDT,2025-09-06 16:00:00+00:00,1,-17.441492165720156
BCHUSDT,2025-09-10 16:00:00+00:00,1,-52.82380786792975
BCHUSDT,2025-10-12 00:00:00+00:00,1,850.207569627319
BCHUSDT,2025-10-19 16:00:00+00:00,1,-102.51955461229187
BCHUSDT,2025-10-20 16:00:00+00:00,1,-17.735496629582656
BCHUSDT,2025-10-26 08:00:00+00:00,1,632.2486185578495
BCHUSDT,2025-10-27 08:00:00+00:00,1,3.700565603537535
BCHUSDT,2025-11-20 08:00:00+00:00,-1,381.6205563131479
BCHUSDT,2025-11-22 00:00:00+00:00,-1,-52.30350301187468
BCHUSDT,2025-11-26 16:00:00+00:00,1,130.97220666688526
BCHUSDT,2025-11-30 08:00:00+00:00,1,667.8850139851374
BCHUSDT,2025-12-10 08:00:00+00:00,1,12.388608256807577
BCHUSDT,2025-12-25 00:00:00+00:00,-1,-347.81943756341616
BCHUSDT,2025-12-26 00:00:00+00:00,-1,-187.87932731000268
BCHUSDT,2025-12-27 00:00:00+00:00,-1,-105.35659134938757
BCHUSDT,2025-12-27 16:00:00+00:00,-1,-57.395458567025045
BCHUSDT,2026-02-01 08:00:00+00:00,1,-186.8867944939279
BCHUSDT,2026-02-24 00:00:00+00:00,1,-275.7027561327895
BCHUSDT,2026-05-11 16:00:00+00:00,1,-13.132539863211935
BCHUSDT,2026-05-13 08:00:00+00:00,1,-143.16064873226827
BCHUSDT,2026-05-18 08:00:00+00:00,1,209.67075544682592
BCHUSDT,2026-05-23 16:00:00+00:00,1,143.08493542662723
BCHUSDT,2026-05-29 08:00:00+00:00,1,160.26999126618392
BCHUSDT,2026-07-19 16:00:00+00:00,1,-130.93910290035458
BCHUSDT,2026-08-13 16:00:00+00:00,1,-0.16452282562593032
BCHUSDT,2026-08-21 16:00:00+00:00,-1,62.714910436881404
ATOMUSDT,2022-03-05 08:00:00+00:00,1,-80.88243450003955
ATOMUSDT,2022-03-06 00:00:00+00:00,1,-507.49658984079514
ATOMUSDT,2022-03-10 16:00:00+00:00,1,-167.75630769893365
ATOMUSDT,2022-05-10 08:00:00+00:00,1,-207.5214543588122
ATOMUSDT,2022-05-11 16:00:00+00:00,1,59.87962776995988
ATOMUSDT,2022-05-12 08:00:00+00:00,1,636.6114513490968
ATOMUSDT,2022-06-07 16:00:00+00:00,-1,-571.3664841193232
ATOMUSDT,2022-06-09 16:00:00+00:00,-1,282.53094434332866
ATOMUSDT,2022-06-16 00:00:00+00:00,-1,922.9901311980366
ATOMUSDT,2022-06-19 16:00:00+00:00,-1,-336.97100345307274
ATOMUSDT,2022-08-27 16:00:00+00:00,1,25.17648963026262
ATOMUSDT,2022-08-29 16:00:00+00:00,1,331.7018958264817
ATOMUSDT,2022-09-16 00:00:00+00:00,1,-490.7694170610896
ATOMUSDT,2022-09-22 00:00:00+00:00,1,747.5187062579599
ATOMUSDT,2022-09-25 00:00:00+00:00,1,3.3844035353413835
ATOMUSDT,2022-09-28 00:00:00+00:00,1,-431.56475238373423
ATOMUSDT,2022-10-19 08:00:00+00:00,-1,55.33469243791179
ATOMUSDT,2022-11-04 08:00:00+00:00,-1,-90.70256421151892
ATOMUSDT,2022-11-06 08:00:00+00:00,-1,12.50558202360298
ATOMUSDT,2022-11-09 00:00:00+00:00,1,-98.11891834452257
ATOMUSDT,2022-11-10 00:00:00+00:00,1,882.0346239011775
ATOMUSDT,2023-01-13 00:00:00+00:00,1,33.184789429507
ATOMUSDT,2023-02-04 00:00:00+00:00,-1,136.05073967612003
ATOMUSDT,2023-02-27 08:00:00+00:00,1,138.4566871252031
ATOMUSDT,2023-03-03 08:00:00+00:00,1,-49.88683904664
ATOMUSDT,2023-04-27 00:00:00+00:00,1,18.869120557833295
ATOMUSDT,2023-06-10 08:00:00+00:00,1,423.53129772811894
ATOMUSDT,2023-07-14 00:00:00+00:00,-1,-76.45451361129385
ATOMUSDT,2023-08-16 00:00:00+00:00,1,-113.01982244223802
ATOMUSDT,2023-08-17 16:00:00+00:00,1,-540.6287977483871
ATOMUSDT,2023-09-21 16:00:00+00:00,1,-224.92786297006566
ATOMUSDT,2023-09-25 16:00:00+00:00,-1,-3.033561093487119
ATOMUSDT,2023-10-10 00:00:00+00:00,1,445.47960828814
ATOMUSDT,2023-10-15 08:00:00+00:00,-1,-22.438923689858633
ATOMUSDT,2023-12-04 08:00:00+00:00,-1,278.8775888362337
ATOMUSDT,2023-12-08 00:00:00+00:00,-1,-84.99053407641955
ATOMUSDT,2023-12-09 00:00:00+00:00,-1,-333.26891127672513
ATOMUSDT,2023-12-21 08:00:00+00:00,-1,-162.63011548810698
ATOMUSDT,2023-12-22 16:00:00+00:00,-1,40.53061617929666
ATOMUSDT,2023-12-26 00:00:00+00:00,-1,-258.07238671850547
ATOMUSDT,2023-12-28 08:00:00+00:00,-1,257.2703024528877
ATOMUSDT,2024-01-15 16:00:00+00:00,1,76.8261925861854
ATOMUSDT,2024-01-23 16:00:00+00:00,1,134.67332488008233
ATOMUSDT,2024-01-26 16:00:00+00:00,1,-111.56460950681914
ATOMUSDT,2024-02-15 08:00:00+00:00,-1,-35.90951560945216
ATOMUSDT,2024-02-19 08:00:00+00:00,-1,-27.211891643941865
ATOMUSDT,2024-02-20 00:00:00+00:00,-1,96.28979769283659
ATOMUSDT,2024-02-28 16:00:00+00:00,-1,29.812060882603365
ATOMUSDT,2024-02-29 08:00:00+00:00,-1,424.0578713693261
ATOMUSDT,2024-03-02 00:00:00+00:00,-1,-126.98561744042999
ATOMUSDT,2024-03-05 08:00:00+00:00,-1,167.2282221131347
ATOMUSDT,2024-04-14 00:00:00+00:00,1,652.5889491617418
ATOMUSDT,2024-05-23 08:00:00+00:00,-1,330.5425173545306
ATOMUSDT,2024-05-29 00:00:00+00:00,-1,-179.46986702960808
ATOMUSDT,2024-06-06 08:00:00+00:00,-1,-119.2191175486813
ATOMUSDT,2024-06-07 08:00:00+00:00,-1,31.392609939314298
ATOMUSDT,2024-06-08 16:00:00+00:00,1,-26.431381124007917
ATOMUSDT,2024-06-09 16:00:00+00:00,1,-4.12563120569887
ATOMUSDT,2024-06-18 16:00:00+00:00,1,387.6903624310969
ATOMUSDT,2024-07-05 08:00:00+00:00,1,997.4077051793693
ATOMUSDT,2024-08-05 08:00:00+00:00,1,591.5727676076492
ATOMUSDT,2024-10-26 08:00:00+00:00,1,-304.96304186242037
ATOMUSDT,2024-11-19 08:00:00+00:00,1,-361.05358263761826
ATOMUSDT,2024-11-30 00:00:00+00:00,-1,-32.92066236689236
ATOMUSDT,2024-12-02 00:00:00+00:00,-1,565.8380087809244
ATOMUSDT,2024-12-03 08:00:00+00:00,-1,684.9241793511494
ATOMUSDT,2024-12-04 08:00:00+00:00,-1,193.00679716163182
ATOMUSDT,2024-12-05 08:00:00+00:00,-1,-287.19324020858886
ATOMUSDT,2025-01-27 16:00:00+00:00,1,309.1381548563331
ATOMUSDT,2025-02-03 00:00:00+00:00,1,161.61030755049572
ATOMUSDT,2025-02-22 00:00:00+00:00,1,-153.93562499415924
ATOMUSDT,2025-03-04 00:00:00+00:00,1,-99.69505407108336
ATOMUSDT,2025-04-01 08:00:00+00:00,-1,135.95107569150275
ATOMUSDT,2025-04-22 00:00:00+00:00,1,483.3536226292164
ATOMUSDT,2025-06-13 08:00:00+00:00,1,196.1818313377426
ATOMUSDT,2025-06-18 16:00:00+00:00,1,136.22166544815445
ATOMUSDT,2025-06-22 00:00:00+00:00,1,-162.7261929396264
ATOMUSDT,2025-06-23 00:00:00+00:00,1,63.42159997833908
ATOMUSDT,2025-06-28 16:00:00+00:00,1,3.6455364645262938
ATOMUSDT,2025-07-29 00:00:00+00:00,1,249.57551672755395
ATOMUSDT,2025-09-05 00:00:00+00:00,1,186.24030825908866
ATOMUSDT,2025-09-22 08:00:00+00:00,1,-102.55690285225175
ATOMUSDT,2025-10-11 00:00:00+00:00,1,1048.2159933768307
ATOMUSDT,2025-10-12 00:00:00+00:00,1,779.5429070577438
ATOMUSDT,2025-11-11 16:00:00+00:00,-1,411.01065821489453
ATOMUSDT,2025-11-14 16:00:00+00:00,-1,162.34102503218105
ATOMUSDT,2025-11-18 16:00:00+00:00,-1,165.20837880459604
ATOMUSDT,2025-12-06 00:00:00+00:00,1,162.51041735895157
ATOMUSDT,2025-12-25 08:00:00+00:00,-1,-52.907243351298725
ATOMUSDT,2026-01-18 08:00:00+00:00,1,21.00902638663158
ATOMUSDT,2026-02-26 00:00:00+00:00,1,-189.446143204745
ATOMUSDT,2026-03-25 00:00:00+00:00,-1,-14.317769123196356
ATOMUSDT,2026-04-01 16:00:00+00:00,-1,85.37845558396559
ATOMUSDT,2026-05-31 00:00:00+00:00,1,-200.41832405256488
ATOMUSDT,2026-06-02 08:00:00+00:00,1,-227.6654138032645
ATOMUSDT,2026-06-03 00:00:00+00:00,1,217.5541417147898
ATOMUSDT,2026-06-06 08:00:00+00:00,1,-56.15088573089589
ATOMUSDT,2026-07-05 08:00:00+00:00,1,55.26264888262251
ATOMUSDT,2026-07-21 00:00:00+00:00,-1,-58.582048433343914
ATOMUSDT,2026-08-05 00:00:00+00:00,-1,119.95918540055307
ATOMUSDT,2026-08-08 00:00:00+00:00,-1,-129.65394406137247
ATOMUSDT,2026-08-18 16:00:00+00:00,1,82.69608031631782
ATOMUSDT,2026-09-28 16:00:00+00:00,1,-18.38961718693178
ATOMUSDT,2026-09-29 08:00:00+00:00,1,-247.56976106439487
NEARUSDT,2022-01-19 08:00:00+00:00,1,125.73933634559737
NEARUSDT,2022-01-23 08:00:00+00:00,1,-844.0294094572864
NEARUSDT,2022-01-26 16:00:00+00:00,1,-761.200668964969
NEARUSDT,2022-01-27 08:00:00+00:00,1,-504.4394528676762
NEARUSDT,2022-03-12 00:00:00+00:00,1,-95.18948113792902
NEARUSDT,2022-05-01 08:00:00+00:00,1,962.8990803303499
NEARUSDT,2022-05-11 16:00:00+00:00,1,-219.9736015622522
NEARUSDT,2022-05-12 08:00:00+00:00,1,1405.6423672157491
NEARUSDT,2022-06-17 08:00:00+00:00,1,47.746588132593516
NEARUSDT,2022-06-19 00:00:00+00:00,1,-101.60875217690523
NEARUSDT,2022-09-19 08:00:00+00:00,1,286.5062779731411
NEARUSDT,2022-09-22 00:00:00+00:00,1,610.7998524443299
NEARUSDT,2022-11-09 00:00:00+00:00,1,-1228.9858860062454
NEARUSDT,2022-11-09 16:00:00+00:00,1,188.69914248517628
NEARUSDT,2022-12-13 00:00:00+00:00,1,-347.08290747632486
NEARUSDT,2022-12-18 00:00:00+00:00,1,-53.84621925147396
NEARUSDT,2023-01-02 00:00:00+00:00,1,277.6798536839237
NEARUSDT,2023-01-04 16:00:00+00:00,1,-379.0340563241876
NEARUSDT,2023-01-14 08:00:00+00:00,-1,268.57513527419485
NEARUSDT,2023-02-10 08:00:00+00:00,1,-346.0459461663748
NEARUSDT,2023-02-26 00:00:00+00:00,1,150.3075788305134
NEARUSDT,2023-03-03 08:00:00+00:00,1,-186.64293196468816
NEARUSDT,2023-03-09 00:00:00+00:00,1,-37.53066093780973
NEARUSDT,2023-03-10 00:00:00+00:00,1,149.56070711840957
NEARUSDT,2023-03-11 16:00:00+00:00,1,363.50787246164805
NEARUSDT,2023-04-18 08:00:00+00:00,-1,-85.73557095827421
NEARUSDT,2023-04-30 08:00:00+00:00,1,19.91769779442566
NEARUSDT,2023-05-12 16:00:00+00:00,1,105.637600599904
NEARUSDT,2023-05-14 00:00:00+00:00,1,-4.4961936747469915
NEARUSDT,2023-06-06 00:00:00+00:00,1,50.473387088842536
NEARUSDT,2023-06-26 08:00:00+00:00,1,-23.26332087123937
NEARUSDT,2023-08-18 00:00:00+00:00,1,213.7379328070281
NEARUSDT,2023-08-23 00:00:00+00:00,1,342.81580634765027
NEARUSDT,2023-09-27 08:00:00+00:00,1,-26.432974974215764
NEARUSDT,2023-10-30 16:00:00+00:00,-1,-313.5152654261742
NEARUSDT,2023-11-02 00:00:00+00:00,-1,-33.8182917630073
NEARUSDT,2023-11-12 08:00:00+00:00,-1,136.62940732153064
NEARUSDT,2023-12-08 00:00:00+00:00,-1,280.199023523542
NEARUSDT,2023-12-09 08:00:00+00:00,-1,74.49984609135058
NEARUSDT,2024-01-02 00:00:00+00:00,-1,-775.3051544508282
NEARUSDT,2024-01-02 16:00:00+00:00,-1,-62.15361694689263
NEARUSDT,2024-01-27 00:00:00+00:00,1,-377.9493907968149
NEARUSDT,2024-02-14 16:00:00+00:00,-1,-203.389838369853
NEARUSDT,2024-02-15 16:00:00+00:00,-1,337.33362157307636
NEARUSDT,2024-02-18 00:00:00+00:00,-1,-609.6598434147477
NEARUSDT,2024-02-20 00:00:00+00:00,-1,52.09617425080783
NEARUSDT,2024-02-27 00:00:00+00:00,-1,256.83624176859416
NEARUSDT,2024-02-29 08:00:00+00:00,-1,255.27576283732344
NEARUSDT,2024-03-01 08:00:00+00:00,-1,199.42191763280655
NEARUSDT,2024-03-02 08:00:00+00:00,-1,-617.5230640444599
NEARUSDT,2024-03-05 08:00:00+00:00,-1,84.6568191560685
NEARUSDT,2024-04-14 00:00:00+00:00,1,842.0041456504475
NEARUSDT,2024-04-15 16:00:00+00:00,1,-338.6783801860285
NEARUSDT,2024-05-26 00:00:00+00:00,-1,198.625515429921
NEARUSDT,2024-06-04 16:00:00+00:00,-1,-199.1773439179818
NEARUSDT,2024-06-06 08:00:00+00:00,-1,87.1977135459314
NEARUSDT,2024-06-15 00:00:00+00:00,1,53.41739450802701
NEARUSDT,2024-06-19 00:00:00+00:00,1,457.9504091895748
NEARUSDT,2024-07-05 08:00:00+00:00,1,969.0885413118234
NEARUSDT,2024-08-06 00:00:00+00:00,1,-232.32864842545914
NEARUSDT,2024-08-08 00:00:00+00:00,1,658.2651735981417
NEARUSDT,2024-08-10 16:00:00+00:00,1,82.88895001742112
NEARUSDT,2024-10-26 08:00:00+00:00,1,-86.17323150713266
NEARUSDT,2024-10-28 00:00:00+00:00,1,-183.66056379485212
NEARUSDT,2024-11-10 08:00:00+00:00,-1,-91.89435529117412
NEARUSDT,2024-11-12 00:00:00+00:00,-1,306.63971765702064
NEARUSDT,2024-12-03 00:00:00+00:00,-1,327.6515612486961
NEARUSDT,2024-12-04 08:00:00+00:00,-1,215.93519826573964
NEARUSDT,2024-12-05 08:00:00+00:00,-1,-363.78374427304334
NEARUSDT,2024-12-11 16:00:00+00:00,1,-43.98844148247348
NEARUSDT,2024-12-19 08:00:00+00:00,1,-203.24770874226732
NEARUSDT,2024-12-20 00:00:00+00:00,1,-824.8861777350317
NEARUSDT,2024-12-24 08:00:00+00:00,1,64.7213323258279
NEARUSDT,2025-01-09 00:00:00+00:00,1,-315.53210708609197
NEARUSDT,2025-02-03 08:00:00+00:00,1,675.0856793970405
NEARUSDT,2025-02-26 00:00:00+00:00,1,223.6356405020563
NEARUSDT,2025-03-11 08:00:00+00:00,1,201.38916183095998
NEARUSDT,2025-04-08 16:00:00+00:00,1,-576.9066206208917
NEARUSDT,2025-05-25 16:00:00+00:00,1,631.1341101998472
NEARUSDT,2025-05-30 08:00:00+00:00,1,-469.6609058640405
NEARUSDT,2025-06-13 08:00:00+00:00,1,-18.24313237973645
NEARUSDT,2025-08-05 16:00:00+00:00,1,-189.37810918350232
NEARUSDT,2025-08-18 16:00:00+00:00,1,114.64142959272945
NEARUSDT,2025-10-12 08:00:00+00:00,1,627.2565434477411
NEARUSDT,2025-10-13 16:00:00+00:00,1,296.7791904941232
NEARUSDT,2025-10-15 16:00:00+00:00,1,-181.43861152003672
NEARUSDT,2025-10-20 00:00:00+00:00,1,271.2316072021212
NEARUSDT,2025-11-07 08:00:00+00:00,1,1811.8619742160067
NEARUSDT,2025-12-16 00:00:00+00:00,1,-69.18215574832374
NEARUSDT,2026-02-13 08:00:00+00:00,1,338.21439095285535
NEARUSDT,2026-02-27 00:00:00+00:00,1,77.80127885898375
NEARUSDT,2026-03-01 00:00:00+00:00,1,266.6699217489507
NEARUSDT,2026-03-08 16:00:00+00:00,1,68.1358737413354
NEARUSDT,2026-04-11 00:00:00+00:00,1,188.5026606798154
NEARUSDT,2026-05-13 00:00:00+00:00,1,-42.83832856765658
NEARUSDT,2026-07-09 00:00:00+00:00,1,125.82182822222978
NEARUSDT,2026-07-22 16:00:00+00:00,1,-107.18521023106511
NEARUSDT,2026-08-08 00:00:00+00:00,1,26.13626929654579
NEARUSDT,2026-09-12 08:00:00+00:00,1,128.50364144672525
NEARUSDT,2026-09-22 08:00:00+00:00,-1,219.794996155973
ETCUSDT,2022-01-22 16:00:00+00:00,1,378.4456758954572
ETCUSDT,2022-02-05 00:00:00+00:00,1,110.58201286979555
ETCUSDT,2022-02-15 08:00:00+00:00,1,83.00557768452894
ETCUSDT,2022-03-23 16:00:00+00:00,1,-25.70182459335096
ETCUSDT,2022-05-01 08:00:00+00:00,1,258.7598458812913
ETCUSDT,2022-05-12 08:00:00+00:00,1,1114.7486229959238
ETCUSDT,2022-06-12 00:00:00+00:00,1,-586.4350774501172
ETCUSDT,2022-06-13 08:00:00+00:00,1,477.58790339021493
ETCUSDT,2022-07-17 08:00:00+00:00,1,157.4960209696084
ETCUSDT,2022-07-18 08:00:00+00:00,1,-220.58943285617534
ETCUSDT,2022-08-20 16:00:00+00:00,1,-192.77230387138977
ETCUSDT,2022-08-21 16:00:00+00:00,1,-49.94317158287997
ETCUSDT,2022-08-29 16:00:00+00:00,1,98.52076413390326
ETCUSDT,2022-09-16 08:00:00+00:00,1,-116.54888921724057
ETCUSDT,2022-09-19 16:00:00+00:00,1,-234.14743206176854
ETCUSDT,2022-10-25 08:00:00+00:00,-1,-557.9987605678714
ETCUSDT,2022-10-30 00:00:00+00:00,-1,368.31817024721937
ETCUSDT,2022-11-04 16:00:00+00:00,-1,-376.64949213274804
ETCUSDT,2022-12-17 00:00:00+00:00,1,-76.86842323056658
ETCUSDT,2022-12-18 00:00:00+00:00,1,-2.978547526963734
ETCUSDT,2023-01-14 08:00:00+00:00,-1,476.3400236691072
ETCUSDT,2023-02-10 00:00:00+00:00,1,-1.246679540967367
ETCUSDT,2023-03-10 00:00:00+00:00,1,-143.12723839464877
ETCUSDT,2023-03-12 16:00:00+00:00,1,1648.3723625821729
ETCUSDT,2023-03-15 00:00:00+00:00,-1,-48.73358617808822
ETCUSDT,2023-04-17 00:00:00+00:00,-1,-169.7388516868271
ETCUSDT,2023-04-22 00:00:00+00:00,1,194.3064084804073
ETCUSDT,2023-04-27 00:00:00+00:00,1,-133.16739446170988
ETCUSDT,2023-06-06 00:00:00+00:00,1,34.3670905299853
ETCUSDT,2023-06-10 16:00:00+00:00,1,211.4126178163893
ETCUSDT,2023-06-11 08:00:00+00:00,1,13.442779974320516
ETCUSDT,2023-07-21 00:00:00+00:00,1,28.540092234233637
ETCUSDT,2023-08-16 00:00:00+00:00,1,-127.98808781148506
ETCUSDT,2023-08-18 00:00:00+00:00,1,262.8501209979758
ETCUSDT,2023-10-18 00:00:00+00:00,1,43.00769000675155
ETCUSDT,2023-10-19 00:00:00+00:00,1,-117.6957112175547
ETCUSDT,2023-11-02 00:00:00+00:00,-1,59.44894076523726
ETCUSDT,2023-11-08 08:00:00+00:00,-1,-97.4739712627308
ETCUSDT,2023-11-09 08:00:00+00:00,-1,-1287.8920885955847
ETCUSDT,2023-11-14 00:00:00+00:00,-1,-233.88471923748097
ETCUSDT,2023-12-03 00:00:00+00:00,-1,61.4643849447602
ETCUSDT,2023-12-04 08:00:00+00:00,-1,268.4103141626564
ETCUSDT,2023-12-09 08:00:00+00:00,-1,99.1734196886501
ETCUSDT,2023-12-11 00:00:00+00:00,-1,745.7635955285123
ETCUSDT,2023-12-27 16:00:00+00:00,-1,-195.7207414002549
ETCUSDT,2023-12-28 16:00:00+00:00,-1,315.14457605635727
ETCUSDT,2024-01-02 00:00:00+00:00,-1,-59.85433138708196
ETCUSDT,2024-01-04 16:00:00+00:00,1,56.37954600495218
ETCUSDT,2024-02-13 16:00:00+00:00,-1,-311.56751278483443
ETCUSDT,2024-02-14 16:00:00+00:00,-1,-55.491385657309536
ETCUSDT,2024-02-16 08:00:00+00:00,-1,100.87165434946348
ETCUSDT,2024-02-26 00:00:00+00:00,-1,-3.8233472472796493
ETCUSDT,2024-02-27 08:00:00+00:00,-1,72.52493762436461
ETCUSDT,2024-02-28 16:00:00+00:00,-1,-400.734961488735
ETCUSDT,2024-02-29 08:00:00+00:00,-1,298.58811760134006
ETCUSDT,2024-03-02 08:00:00+00:00,-1,-33.9764974126953
ETCUSDT,2024-03-05 08:00:00+00:00,-1,257.344735598084
ETCUSDT,2024-04-15 00:00:00+00:00,1,518.3022238585785
ETCUSDT,2024-04-16 00:00:00+00:00,1,132.90624248679407
ETCUSDT,2024-04-25 00:00:00+00:00,1,-113.24500185738343
ETCUSDT,2024-04-26 00:00:00+00:00,1,207.72727255085195
ETCUSDT,2024-05-01 00:00:00+00:00,1,-228.22733386123045
ETCUSDT,2024-05-29 00:00:00+00:00,-1,150.25709736221515
ETCUSDT,2024-06-05 00:00:00+00:00,-1,26.87759900098173
ETCUSDT,2024-06-09 08:00:00+00:00,1,-31.943642439603927
ETCUSDT,2024-06-12 16:00:00+00:00,1,-184.83508576514294
ETCUSDT,2024-06-16 16:00:00+00:00,1,-67.74860121568592
ETCUSDT,2024-07-05 08:00:00+00:00,1,1210.394500550692
ETCUSDT,2024-08-06 08:00:00+00:00,1,207.47539418834066
ETCUSDT,2024-08-07 16:00:00+00:00,1,76.74316410593944
ETCUSDT,2024-09-15 16:00:00+00:00,1,-218.62309605957552
ETCUSDT,2024-10-27 00:00:00+00:00,1,-35.198846705233144
ETCUSDT,2024-11-10 08:00:00+00:00,-1,-175.22289541906676
ETCUSDT,2024-11-12 00:00:00+00:00,-1,-260.72513153763975
ETCUSDT,2024-12-02 00:00:00+00:00,-1,672.8393506051467
ETCUSDT,2024-12-03 00:00:00+00:00,-1,546.5285125308409
ETCUSDT,2024-12-04 08:00:00+00:00,-1,-114.98113985954815
ETCUSDT,2024-12-05 08:00:00+00:00,-1,-68.85788316594204
ETCUSDT,2024-12-07 00:00:00+00:00,-1,178.09154603868438
ETCUSDT,2024-12-20 08:00:00+00:00,1,303.2519080479209
ETCUSDT,2024-12-22 00:00:00+00:00,1,31.58133042750779
ETCUSDT,2025-01-08 16:00:00+00:00,1,105.09138193846641
ETCUSDT,2025-01-13 08:00:00+00:00,1,149.41109308951573
ETCUSDT,2025-02-04 00:00:00+00:00,1,-677.4245820564328
ETCUSDT,2025-02-28 08:00:00+00:00,1,530.2493238348256
ETCUSDT,2025-03-10 00:00:00+00:00,1,-37.04259099908903
ETCUSDT,2025-04-22 08:00:00+00:00,1,357.2475431631773
ETCUSDT,2025-05-04 16:00:00+00:00,1,-55.02941627860303
ETCUSDT,2025-06-06 00:00:00+00:00,1,67.87044020812282
ETCUSDT,2025-06-13 08:00:00+00:00,1,200.41672649540203
ETCUSDT,2025-08-26 16:00:00+00:00,1,5.270839464788903
ETCUSDT,2025-09-04 08:00:00+00:00,1,-103.86967877814489
ETCUSDT,2025-09-15 16:00:00+00:00,1,140.32666730172434
ETCUSDT,2025-10-11 00:00:00+00:00,1,601.1843512851224
ETCUSDT,2026-01-19 08:00:00+00:00,1,28.82174895163049
ETCUSDT,2026-01-29 16:00:00+00:00,1,-30.432425217837736
ETCUSDT,2026-02-05 16:00:00+00:00,1,-905.2902510374569
ETCUSDT,2026-03-08 08:00:00+00:00,1,-115.80554498472414
ETCUSDT,2026-03-12 16:00:00+00:00,1,208.26172852126845
ETCUSDT,2026-03-14 16:00:00+00:00,1,-51.54056199512361
ETCUSDT,2026-06-25 00:00:00+00:00,1,52.63752782235755
ETCUSDT,2026-07-20 08:00:00+00:00,1,246.5262139755211
ETCUSDT,2026-07-24 16:00:00+00:00,1,-68.37956806698783
