open_time,pnl
2022-01-01 00:00:00+00:00,0.0
2022-01-02 00:00:00+00:00,0.0
2022-01-03 00:00:00+00:00,0.0
2022-01-04 00:00:00+00:00,0.0
2022-01-05 00:00:00+00:00,0.0
2022-01-06 00:00:00+00:00,0.0
2022-01-07 00:00:00+00:00,0.0
2022-01-08 00:00:00+00:00,0.0
2022-01-09 00:00:00+00:00,0.0
2022-01-10 00:00:00+00:00,0.0
2022-01-11 00:00:00+00:00,0.001962495478123054
2022-01-12 00:00:00+00:00,0.0015839641126728075
2022-01-13 00:00:00+00:00,-0.00040186180613440683
2022-01-14 00:00:00+00:00,0.0014827567181682545
2022-01-15 00:00:00+00:00,0.0002022606348117858
2022-01-16 00:00:00+00:00,-0.0007599068846935751
2022-01-17 00:00:00+00:00,0.0
2022-01-18 00:00:00+00:00,-0.004345761261001878
2022-01-19 00:00:00+00:00,-0.00016732140263501268
2022-01-20 00:00:00+00:00,0.00022788014361651134
2022-01-21 00:00:00+00:00,-0.024773342966488754
2022-01-22 00:00:00+00:00,-0.014007782595947614
2022-01-23 00:00:00+00:00,0.007586674922074645
2022-01-24 00:00:00+00:00,-0.0041358834694445075
2022-01-25 00:00:00+00:00,-0.0006559259818189039
2022-01-26 00:00:00+00:00,-0.009830745735779377
2022-01-27 00:00:00+00:00,-0.005788918925896048
2022-01-28 00:00:00+00:00,6.172646565473994e-05
2022-01-29 00:00:00+00:00,0.0
2022-01-30 00:00:00+00:00,0.0
2022-01-31 00:00:00+00:00,0.00857577457817796
2022-02-01 00:00:00+00:00,-0.0006757149766250113
2022-02-02 00:00:00+00:00,-0.0003744081965476895
2022-02-03 00:00:00+00:00,-0.00028333178471076994
2022-02-04 00:00:00+00:00,0.00462837836611978
2022-02-05 00:00:00+00:00,0.0002749508156819245
2022-02-06 00:00:00+00:00,0.0004106167647510896
2022-02-07 00:00:00+00:00,0.0
2022-02-08 00:00:00+00:00,-0.00268246519909788
2022-02-09 00:00:00+00:00,0.0
2022-02-10 00:00:00+00:00,0.0
2022-02-11 00:00:00+00:00,0.0
2022-02-12 00:00:00+00:00,0.0
2022-02-13 00:00:00+00:00,0.0
2022-02-14 00:00:00+00:00,0.0
2022-02-15 00:00:00+00:00,0.0002546179676570306
2022-02-16 00:00:00+00:00,0.0
2022-02-17 00:00:00+00:00,0.0
2022-02-18 00:00:00+00:00,-0.0029049082035634715
2022-02-19 00:00:00+00:00,0.0
2022-02-20 00:00:00+00:00,0.0
2022-02-21 00:00:00+00:00,0.0
2022-02-22 00:00:00+00:00,0.00655991578414406
2022-02-23 00:00:00+00:00,-0.0002832761307233418
2022-02-24 00:00:00+00:00,0.01763899935479663
2022-02-25 00:00:00+00:00,-0.005622080805797515
2022-02-26 00:00:00+00:00,0.0
2022-02-27 00:00:00+00:00,0.0
2022-02-28 00:00:00+00:00,0.0011338519809692912
2022-03-01 00:00:00+00:00,-0.0004454251441141139
2022-03-02 00:00:00+00:00,0.0
2022-03-03 00:00:00+00:00,0.0
2022-03-04 00:00:00+00:00,0.0
2022-03-05 00:00:00+00:00,0.00022465692260580311
2022-03-06 00:00:00+00:00,-0.0031462911566352185
2022-03-07 00:00:00+00:00,0.0
2022-03-08 00:00:00+00:00,0.0
2022-03-09 00:00:00+00:00,0.0
2022-03-10 00:00:00+00:00,9.998485326452009e-05
2022-03-11 00:00:00+00:00,-0.0011400119154138617
2022-03-12 00:00:00+00:00,-0.0005901395767071345
2022-03-13 00:00:00+00:00,0.0
2022-03-14 00:00:00+00:00,0.0
2022-03-15 00:00:00+00:00,0.0
2022-03-16 00:00:00+00:00,0.0
2022-03-17 00:00:00+00:00,0.0
2022-03-18 00:00:00+00:00,0.0
2022-03-19 00:00:00+00:00,0.0
2022-03-20 00:00:00+00:00,0.0
2022-03-21 00:00:00+00:00,0.0
2022-03-22 00:00:00+00:00,0.0
2022-03-23 00:00:00+00:00,0.00021208887706591884
2022-03-24 00:00:00+00:00,-0.0003714306835848902
2022-03-25 00:00:00+00:00,0.0
2022-03-26 00:00:00+00:00,0.0
2022-03-27 00:00:00+00:00,0.0
2022-03-28 00:00:00+00:00,0.0
2022-03-29 00:00:00+00:00,0.0
2022-03-30 00:00:00+00:00,0.00012537603499142047
2022-03-31 00:00:00+00:00,-0.0010782538325653716
2022-04-01 00:00:00+00:00,-0.0007089414993525634
2022-04-02 00:00:00+00:00,-0.00035991784293378285
2022-04-03 00:00:00+00:00,-0.0015916700981376038
2022-04-04 00:00:00+00:00,0.0
2022-04-05 00:00:00+00:00,0.0
2022-04-06 00:00:00+00:00,-0.010873418092108237
2022-04-07 00:00:00+00:00,0.0013689007758915122
2022-04-08 00:00:00+00:00,0.0008805437540274589
2022-04-09 00:00:00+00:00,-0.001447056410873903
2022-04-10 00:00:00+00:00,0.0
2022-04-11 00:00:00+00:00,0.0
2022-04-12 00:00:00+00:00,0.0012601203541966737
2022-04-13 00:00:00+00:00,0.0007556719021175625
2022-04-14 00:00:00+00:00,-0.0006646232192593705
2022-04-15 00:00:00+00:00,0.002600665859178886
2022-04-16 00:00:00+00:00,-0.0016305614874707437
2022-04-17 00:00:00+00:00,0.0005447447664801233
2022-04-18 00:00:00+00:00,0.003043817812106395
2022-04-19 00:00:00+00:00,-0.00011571250091756786
2022-04-20 00:00:00+00:00,0.0
2022-04-21 00:00:00+00:00,0.0
2022-04-22 00:00:00+00:00,-0.003189805256501572
2022-04-23 00:00:00+00:00,-0.0011250373440850818
2022-04-24 00:00:00+00:00,0.00021166087161630465
2022-04-25 00:00:00+00:00,0.013352084560844147
2022-04-26 00:00:00+00:00,-0.0005462932625669531
2022-04-27 00:00:00+00:00,-4.331239696939268e-05
2022-04-28 00:00:00+00:00,2.898482919889972e-05
2022-04-29 00:00:00+00:00,0.00015556396391531253
2022-04-30 00:00:00+00:00,2.171994511670659e-05
2022-05-01 00:00:00+00:00,0.015778734978843516
2022-05-02 00:00:00+00:00,0.005016971401401503
2022-05-03 00:00:00+00:00,0.0
2022-05-04 00:00:00+00:00,0.0007619449257654498
2022-05-05 00:00:00+00:00,0.000827693073364589
2022-05-06 00:00:00+00:00,0.00011436377660555875
2022-05-07 00:00:00+00:00,0.0
2022-05-08 00:00:00+00:00,0.0
2022-05-09 00:00:00+00:00,-0.020773946680778997
2022-05-10 00:00:00+00:00,0.07657775082005908
2022-05-11 00:00:00+00:00,-0.042948499581215105
2022-05-12 00:00:00+00:00,0.10401485979061141
2022-05-13 00:00:00+00:00,0.0016925545832766498
2022-05-14 00:00:00+00:00,0.0
2022-05-15 00:00:00+00:00,0.0
2022-05-16 00:00:00+00:00,0.0
2022-05-17 00:00:00+00:00,0.0
2022-05-18 00:00:00+00:00,0.0
2022-05-19 00:00:00+00:00,0.0
2022-05-20 00:00:00+00:00,0.0
2022-05-21 00:00:00+00:00,0.0
2022-05-22 00:00:00+00:00,0.0
2022-05-23 00:00:00+00:00,0.0
2022-05-24 00:00:00+00:00,0.0
2022-05-25 00:00:00+00:00,0.0
2022-05-26 00:00:00+00:00,0.0
2022-05-27 00:00:00+00:00,0.0
2022-05-28 00:00:00+00:00,0.0
2022-05-29 00:00:00+00:00,0.0
2022-05-30 00:00:00+00:00,0.0
2022-05-31 00:00:00+00:00,-7.951194345525488e-05
2022-06-01 00:00:00+00:00,0.00011971884033201011
2022-06-02 00:00:00+00:00,0.0
2022-06-03 00:00:00+00:00,0.0
2022-06-04 00:00:00+00:00,0.0
2022-06-05 00:00:00+00:00,0.0
2022-06-06 00:00:00+00:00,0.0
2022-06-07 00:00:00+00:00,-0.0031267366853832104
2022-06-08 00:00:00+00:00,-0.0004155241931506316
2022-06-09 00:00:00+00:00,0.0012937788894511572
2022-06-10 00:00:00+00:00,0.00045780846986897796
2022-06-11 00:00:00+00:00,-0.0010714929935403375
2022-06-12 00:00:00+00:00,-0.006276784411593137
2022-06-13 00:00:00+00:00,0.014946126766954967
2022-06-14 00:00:00+00:00,0.002372373982333716
2022-06-15 00:00:00+00:00,-0.003039517812304588
2022-06-16 00:00:00+00:00,0.00777083316952236
2022-06-17 00:00:00+00:00,0.00023626326705665664
2022-06-18 00:00:00+00:00,-0.00351798889861107
2022-06-19 00:00:00+00:00,-0.0044495965343997424
2022-06-20 00:00:00+00:00,0.0012512417964445075
2022-06-21 00:00:00+00:00,0.0
2022-06-22 00:00:00+00:00,0.0
2022-06-23 00:00:00+00:00,0.0
2022-06-24 00:00:00+00:00,0.0
2022-06-25 00:00:00+00:00,-0.0011065297546461706
2022-06-26 00:00:00+00:00,0.0
2022-06-27 00:00:00+00:00,0.0009017246338173101
2022-06-28 00:00:00+00:00,-0.005192044831448078
2022-06-29 00:00:00+00:00,-5.375227104119427e-05
2022-06-30 00:00:00+00:00,0.0025831354098872616
2022-07-01 00:00:00+00:00,0.0011052707489581884
2022-07-02 00:00:00+00:00,0.0
2022-07-03 00:00:00+00:00,0.0
2022-07-04 00:00:00+00:00,0.0
2022-07-05 00:00:00+00:00,0.0
2022-07-06 00:00:00+00:00,0.0
2022-07-07 00:00:00+00:00,0.0
2022-07-08 00:00:00+00:00,0.0
2022-07-09 00:00:00+00:00,0.0
2022-07-10 00:00:00+00:00,0.0
2022-07-11 00:00:00+00:00,0.0
2022-07-12 00:00:00+00:00,0.0
2022-07-13 00:00:00+00:00,0.002106728455064088
2022-07-14 00:00:00+00:00,-0.00044275900567043047
2022-07-15 00:00:00+00:00,-0.0006402250499018855
2022-07-16 00:00:00+00:00,0.0008862515602440773
2022-07-17 00:00:00+00:00,0.002433044803452139
2022-07-18 00:00:00+00:00,-0.0013675728975051577
2022-07-19 00:00:00+00:00,0.0
2022-07-20 00:00:00+00:00,0.00023560380420553276
2022-07-21 00:00:00+00:00,-0.0015322144900041202
2022-07-22 00:00:00+00:00,-0.0007654411249638087
2022-07-23 00:00:00+00:00,0.0
2022-07-24 00:00:00+00:00,0.0
2022-07-25 00:00:00+00:00,0.0
2022-07-26 00:00:00+00:00,0.0
2022-07-27 00:00:00+00:00,0.00010450693229972275
2022-07-28 00:00:00+00:00,-0.0022908386143475814
2022-07-29 00:00:00+00:00,-0.0005723429121792761
2022-07-30 00:00:00+00:00,-0.0001001304095958185
2022-07-31 00:00:00+00:00,0.0
2022-08-01 00:00:00+00:00,0.0002326541919692375
2022-08-02 00:00:00+00:00,0.0
2022-08-03 00:00:00+00:00,-1.190972449324068e-05
2022-08-04 00:00:00+00:00,0.0007215355098724747
2022-08-05 00:00:00+00:00,0.0
2022-08-06 00:00:00+00:00,0.0
2022-08-07 00:00:00+00:00,0.0
2022-08-08 00:00:00+00:00,0.0
2022-08-09 00:00:00+00:00,0.0
2022-08-10 00:00:00+00:00,0.002476505224519112
2022-08-11 00:00:00+00:00,-0.0002061824907268757
2022-08-12 00:00:00+00:00,0.0
2022-08-13 00:00:00+00:00,0.0
2022-08-14 00:00:00+00:00,0.00010818536778768526
2022-08-15 00:00:00+00:00,0.00020378476128988452
2022-08-16 00:00:00+00:00,0.0
2022-08-17 00:00:00+00:00,-0.0025170511471628823
2022-08-18 00:00:00+00:00,0.0
2022-08-19 00:00:00+00:00,-0.00283936426120501
2022-08-20 00:00:00+00:00,0.0011325144922337993
2022-08-21 00:00:00+00:00,0.0036289104700479363
2022-08-22 00:00:00+00:00,-0.0029602461456834234
2022-08-23 00:00:00+00:00,0.0
2022-08-24 00:00:00+00:00,0.0
2022-08-25 00:00:00+00:00,0.0
2022-08-26 00:00:00+00:00,-0.0005953315506729028
2022-08-27 00:00:00+00:00,-0.001842813346680835
2022-08-28 00:00:00+00:00,-0.0004973043304123817
2022-08-29 00:00:00+00:00,0.0034087593006328068
2022-08-30 00:00:00+00:00,0.0010823758627460452
2022-08-31 00:00:00+00:00,0.0005144456261640684
2022-09-01 00:00:00+00:00,0.0007138866767722626
2022-09-02 00:00:00+00:00,0.0
2022-09-03 00:00:00+00:00,-0.0004210533172757623
2022-09-04 00:00:00+00:00,0.0
2022-09-05 00:00:00+00:00,2.902139436363377e-05
2022-09-06 00:00:00+00:00,-0.00206462931829417
2022-09-07 00:00:00+00:00,0.0004471419325219018
2022-09-08 00:00:00+00:00,-0.0001266600893491392
2022-09-09 00:00:00+00:00,-0.0018030630638892677
2022-09-10 00:00:00+00:00,0.0
2022-09-11 00:00:00+00:00,-0.0001919169746933991
2022-09-12 00:00:00+00:00,-0.0003365976354196251
2022-09-13 00:00:00+00:00,-0.01727127317300839
2022-09-14 00:00:00+00:00,0.006506170718622541
2022-09-15 00:00:00+00:00,-0.0007407848897659571
2022-09-16 00:00:00+00:00,-0.004075786467851742
2022-09-17 00:00:00+00:00,-0.00039673961703431666
2022-09-18 00:00:00+00:00,0.0
2022-09-19 00:00:00+00:00,0.0066089197280842895
2022-09-20 00:00:00+00:00,-0.0024371209806133528
2022-09-21 00:00:00+00:00,0.0
2022-09-22 00:00:00+00:00,0.017432030645163306
2022-09-23 00:00:00+00:00,0.0
2022-09-24 00:00:00+00:00,0.0
2022-09-25 00:00:00+00:00,2.0982050179036826e-05
2022-09-26 00:00:00+00:00,-0.0001753622820666154
2022-09-27 00:00:00+00:00,0.0019840920481382905
2022-09-28 00:00:00+00:00,-0.0060608299548042905
2022-09-29 00:00:00+00:00,0.0
2022-09-30 00:00:00+00:00,0.0
2022-10-01 00:00:00+00:00,0.0
2022-10-02 00:00:00+00:00,0.0
2022-10-03 00:00:00+00:00,0.0
2022-10-04 00:00:00+00:00,0.0
2022-10-05 00:00:00+00:00,0.0
2022-10-06 00:00:00+00:00,0.0
2022-10-07 00:00:00+00:00,0.0
2022-10-08 00:00:00+00:00,0.0
2022-10-09 00:00:00+00:00,0.0
2022-10-10 00:00:00+00:00,0.0019727595858426527
2022-10-11 00:00:00+00:00,-0.00047598635148152164
2022-10-12 00:00:00+00:00,0.0
2022-10-13 00:00:00+00:00,0.0005650383165088635
2022-10-14 00:00:00+00:00,0.0004650557758289429
2022-10-15 00:00:00+00:00,0.0
2022-10-16 00:00:00+00:00,0.0
2022-10-17 00:00:00+00:00,0.0
2022-10-18 00:00:00+00:00,0.0
2022-10-19 00:00:00+00:00,0.00034305462727768777
2022-10-20 00:00:00+00:00,0.0
2022-10-21 00:00:00+00:00,0.00030853665306945603
2022-10-22 00:00:00+00:00,0.0006815186792318992
2022-10-23 00:00:00+00:00,0.0
2022-10-24 00:00:00+00:00,0.0
2022-10-25 00:00:00+00:00,-0.0018847505965101127
2022-10-26 00:00:00+00:00,-0.004230385633055103
2022-10-27 00:00:00+00:00,-0.00047810575777973896
2022-10-28 00:00:00+00:00,-0.000364208867595363
2022-10-29 00:00:00+00:00,0.023144622762197073
2022-10-30 00:00:00+00:00,0.0022834364310515376
2022-10-31 00:00:00+00:00,0.0
2022-11-01 00:00:00+00:00,0.0024457134430835637
2022-11-02 00:00:00+00:00,0.0007911062904847564
2022-11-03 00:00:00+00:00,0.006449522297055764
2022-11-04 00:00:00+00:00,-0.00011537267352866343
2022-11-05 00:00:00+00:00,-0.001500198430225607
2022-11-06 00:00:00+00:00,7.752998328871839e-05
2022-11-07 00:00:00+00:00,0.0013485478788085733
2022-11-08 00:00:00+00:00,0.03309277340542858
2022-11-09 00:00:00+00:00,-0.1040044589811365
2022-11-10 00:00:00+00:00,0.0146000255163732
2022-11-11 00:00:00+00:00,0.002181680287481235
2022-11-12 00:00:00+00:00,0.0014972039024046195
2022-11-13 00:00:00+00:00,0.0
2022-11-14 00:00:00+00:00,-0.0008354267753083698
2022-11-15 00:00:00+00:00,0.001278425975619124
2022-11-16 00:00:00+00:00,0.0
2022-11-17 00:00:00+00:00,0.0
2022-11-18 00:00:00+00:00,0.0
2022-11-19 00:00:00+00:00,0.0
2022-11-20 00:00:00+00:00,0.0
2022-11-21 00:00:00+00:00,0.0
2022-11-22 00:00:00+00:00,0.0
2022-11-23 00:00:00+00:00,0.0
2022-11-24 00:00:00+00:00,0.00043676680006407586
2022-11-25 00:00:00+00:00,0.00019994865883487338
2022-11-26 00:00:00+00:00,0.0004384716578599007
2022-11-27 00:00:00+00:00,0.0
2022-11-28 00:00:00+00:00,0.0
2022-11-29 00:00:00+00:00,0.0
2022-11-30 00:00:00+00:00,0.0
2022-12-01 00:00:00+00:00,-0.0014154312799685934
2022-12-02 00:00:00+00:00,0.0
2022-12-03 00:00:00+00:00,0.0
2022-12-04 00:00:00+00:00,0.0
2022-12-05 00:00:00+00:00,0.0
2022-12-06 00:00:00+00:00,0.0
2022-12-07 00:00:00+00:00,0.0
2022-12-08 00:00:00+00:00,0.0
2022-12-09 00:00:00+00:00,0.0
2022-12-10 00:00:00+00:00,0.0
2022-12-11 00:00:00+00:00,0.0
2022-12-12 00:00:00+00:00,-0.0003684897470514223
2022-12-13 00:00:00+00:00,0.00040876055238147567
2022-12-14 00:00:00+00:00,0.0002477323283631315
2022-12-15 00:00:00+00:00,-0.0005103867237734308
2022-12-16 00:00:00+00:00,-0.0033597050661820504
2022-12-17 00:00:00+00:00,0.0021743844351162405
2022-12-18 00:00:00+00:00,-0.0018168715893203625
2022-12-19 00:00:00+00:00,0.0
2022-12-20 00:00:00+00:00,0.0
2022-12-21 00:00:00+00:00,-0.00071296186995926
2022-12-22 00:00:00+00:00,0.0
2022-12-23 00:00:00+00:00,0.0
2022-12-24 00:00:00+00:00,0.0
2022-12-25 00:00:00+00:00,0.0
2022-12-26 00:00:00+00:00,-0.0004752181237259264
2022-12-27 00:00:00+00:00,5.024621703581073e-05
2022-12-28 00:00:00+00:00,0.0
2022-12-29 00:00:00+00:00,0.0
2022-12-30 00:00:00+00:00,-0.005892332405075139
2022-12-31 00:00:00+00:00,-0.001664593969790863
2023-01-01 00:00:00+00:00,-0.00031050645232763075
2023-01-02 00:00:00+00:00,0.006603745427105446
2023-01-03 00:00:00+00:00,0.008490859242993672
2023-01-04 00:00:00+00:00,-0.002014053538730311
2023-01-05 00:00:00+00:00,-0.0008223348036610617
2023-01-06 00:00:00+00:00,-0.001909455685359396
2023-01-07 00:00:00+00:00,0.0011394861099774337
2023-01-08 00:00:00+00:00,0.0
2023-01-09 00:00:00+00:00,-0.004598974932387991
2023-01-10 00:00:00+00:00,0.0
2023-01-11 00:00:00+00:00,-7.173431551348429e-05
2023-01-12 00:00:00+00:00,-0.0005894993193549867
2023-01-13 00:00:00+00:00,-0.0016027773318047344
2023-01-14 00:00:00+00:00,0.02456233481725446
2023-01-15 00:00:00+00:00,-0.005478320641523808
2023-01-16 00:00:00+00:00,-0.00022666482829594112
2023-01-17 00:00:00+00:00,0.0
2023-01-18 00:00:00+00:00,-0.0030741978823176073
2023-01-19 00:00:00+00:00,0.0013625133599783426
2023-01-20 00:00:00+00:00,-0.00044484446189447266
2023-01-21 00:00:00+00:00,-0.0011305187366932076
2023-01-22 00:00:00+00:00,0.0
2023-01-23 00:00:00+00:00,0.00031341383647767425
2023-01-24 00:00:00+00:00,0.0003346610478476346
2023-01-25 00:00:00+00:00,0.0024598174114465873
2023-01-26 00:00:00+00:00,0.0
2023-01-27 00:00:00+00:00,0.0
2023-01-28 00:00:00+00:00,0.0
2023-01-29 00:00:00+00:00,0.0
2023-01-30 00:00:00+00:00,0.0025231263319976742
2023-01-31 00:00:00+00:00,0.0
2023-02-01 00:00:00+00:00,0.0
2023-02-02 00:00:00+00:00,-0.0008725350116479877
2023-02-03 00:00:00+00:00,0.0
2023-02-04 00:00:00+00:00,0.0008434642668849073
2023-02-05 00:00:00+00:00,0.0
2023-02-06 00:00:00+00:00,0.0
2023-02-07 00:00:00+00:00,0.0
2023-02-08 00:00:00+00:00,0.0
2023-02-09 00:00:00+00:00,0.00331294474591849
2023-02-10 00:00:00+00:00,-0.001641198547517227
2023-02-11 00:00:00+00:00,0.002452001283065743
2023-02-12 00:00:00+00:00,-0.0008977647094348143
2023-02-13 00:00:00+00:00,-0.0035489301650937803
2023-02-14 00:00:00+00:00,-0.0007758710839333321
2023-02-15 00:00:00+00:00,0.0
2023-02-16 00:00:00+00:00,0.005354857557015891
2023-02-17 00:00:00+00:00,-3.7389328441743885e-05
2023-02-18 00:00:00+00:00,0.00019788754236173367
2023-02-19 00:00:00+00:00,0.0
2023-02-20 00:00:00+00:00,0.0
2023-02-21 00:00:00+00:00,0.0
2023-02-22 00:00:00+00:00,0.0
2023-02-23 00:00:00+00:00,0.0
2023-02-24 00:00:00+00:00,0.0
2023-02-25 00:00:00+00:00,-2.2750191032936415e-05
2023-02-26 00:00:00+00:00,0.0007344643946557253
2023-02-27 00:00:00+00:00,7.145395505880534e-05
2023-02-28 00:00:00+00:00,0.0
2023-03-01 00:00:00+00:00,0.0020015627608982217
2023-03-02 00:00:00+00:00,0.00043614523223152674
2023-03-03 00:00:00+00:00,-0.0017914694693732932
2023-03-04 00:00:00+00:00,0.0
2023-03-05 00:00:00+00:00,1.3121948441755588e-05
2023-03-06 00:00:00+00:00,0.0
2023-03-07 00:00:00+00:00,0.0
2023-03-08 00:00:00+00:00,0.0
2023-03-09 00:00:00+00:00,0.003448048475227768
2023-03-10 00:00:00+00:00,-0.01048787329301426
2023-03-11 00:00:00+00:00,-0.0016019012818749034
2023-03-12 00:00:00+00:00,0.007171915576695182
2023-03-13 00:00:00+00:00,0.012475107336281242
2023-03-14 00:00:00+00:00,0.005656995112620475
2023-03-15 00:00:00+00:00,-0.0007426780656283732
2023-03-16 00:00:00+00:00,-0.0002764193252441085
2023-03-17 00:00:00+00:00,0.0008582196915826804
2023-03-18 00:00:00+00:00,-1.6144817729118522e-05
2023-03-19 00:00:00+00:00,3.7523680469612515e-05
2023-03-20 00:00:00+00:00,0.000513527701604781
2023-03-21 00:00:00+00:00,-0.002359088763915683
2023-03-22 00:00:00+00:00,0.0041777293238581155
2023-03-23 00:00:00+00:00,0.0036154574487035213
2023-03-24 00:00:00+00:00,0.0007085796572724148
2023-03-25 00:00:00+00:00,-0.0008843694249341599
2023-03-26 00:00:00+00:00,0.0
2023-03-27 00:00:00+00:00,0.0
2023-03-28 00:00:00+00:00,0.0
2023-03-29 00:00:00+00:00,0.0
2023-03-30 00:00:00+00:00,0.0
2023-03-31 00:00:00+00:00,0.0
2023-04-01 00:00:00+00:00,0.0
2023-04-02 00:00:00+00:00,0.0
2023-04-03 00:00:00+00:00,0.0
2023-04-04 00:00:00+00:00,0.0
2023-04-05 00:00:00+00:00,0.0
2023-04-06 00:00:00+00:00,0.0
2023-04-07 00:00:00+00:00,0.0
2023-04-08 00:00:00+00:00,0.0
2023-04-09 00:00:00+00:00,0.0
2023-04-10 00:00:00+00:00,0.0002620914349956434
2023-04-11 00:00:00+00:00,0.0
2023-04-12 00:00:00+00:00,0.0
2023-04-13 00:00:00+00:00,0.0
2023-04-14 00:00:00+00:00,0.0035254291024148943
2023-04-15 00:00:00+00:00,0.0004661283671369208
2023-04-16 00:00:00+00:00,-0.001291945297601012
2023-04-17 00:00:00+00:00,-0.007698707415412505
2023-04-18 00:00:00+00:00,-0.00010495207385191827
2023-04-19 00:00:00+00:00,-0.00025259058214692644
2023-04-20 00:00:00+00:00,0.00014554374578096607
2023-04-21 00:00:00+00:00,0.0
2023-04-22 00:00:00+00:00,0.0027948023467722714
2023-04-23 00:00:00+00:00,0.0013117680112278813
2023-04-24 00:00:00+00:00,0.0005493102527842677
2023-04-25 00:00:00+00:00,0.0003407868491741981
2023-04-26 00:00:00+00:00,0.0
2023-04-27 00:00:00+00:00,-0.0028493828318694034
2023-04-28 00:00:00+00:00,0.00026848945289100346
2023-04-29 00:00:00+00:00,0.0
2023-04-30 00:00:00+00:00,0.00012348235965643276
2023-05-01 00:00:00+00:00,-0.0013112705364567222
2023-05-02 00:00:00+00:00,0.0
2023-05-03 00:00:00+00:00,0.0017515613279303608
2023-05-04 00:00:00+00:00,-0.00037391843928206715
2023-05-05 00:00:00+00:00,0.0
2023-05-06 00:00:00+00:00,0.0013522664883999687
2023-05-07 00:00:00+00:00,0.0003550112202525861
2023-05-08 00:00:00+00:00,0.0
2023-05-09 00:00:00+00:00,-6.0380274739614374e-05
2023-05-10 00:00:00+00:00,-0.0004502474099731393
2023-05-11 00:00:00+00:00,-0.0005138366809985405
2023-05-12 00:00:00+00:00,0.0009920658320192845
2023-05-13 00:00:00+00:00,-0.0003371517789417915
2023-05-14 00:00:00+00:00,-2.7874737841713303e-05
2023-05-15 00:00:00+00:00,0.0
2023-05-16 00:00:00+00:00,0.0
2023-05-17 00:00:00+00:00,0.0
2023-05-18 00:00:00+00:00,0.0
2023-05-19 00:00:00+00:00,0.0
2023-05-20 00:00:00+00:00,-0.00027490531561156427
2023-05-21 00:00:00+00:00,-0.0004753600912806768
2023-05-22 00:00:00+00:00,0.0
2023-05-23 00:00:00+00:00,1.767347284763005e-05
2023-05-24 00:00:00+00:00,0.00010130754788793013
2023-05-25 00:00:00+00:00,-0.00011349491994075355
2023-05-26 00:00:00+00:00,0.0
2023-05-27 00:00:00+00:00,0.00022442478030358824
2023-05-28 00:00:00+00:00,0.0006754079367014452
2023-05-29 00:00:00+00:00,4.531468610527225e-05
2023-05-30 00:00:00+00:00,0.00021215137965683402
2023-05-31 00:00:00+00:00,-0.0009248715050460873
2023-06-01 00:00:00+00:00,0.0
2023-06-02 00:00:00+00:00,0.0
2023-06-03 00:00:00+00:00,0.0
2023-06-04 00:00:00+00:00,-0.0010823520465151496
2023-06-05 00:00:00+00:00,0.002079198497313664
2023-06-06 00:00:00+00:00,0.002699729859546237
2023-06-07 00:00:00+00:00,0.0017232427642508907
2023-06-08 00:00:00+00:00,0.0
2023-06-09 00:00:00+00:00,0.0
2023-06-10 00:00:00+00:00,0.04398037689354852
2023-06-11 00:00:00+00:00,-0.0018850508473761927
2023-06-12 00:00:00+00:00,0.0005362798239650496
2023-06-13 00:00:00+00:00,-7.173431551348429e-05
2023-06-14 00:00:00+00:00,-0.0012563259632974583
2023-06-15 00:00:00+00:00,-0.0028503084627011575
2023-06-16 00:00:00+00:00,0.0013947650798756387
2023-06-17 00:00:00+00:00,0.0007390143487764836
2023-06-18 00:00:00+00:00,0.0
2023-06-19 00:00:00+00:00,0.0
2023-06-20 00:00:00+00:00,0.0
2023-06-21 00:00:00+00:00,0.0
2023-06-22 00:00:00+00:00,-0.0009686547635049558
2023-06-23 00:00:00+00:00,0.0
2023-06-24 00:00:00+00:00,0.0009811637326927255
2023-06-25 00:00:00+00:00,0.0
2023-06-26 00:00:00+00:00,-0.00014422398533576151
2023-06-27 00:00:00+00:00,0.00024604630749763644
2023-06-28 00:00:00+00:00,-0.0005597606732954713
2023-06-29 00:00:00+00:00,0.00029875323607338005
2023-06-30 00:00:00+00:00,-0.003559755836787892
2023-07-01 00:00:00+00:00,-6.534286438763517e-05
2023-07-02 00:00:00+00:00,-0.0006270862755786142
2023-07-03 00:00:00+00:00,-0.0005493412492180591
2023-07-04 00:00:00+00:00,0.0005235718212089847
2023-07-05 00:00:00+00:00,0.0
2023-07-06 00:00:00+00:00,0.0
2023-07-07 00:00:00+00:00,0.0
2023-07-08 00:00:00+00:00,0.0
2023-07-09 00:00:00+00:00,0.0
2023-07-10 00:00:00+00:00,0.0
2023-07-11 00:00:00+00:00,0.00032985474492796
2023-07-12 00:00:00+00:00,0.0001620492589095436
2023-07-13 00:00:00+00:00,0.0025194155501960486
2023-07-14 00:00:00+00:00,0.022498634028260796
2023-07-15 00:00:00+00:00,0.009719633130313841
2023-07-16 00:00:00+00:00,0.0
2023-07-17 00:00:00+00:00,0.0004472913912951325
2023-07-18 00:00:00+00:00,-0.0017572412877026604
2023-07-19 00:00:00+00:00,0.0
2023-07-20 00:00:00+00:00,0.0
2023-07-21 00:00:00+00:00,0.000159197791146955
2023-07-22 00:00:00+00:00,-0.0012485367469831118
2023-07-23 00:00:00+00:00,0.0
2023-07-24 00:00:00+00:00,0.0
2023-07-25 00:00:00+00:00,0.0
2023-07-26 00:00:00+00:00,0.0
2023-07-27 00:00:00+00:00,0.0
2023-07-28 00:00:00+00:00,0.0
2023-07-29 00:00:00+00:00,0.0
2023-07-30 00:00:00+00:00,0.0
2023-07-31 00:00:00+00:00,0.0
2023-08-01 00:00:00+00:00,0.0
2023-08-02 00:00:00+00:00,0.0
2023-08-03 00:00:00+00:00,0.0
2023-08-04 00:00:00+00:00,-0.0005763423245308939
2023-08-05 00:00:00+00:00,0.0
2023-08-06 00:00:00+00:00,0.0
2023-08-07 00:00:00+00:00,0.0
2023-08-08 00:00:00+00:00,-5.880799430983547e-05
2023-08-09 00:00:00+00:00,0.0
2023-08-10 00:00:00+00:00,0.0
2023-08-11 00:00:00+00:00,0.0
2023-08-12 00:00:00+00:00,0.0
2023-08-13 00:00:00+00:00,-0.0002557347246313053
2023-08-14 00:00:00+00:00,1.3721746730989571e-05
2023-08-15 00:00:00+00:00,0.001304956471075312
2023-08-16 00:00:00+00:00,-0.009469309162192675
2023-08-17 00:00:00+00:00,0.004616042641360802
2023-08-18 00:00:00+00:00,0.021672619537357087
2023-08-19 00:00:00+00:00,-0.0012063708749449995
2023-08-20 00:00:00+00:00,0.00033693679247906845
2023-08-21 00:00:00+00:00,0.0005103965220320713
2023-08-22 00:00:00+00:00,0.0011327154280370466
2023-08-23 00:00:00+00:00,0.0027130551427759298
2023-08-24 00:00:00+00:00,0.0
2023-08-25 00:00:00+00:00,0.0
2023-08-26 00:00:00+00:00,0.0
2023-08-27 00:00:00+00:00,0.0
2023-08-28 00:00:00+00:00,0.0
2023-08-29 00:00:00+00:00,0.001517104689874457
2023-08-30 00:00:00+00:00,-0.0011045717017137298
2023-08-31 00:00:00+00:00,-0.00046179528757703725
2023-09-01 00:00:00+00:00,-0.0002753155210528717
2023-09-02 00:00:00+00:00,0.0
2023-09-03 00:00:00+00:00,0.0
2023-09-04 00:00:00+00:00,0.0
2023-09-05 00:00:00+00:00,0.0
2023-09-06 00:00:00+00:00,0.0
2023-09-07 00:00:00+00:00,0.0
2023-09-08 00:00:00+00:00,0.0
2023-09-09 00:00:00+00:00,0.0
2023-09-10 00:00:00+00:00,-0.0003561283089701751
2023-09-11 00:00:00+00:00,-0.0005995838246656955
2023-09-12 00:00:00+00:00,0.0
2023-09-13 00:00:00+00:00,0.0
2023-09-14 00:00:00+00:00,0.0
2023-09-15 00:00:00+00:00,-0.0010557781318117558
2023-09-16 00:00:00+00:00,-6.48313942534746e-05
2023-09-17 00:00:00+00:00,0.0
2023-09-18 00:00:00+00:00,0.0
2023-09-19 00:00:00+00:00,0.00020671794397054928
2023-09-20 00:00:00+00:00,0.00010115586052388814
2023-09-21 00:00:00+00:00,-0.0025062307226641793
2023-09-22 00:00:00+00:00,0.0003323621223031561
2023-09-23 00:00:00+00:00,0.0
2023-09-24 00:00:00+00:00,0.0
2023-09-25 00:00:00+00:00,-0.0004621503823916146
2023-09-26 00:00:00+00:00,-8.564352881240814e-05
2023-09-27 00:00:00+00:00,-0.0003404257569640509
2023-09-28 00:00:00+00:00,-0.000265915270596767
2023-09-29 00:00:00+00:00,0.0
2023-09-30 00:00:00+00:00,-0.0003580270180950322
2023-10-01 00:00:00+00:00,-0.0009817083343614424
2023-10-02 00:00:00+00:00,-0.0026943590472557964
2023-10-03 00:00:00+00:00,0.0016643801620596726
2023-10-04 00:00:00+00:00,0.00014770084060028134
2023-10-05 00:00:00+00:00,5.9181303646200904e-05
2023-10-06 00:00:00+00:00,0.0
2023-10-07 00:00:00+00:00,0.00015997406507957932
2023-10-08 00:00:00+00:00,-5.4510702489000725e-05
2023-10-09 00:00:00+00:00,0.001342974530006639
2023-10-10 00:00:00+00:00,0.0019150788685416843
2023-10-11 00:00:00+00:00,0.0
2023-10-12 00:00:00+00:00,-6.090922654031994e-05
2023-10-13 00:00:00+00:00,0.0
2023-10-14 00:00:00+00:00,-0.00036374915600366866
2023-10-15 00:00:00+00:00,-0.00013911302771898865
2023-10-16 00:00:00+00:00,-0.0015499362855934703
2023-10-17 00:00:00+00:00,0.00030627761023728235
2023-10-18 00:00:00+00:00,0.00026663177141347956
2023-10-19 00:00:00+00:00,-0.0005589633214182193
2023-10-20 00:00:00+00:00,-0.00045753377955459073
2023-10-21 00:00:00+00:00,-0.000216483523970445
2023-10-22 00:00:00+00:00,2.999566661426205e-05
2023-10-23 00:00:00+00:00,0.002049698403732584
2023-10-24 00:00:00+00:00,-0.0011437447170408572
2023-10-25 00:00:00+00:00,0.0004919770881909278
2023-10-26 00:00:00+00:00,0.007078271624591735
2023-10-27 00:00:00+00:00,0.0004961314789511368
2023-10-28 00:00:00+00:00,0.0
2023-10-29 00:00:00+00:00,-0.00010563375756705357
2023-10-30 00:00:00+00:00,-0.0017598374609959354
2023-10-31 00:00:00+00:00,0.000843601666621193
2023-11-01 00:00:00+00:00,0.0016694417630243085
2023-11-02 00:00:00+00:00,0.005936893805006117
2023-11-03 00:00:00+00:00,0.0004421151073130955
2023-11-04 00:00:00+00:00,0.0004589760121057212
2023-11-05 00:00:00+00:00,-0.0015459959806624693
2023-11-06 00:00:00+00:00,-0.0029703206829932993
2023-11-07 00:00:00+00:00,0.0010629786557351498
2023-11-08 00:00:00+00:00,4.13697741678703e-05
2023-11-09 00:00:00+00:00,0.0018536064954947492
2023-11-10 00:00:00+00:00,-0.0019446566019052825
2023-11-11 00:00:00+00:00,0.008280266281173527
2023-11-12 00:00:00+00:00,0.0013171182371491176
2023-11-13 00:00:00+00:00,-0.0018851450901511261
2023-11-14 00:00:00+00:00,-0.001449998755735175
2023-11-15 00:00:00+00:00,0.0
2023-11-16 00:00:00+00:00,0.0005932236549138408
2023-11-17 00:00:00+00:00,0.0013998899102123875
2023-11-18 00:00:00+00:00,0.0002732186681210617
2023-11-19 00:00:00+00:00,0.0
2023-11-20 00:00:00+00:00,0.0
2023-11-21 00:00:00+00:00,0.0
2023-11-22 00:00:00+00:00,0.0008790181557939919
2023-11-23 00:00:00+00:00,0.0006348653615939985
2023-11-24 00:00:00+00:00,0.0
2023-11-25 00:00:00+00:00,0.0
2023-11-26 00:00:00+00:00,0.0
2023-11-27 00:00:00+00:00,0.0
2023-11-28 00:00:00+00:00,-0.0002960955905713646
2023-11-29 00:00:00+00:00,0.0
2023-11-30 00:00:00+00:00,0.0
2023-12-01 00:00:00+00:00,0.0
2023-12-02 00:00:00+00:00,-2.5799330071669678e-05
2023-12-03 00:00:00+00:00,0.0009462533730660353
2023-12-04 00:00:00+00:00,0.009522724098578926
2023-12-05 00:00:00+00:00,0.0
2023-12-06 00:00:00+00:00,0.0005975724222646382
2023-12-07 00:00:00+00:00,0.0
2023-12-08 00:00:00+00:00,-0.002248979340490099
2023-12-09 00:00:00+00:00,0.0008055102596466975
2023-12-10 00:00:00+00:00,-0.0011184145663123274
2023-12-11 00:00:00+00:00,0.0044403123830346865
2023-12-12 00:00:00+00:00,0.0
2023-12-13 00:00:00+00:00,-0.0004256968982201005
2023-12-14 00:00:00+00:00,-0.00026525188725387387
2023-12-15 00:00:00+00:00,0.0
2023-12-16 00:00:00+00:00,0.00026132651771796543
2023-12-17 00:00:00+00:00,0.0
2023-12-18 00:00:00+00:00,0.0
2023-12-19 00:00:00+00:00,0.0
2023-12-20 00:00:00+00:00,0.0006419737620301923
2023-12-21 00:00:00+00:00,-0.010386954357810034
2023-12-22 00:00:00+00:00,0.0004583924420014523
2023-12-23 00:00:00+00:00,0.001149672881024102
2023-12-24 00:00:00+00:00,-0.0010750195651947412
2023-12-25 00:00:00+00:00,-0.0010105327871822469
2023-12-26 00:00:00+00:00,0.0065780301034036185
2023-12-27 00:00:00+00:00,-0.002720275232612496
2023-12-28 00:00:00+00:00,0.015553162513965301
2023-12-29 00:00:00+00:00,0.002996693805359036
2023-12-30 00:00:00+00:00,0.0
2023-12-31 00:00:00+00:00,0.0007945735470005876
2024-01-01 00:00:00+00:00,0.0
2024-01-02 00:00:00+00:00,-3.934651044702579e-05
2024-01-03 00:00:00+00:00,0.022385411097447995
2024-01-04 00:00:00+00:00,0.002396782098225915
2024-01-05 00:00:00+00:00,-0.00029092488244383526
2024-01-06 00:00:00+00:00,0.0
2024-01-07 00:00:00+00:00,0.0
2024-01-08 00:00:00+00:00,0.0026330375313896536
2024-01-09 00:00:00+00:00,-5.5001843776696975e-05
2024-01-10 00:00:00+00:00,0.0003715276036984339
2024-01-11 00:00:00+00:00,0.0
2024-01-12 00:00:00+00:00,0.0
2024-01-13 00:00:00+00:00,0.0
2024-01-14 00:00:00+00:00,0.0
2024-01-15 00:00:00+00:00,-0.0004225520124873807
2024-01-16 00:00:00+00:00,0.00037685455870440645
2024-01-17 00:00:00+00:00,0.0
2024-01-18 00:00:00+00:00,0.0
2024-01-19 00:00:00+00:00,0.0
2024-01-20 00:00:00+00:00,0.0
2024-01-21 00:00:00+00:00,0.0
2024-01-22 00:00:00+00:00,0.0
2024-01-23 00:00:00+00:00,0.0014013126326440429
2024-01-24 00:00:00+00:00,-0.00020110381328438624
2024-01-25 00:00:00+00:00,-7.606223801904336e-06
2024-01-26 00:00:00+00:00,-0.0028726460982008827
2024-01-27 00:00:00+00:00,-0.00246789079997094
2024-01-28 00:00:00+00:00,0.0041836425635439385
2024-01-29 00:00:00+00:00,0.0008073082855179809
2024-01-30 00:00:00+00:00,-0.00037442308638549075
2024-01-31 00:00:00+00:00,-3.6507058057432446e-05
2024-02-01 00:00:00+00:00,-0.0003587797862279169
2024-02-02 00:00:00+00:00,-0.00020460065263748966
2024-02-03 00:00:00+00:00,-4.4757149625871e-05
2024-02-04 00:00:00+00:00,-0.00032504762653756604
2024-02-05 00:00:00+00:00,0.0
2024-02-06 00:00:00+00:00,-0.0001380734452548198
2024-02-07 00:00:00+00:00,0.0
2024-02-08 00:00:00+00:00,0.0008267398835501141
2024-02-09 00:00:00+00:00,0.002772724261518735
2024-02-10 00:00:00+00:00,-0.0006073358290556522
2024-02-11 00:00:00+00:00,0.0
2024-02-12 00:00:00+00:00,0.0
2024-02-13 00:00:00+00:00,0.00897687328737082
2024-02-14 00:00:00+00:00,-0.008666230240622732
2024-02-15 00:00:00+00:00,-0.003350354147836806
2024-02-16 00:00:00+00:00,0.006440214318303427
2024-02-17 00:00:00+00:00,-0.0002137992900490567
2024-02-18 00:00:00+00:00,-0.005956842008094182
2024-02-19 00:00:00+00:00,-0.0023153881610115117
2024-02-20 00:00:00+00:00,0.0032743203224086075
2024-02-21 00:00:00+00:00,0.00020183335129195492
2024-02-22 00:00:00+00:00,0.0
2024-02-23 00:00:00+00:00,0.0
2024-02-24 00:00:00+00:00,-0.0010370983125190373
2024-02-25 00:00:00+00:00,-0.0003895735258089702
2024-02-26 00:00:00+00:00,-0.0028721726607661923
2024-02-27 00:00:00+00:00,-0.011188780779036067
2024-02-28 00:00:00+00:00,0.004477379894261058
2024-02-29 00:00:00+00:00,0.01274548293226915
2024-03-01 00:00:00+00:00,-0.006663123536311498
2024-03-02 00:00:00+00:00,-0.012614011266168172
2024-03-03 00:00:00+00:00,0.002740026076687813
2024-03-04 00:00:00+00:00,0.0008102722418718398
2024-03-05 00:00:00+00:00,0.06615866680225327
2024-03-06 00:00:00+00:00,0.06314493020579592
2024-03-07 00:00:00+00:00,0.0
2024-03-08 00:00:00+00:00,0.0
2024-03-09 00:00:00+00:00,0.00039435274016791984
2024-03-10 00:00:00+00:00,-0.0011622552263224914
2024-03-11 00:00:00+00:00,0.002785498971936778
2024-03-12 00:00:00+00:00,0.0010703831960683918
2024-03-13 00:00:00+00:00,-0.0008687011313997333
2024-03-14 00:00:00+00:00,0.0
2024-03-15 00:00:00+00:00,0.0014865953447430896
2024-03-16 00:00:00+00:00,0.0004176285829074675
2024-03-17 00:00:00+00:00,0.0024955655180743715
2024-03-18 00:00:00+00:00,0.0
2024-03-19 00:00:00+00:00,0.0
2024-03-20 00:00:00+00:00,0.0
2024-03-21 00:00:00+00:00,0.0
2024-03-22 00:00:00+00:00,0.0
2024-03-23 00:00:00+00:00,0.0
2024-03-24 00:00:00+00:00,0.0
2024-03-25 00:00:00+00:00,0.0
2024-03-26 00:00:00+00:00,0.0
2024-03-27 00:00:00+00:00,0.0
2024-03-28 00:00:00+00:00,0.0
2024-03-29 00:00:00+00:00,0.0
2024-03-30 00:00:00+00:00,-0.0006891022454433848
2024-03-31 00:00:00+00:00,2.6743773585052737e-05
2024-04-01 00:00:00+00:00,0.0
2024-04-02 00:00:00+00:00,0.0
2024-04-03 00:00:00+00:00,0.0
2024-04-04 00:00:00+00:00,0.0
2024-04-05 00:00:00+00:00,-0.000902008059854918
2024-04-06 00:00:00+00:00,0.0007362236876474875
2024-04-07 00:00:00+00:00,-0.0003953512932930076
2024-04-08 00:00:00+00:00,0.0
2024-04-09 00:00:00+00:00,0.0
2024-04-10 00:00:00+00:00,-0.0007848334856175156
2024-04-11 00:00:00+00:00,0.0
2024-04-12 00:00:00+00:00,0.030380078450170916
2024-04-13 00:00:00+00:00,0.062113411479315435
2024-04-14 00:00:00+00:00,0.08600965243860925
2024-04-15 00:00:00+00:00,-0.002338469615531715
2024-04-16 00:00:00+00:00,-0.0006268630754912248
2024-04-17 00:00:00+00:00,-0.0033156513499993665
2024-04-18 00:00:00+00:00,-0.001873990549833646
2024-04-19 00:00:00+00:00,0.0027380668780155014
2024-04-20 00:00:00+00:00,0.0009197976159473485
2024-04-21 00:00:00+00:00,-0.0014203914376435076
2024-04-22 00:00:00+00:00,0.0005617099331861298
2024-04-23 00:00:00+00:00,-0.0023211697595458183
2024-04-24 00:00:00+00:00,0.00020573114687596786
2024-04-25 00:00:00+00:00,-0.0007020771272350784
2024-04-26 00:00:00+00:00,0.0016965614898718133
2024-04-27 00:00:00+00:00,0.0
2024-04-28 00:00:00+00:00,0.00042217336951589805
2024-04-29 00:00:00+00:00,4.3305129914641185e-05
2024-04-30 00:00:00+00:00,0.0
2024-05-01 00:00:00+00:00,-0.0048987153431824014
2024-05-02 00:00:00+00:00,0.0002595538886802642
2024-05-03 00:00:00+00:00,0.002462411497792436
2024-05-04 00:00:00+00:00,0.00024871321416949026
2024-05-05 00:00:00+00:00,0.0
2024-05-06 00:00:00+00:00,0.0
2024-05-07 00:00:00+00:00,0.0
2024-05-08 00:00:00+00:00,0.0
2024-05-09 00:00:00+00:00,0.0
2024-05-10 00:00:00+00:00,0.0
2024-05-11 00:00:00+00:00,0.0
2024-05-12 00:00:00+00:00,0.0
2024-05-13 00:00:00+00:00,0.0
2024-05-14 00:00:00+00:00,1.6172907654828962e-05
2024-05-15 00:00:00+00:00,-0.00039036403580666474
2024-05-16 00:00:00+00:00,0.0
2024-05-17 00:00:00+00:00,0.0
2024-05-18 00:00:00+00:00,0.0014734812199871127
2024-05-19 00:00:00+00:00,0.00013237432326587586
2024-05-20 00:00:00+00:00,-9.440339984316643e-05
2024-05-21 00:00:00+00:00,0.0021807021523902745
2024-05-22 00:00:00+00:00,-0.00026731682971010425
2024-05-23 00:00:00+00:00,0.00933459856884759
2024-05-24 00:00:00+00:00,3.306522607439289e-05
2024-05-25 00:00:00+00:00,0.0
2024-05-26 00:00:00+00:00,0.0012314047329368618
2024-05-27 00:00:00+00:00,0.0031624621174637544
2024-05-28 00:00:00+00:00,0.006198740088569244
2024-05-29 00:00:00+00:00,0.0016080855936508884
2024-05-30 00:00:00+00:00,-0.001221326692578227
2024-05-31 00:00:00+00:00,0.0
2024-06-01 00:00:00+00:00,-0.00043169692606249543
2024-06-02 00:00:00+00:00,6.244404093378288e-05
2024-06-03 00:00:00+00:00,0.0016956828664736344
2024-06-04 00:00:00+00:00,9.387341390173713e-05
2024-06-05 00:00:00+00:00,-0.003027061992543559
2024-06-06 00:00:00+00:00,-0.0004266145508295497
2024-06-07 00:00:00+00:00,0.008612614132602803
2024-06-08 00:00:00+00:00,-0.004243238325923376
2024-06-09 00:00:00+00:00,8.545761987685787e-05
2024-06-10 00:00:00+00:00,-0.00014765428588836725
2024-06-11 00:00:00+00:00,0.0
2024-06-12 00:00:00+00:00,-0.0010906350723681978
2024-06-13 00:00:00+00:00,-5.5274097112558066e-05
2024-06-14 00:00:00+00:00,0.002000112215771806
2024-06-15 00:00:00+00:00,0.000401419972583352
2024-06-16 00:00:00+00:00,0.0013027238637555382
2024-06-17 00:00:00+00:00,-0.00039331701483903496
2024-06-18 00:00:00+00:00,-0.005697393960230524
2024-06-19 00:00:00+00:00,0.006393058936259894
2024-06-20 00:00:00+00:00,-0.0021851766752693643
2024-06-21 00:00:00+00:00,-0.0025585316449875414
2024-06-22 00:00:00+00:00,0.0
2024-06-23 00:00:00+00:00,-0.001861705249633002
2024-06-24 00:00:00+00:00,0.0
2024-06-25 00:00:00+00:00,-0.0007272618812980937
2024-06-26 00:00:00+00:00,0.0
2024-06-27 00:00:00+00:00,0.0
2024-06-28 00:00:00+00:00,0.0
2024-06-29 00:00:00+00:00,-0.0006687585636980942
2024-06-30 00:00:00+00:00,8.385279720966834e-05
2024-07-01 00:00:00+00:00,0.0
2024-07-02 00:00:00+00:00,0.0
2024-07-03 00:00:00+00:00,0.0
2024-07-04 00:00:00+00:00,0.0
2024-07-05 00:00:00+00:00,0.0656215226459718
2024-07-06 00:00:00+00:00,0.004705379692344543
2024-07-07 00:00:00+00:00,-0.003649833016707586
2024-07-08 00:00:00+00:00,0.0024548147122452346
2024-07-09 00:00:00+00:00,-9.391669027582986e-06
2024-07-10 00:00:00+00:00,0.0
2024-07-11 00:00:00+00:00,0.0
2024-07-12 00:00:00+00:00,0.0
2024-07-13 00:00:00+00:00,0.0
2024-07-14 00:00:00+00:00,0.0
2024-07-15 00:00:00+00:00,0.0012421100033591396
2024-07-16 00:00:00+00:00,-0.0023270142302677863
2024-07-17 00:00:00+00:00,0.0
2024-07-18 00:00:00+00:00,0.0
2024-07-19 00:00:00+00:00,0.0
2024-07-20 00:00:00+00:00,0.0
2024-07-21 00:00:00+00:00,-0.0003211646228661598
2024-07-22 00:00:00+00:00,0.0
2024-07-23 00:00:00+00:00,0.0
2024-07-24 00:00:00+00:00,0.0
2024-07-25 00:00:00+00:00,-0.000703629106252583
2024-07-26 00:00:00+00:00,0.001598506279115765
2024-07-27 00:00:00+00:00,-0.0005264587783759701
2024-07-28 00:00:00+00:00,0.00013401960154658466
2024-07-29 00:00:00+00:00,0.002681867676704031
2024-07-30 00:00:00+00:00,-0.00030062188635984093
2024-07-31 00:00:00+00:00,0.0
2024-08-01 00:00:00+00:00,-0.0007936509897529088
2024-08-02 00:00:00+00:00,0.0002404761455845788
2024-08-03 00:00:00+00:00,-4.120796072776069e-06
2024-08-04 00:00:00+00:00,0.0
2024-08-05 00:00:00+00:00,0.012180592711933584
2024-08-06 00:00:00+00:00,0.004736432897607617
2024-08-07 00:00:00+00:00,-0.002940638451519586
2024-08-08 00:00:00+00:00,0.004041301614114691
2024-08-09 00:00:00+00:00,0.0
2024-08-10 00:00:00+00:00,0.0009130145806412152
2024-08-11 00:00:00+00:00,-0.0010048623939689447
2024-08-12 00:00:00+00:00,0.0
2024-08-13 00:00:00+00:00,0.0
2024-08-14 00:00:00+00:00,-0.0005007796112810709
2024-08-15 00:00:00+00:00,-0.00034934588770720975
2024-08-16 00:00:00+00:00,0.0039995689529546295
2024-08-17 00:00:00+00:00,0.0
2024-08-18 00:00:00+00:00,-0.0015761525928784693
2024-08-19 00:00:00+00:00,-0.0002029741643526408
2024-08-20 00:00:00+00:00,0.0
2024-08-21 00:00:00+00:00,-0.0010351398229176759
2024-08-22 00:00:00+00:00,3.616183560062455e-06
2024-08-23 00:00:00+00:00,0.0003073014157196347
2024-08-24 00:00:00+00:00,-0.0010510092181668512
2024-08-25 00:00:00+00:00,0.0
2024-08-26 00:00:00+00:00,-0.00019755882512042318
2024-08-27 00:00:00+00:00,-2.1163504815819044e-05
2024-08-28 00:00:00+00:00,0.00038060388133078545
2024-08-29 00:00:00+00:00,0.0
2024-08-30 00:00:00+00:00,0.0
2024-08-31 00:00:00+00:00,0.0
2024-09-01 00:00:00+00:00,0.0
2024-09-02 00:00:00+00:00,0.00019733748694747053
2024-09-03 00:00:00+00:00,0.0
2024-09-04 00:00:00+00:00,0.0
2024-09-05 00:00:00+00:00,0.0009938923774837048
2024-09-06 00:00:00+00:00,0.0
2024-09-07 00:00:00+00:00,0.0
2024-09-08 00:00:00+00:00,0.0009085466572609311
2024-09-09 00:00:00+00:00,0.0
2024-09-10 00:00:00+00:00,-0.0005244621030493382
2024-09-11 00:00:00+00:00,0.0
2024-09-12 00:00:00+00:00,0.0
2024-09-13 00:00:00+00:00,-0.001006764760665552
2024-09-14 00:00:00+00:00,-0.00012819357819595056
2024-09-15 00:00:00+00:00,-0.001431044910910386
2024-09-16 00:00:00+00:00,-0.0008079022948200098
2024-09-17 00:00:00+00:00,0.0
2024-09-18 00:00:00+00:00,0.0
2024-09-19 00:00:00+00:00,-0.0026546535469320265
2024-09-20 00:00:00+00:00,-0.003620401806175024
2024-09-21 00:00:00+00:00,-0.0004415214893881066
2024-09-22 00:00:00+00:00,0.0
2024-09-23 00:00:00+00:00,0.0
2024-09-24 00:00:00+00:00,-0.0002463362494052876
2024-09-25 00:00:00+00:00,0.0
2024-09-26 00:00:00+00:00,0.00012442685658117005
2024-09-27 00:00:00+00:00,-0.0007770269433779477
2024-09-28 00:00:00+00:00,0.0
2024-09-29 00:00:00+00:00,0.0
2024-09-30 00:00:00+00:00,0.0
2024-10-01 00:00:00+00:00,-0.0017587866223079994
2024-10-02 00:00:00+00:00,0.005061205078513263
2024-10-03 00:00:00+00:00,0.0
2024-10-04 00:00:00+00:00,0.0019566766716728363
2024-10-05 00:00:00+00:00,0.00034111455649444796
2024-10-06 00:00:00+00:00,0.0
2024-10-07 00:00:00+00:00,0.0
2024-10-08 00:00:00+00:00,0.0
2024-10-09 00:00:00+00:00,-0.0001206296473028076
2024-10-10 00:00:00+00:00,0.0
2024-10-11 00:00:00+00:00,0.0003122875256440916
2024-10-12 00:00:00+00:00,0.00025163514173454646
2024-10-13 00:00:00+00:00,0.0
2024-10-14 00:00:00+00:00,0.0
2024-10-15 00:00:00+00:00,0.0
2024-10-16 00:00:00+00:00,0.0
2024-10-17 00:00:00+00:00,0.0
2024-10-18 00:00:00+00:00,0.0
2024-10-19 00:00:00+00:00,-0.0009074498171068504
2024-10-20 00:00:00+00:00,-0.00016928400961834108
2024-10-21 00:00:00+00:00,0.0011976253492856376
2024-10-22 00:00:00+00:00,0.0
2024-10-23 00:00:00+00:00,0.0
2024-10-24 00:00:00+00:00,0.0
2024-10-25 00:00:00+00:00,-7.173431551348429e-05
2024-10-26 00:00:00+00:00,-0.0012371463990356508
2024-10-27 00:00:00+00:00,-0.00021821983108728947
2024-10-28 00:00:00+00:00,-0.0011386275676683005
2024-10-29 00:00:00+00:00,0.0
2024-10-30 00:00:00+00:00,-0.0005428990683205548
2024-10-31 00:00:00+00:00,-7.173431551348429e-05
2024-11-01 00:00:00+00:00,-0.0003639199701802622
2024-11-02 00:00:00+00:00,0.0
2024-11-03 00:00:00+00:00,0.0005808999644097705
2024-11-04 00:00:00+00:00,-0.002736940374285747
2024-11-05 00:00:00+00:00,0.0
2024-11-06 00:00:00+00:00,-0.0003768036151745662
2024-11-07 00:00:00+00:00,-0.001804555156924203
2024-11-08 00:00:00+00:00,0.0
2024-11-09 00:00:00+00:00,0.0
2024-11-10 00:00:00+00:00,-0.012966671986766943
2024-11-11 00:00:00+00:00,-0.0069834815789560235
2024-11-12 00:00:00+00:00,0.024586814326949594
2024-11-13 00:00:00+00:00,0.007668209763368432
2024-11-14 00:00:00+00:00,0.0
2024-11-15 00:00:00+00:00,-0.0003298747491023859
2024-11-16 00:00:00+00:00,0.0
2024-11-17 00:00:00+00:00,-0.0029945876054091203
2024-11-18 00:00:00+00:00,-0.00019362955426284792
2024-11-19 00:00:00+00:00,-0.005096200135898973
2024-11-20 00:00:00+00:00,0.0
2024-11-21 00:00:00+00:00,0.0
2024-11-22 00:00:00+00:00,0.0028801951992534314
2024-11-23 00:00:00+00:00,0.006052893367565559
2024-11-24 00:00:00+00:00,0.0027141131978001515
2024-11-25 00:00:00+00:00,0.0
2024-11-26 00:00:00+00:00,0.0
2024-11-27 00:00:00+00:00,0.0
2024-11-28 00:00:00+00:00,0.0
2024-11-29 00:00:00+00:00,0.0
2024-11-30 00:00:00+00:00,-0.00020409593078846172
2024-12-01 00:00:00+00:00,0.0
2024-12-02 00:00:00+00:00,0.022443913992999186
2024-12-03 00:00:00+00:00,0.0026196842226581555
2024-12-04 00:00:00+00:00,-0.0019145945813743529
2024-12-05 00:00:00+00:00,0.0038680564984403653
2024-12-06 00:00:00+00:00,-0.005446559951013203
2024-12-07 00:00:00+00:00,0.001412035603281121
2024-12-08 00:00:00+00:00,0.0
2024-12-09 00:00:00+00:00,0.002671183813552422
2024-12-10 00:00:00+00:00,0.041622283182369976
2024-12-11 00:00:00+00:00,0.0031953382978022436
2024-12-12 00:00:00+00:00,0.001579497075399961
2024-12-13 00:00:00+00:00,0.0
2024-12-14 00:00:00+00:00,0.00023785840084636698
2024-12-15 00:00:00+00:00,0.003681287610249999
2024-12-16 00:00:00+00:00,-0.0014071745288406741
2024-12-17 00:00:00+00:00,0.0023813132549430024
2024-12-18 00:00:00+00:00,-0.003508847794293651
2024-12-19 00:00:00+00:00,-0.002203440124188032
2024-12-20 00:00:00+00:00,-0.0021482673273805976
2024-12-21 00:00:00+00:00,-0.006169073693607327
2024-12-22 00:00:00+00:00,-0.0012285859911771745
2024-12-23 00:00:00+00:00,0.0014316086113341543
2024-12-24 00:00:00+00:00,0.0002605511018223306
2024-12-25 00:00:00+00:00,0.000504768607767659
2024-12-26 00:00:00+00:00,-0.0007225213128489921
2024-12-27 00:00:00+00:00,-5.243191486564138e-06
2024-12-28 00:00:00+00:00,0.001590906030564478
2024-12-29 00:00:00+00:00,-0.001279028168249442
2024-12-30 00:00:00+00:00,0.0014429512636670856
2024-12-31 00:00:00+00:00,-0.0007058331601165218
2025-01-01 00:00:00+00:00,0.0
2025-01-02 00:00:00+00:00,0.0
2025-01-03 00:00:00+00:00,0.0
2025-01-04 00:00:00+00:00,0.0
2025-01-05 00:00:00+00:00,0.0
2025-01-06 00:00:00+00:00,0.0
2025-01-07 00:00:00+00:00,-0.003496530326197973
2025-01-08 00:00:00+00:00,7.970569720861832e-05
2025-01-09 00:00:00+00:00,-0.0061103447419180185
2025-01-10 00:00:00+00:00,-0.001619740052526686
2025-01-11 00:00:00+00:00,0.0008114745164851322
2025-01-12 00:00:00+00:00,-0.0006471195437117579
2025-01-13 00:00:00+00:00,-0.000503021734993746
2025-01-14 00:00:00+00:00,-0.0002246813316336327
2025-01-15 00:00:00+00:00,0.0
2025-01-16 00:00:00+00:00,0.0
2025-01-17 00:00:00+00:00,0.0
2025-01-18 00:00:00+00:00,0.0
2025-01-19 00:00:00+00:00,-0.0009303368834099503
2025-01-20 00:00:00+00:00,0.023552343713334124
2025-01-21 00:00:00+00:00,0.0007172710921440366
2025-01-22 00:00:00+00:00,0.0
2025-01-23 00:00:00+00:00,0.0
2025-01-24 00:00:00+00:00,0.0
2025-01-25 00:00:00+00:00,-0.00034383879946573424
2025-01-26 00:00:00+00:00,0.0002989062145773467
2025-01-27 00:00:00+00:00,0.0036067558283432244
2025-01-28 00:00:00+00:00,-0.001345069356810105
2025-01-29 00:00:00+00:00,0.0
2025-01-30 00:00:00+00:00,0.0
2025-01-31 00:00:00+00:00,0.0
2025-02-01 00:00:00+00:00,0.0
2025-02-02 00:00:00+00:00,-0.00896952069651736
2025-02-03 00:00:00+00:00,0.10693516203119617
2025-02-04 00:00:00+00:00,0.007307902448634465
2025-02-05 00:00:00+00:00,0.0
2025-02-06 00:00:00+00:00,0.0
2025-02-07 00:00:00+00:00,0.0
2025-02-08 00:00:00+00:00,-0.0005691234642452756
2025-02-09 00:00:00+00:00,0.0
2025-02-10 00:00:00+00:00,0.0
2025-02-11 00:00:00+00:00,0.0
2025-02-12 00:00:00+00:00,0.0
2025-02-13 00:00:00+00:00,0.0
2025-02-14 00:00:00+00:00,0.0
2025-02-15 00:00:00+00:00,0.0
2025-02-16 00:00:00+00:00,0.0
2025-02-17 00:00:00+00:00,0.0
2025-02-18 00:00:00+00:00,0.0015999299643685255
2025-02-19 00:00:00+00:00,-0.0005291330109389022
2025-02-20 00:00:00+00:00,0.0
2025-02-21 00:00:00+00:00,0.0
2025-02-22 00:00:00+00:00,-0.0009543439410345096
2025-02-23 00:00:00+00:00,0.0
2025-02-24 00:00:00+00:00,0.0
2025-02-25 00:00:00+00:00,0.0009169725199054342
2025-02-26 00:00:00+00:00,0.0017259016343076825
2025-02-27 00:00:00+00:00,-0.00033666832948942954
2025-02-28 00:00:00+00:00,0.0036686248330696767
2025-03-01 00:00:00+00:00,-0.0014332072157158177
2025-03-02 00:00:00+00:00,-0.0034738086489082345
2025-03-03 00:00:00+00:00,0.005410149383873491
2025-03-04 00:00:00+00:00,-0.009180491763092909
2025-03-05 00:00:00+00:00,0.008989570364970454
2025-03-06 00:00:00+00:00,0.0
2025-03-07 00:00:00+00:00,-0.0031115993166656608
2025-03-08 00:00:00+00:00,0.0
2025-03-09 00:00:00+00:00,-0.0005905021150217921
2025-03-10 00:00:00+00:00,-0.0012476489983576683
2025-03-11 00:00:00+00:00,0.006094666017694756
2025-03-12 00:00:00+00:00,-0.00028469003630393906
2025-03-13 00:00:00+00:00,-7.811150773014021e-05
2025-03-14 00:00:00+00:00,0.0
2025-03-15 00:00:00+00:00,-0.001012194098296301
2025-03-16 00:00:00+00:00,-0.0010683145900532711
2025-03-17 00:00:00+00:00,0.001333777195803081
2025-03-18 00:00:00+00:00,0.0
2025-03-19 00:00:00+00:00,0.0
2025-03-20 00:00:00+00:00,0.0
2025-03-21 00:00:00+00:00,0.0005951482587595146
2025-03-22 00:00:00+00:00,0.0
2025-03-23 00:00:00+00:00,0.0
2025-03-24 00:00:00+00:00,0.0
2025-03-25 00:00:00+00:00,0.0
2025-03-26 00:00:00+00:00,0.0
2025-03-27 00:00:00+00:00,0.0
2025-03-28 00:00:00+00:00,0.0
2025-03-29 00:00:00+00:00,0.0
2025-03-30 00:00:00+00:00,-0.002645088428961281
2025-03-31 00:00:00+00:00,0.0
2025-04-01 00:00:00+00:00,0.0008204704795975885
2025-04-02 00:00:00+00:00,-0.00036294398360768696
2025-04-03 00:00:00+00:00,-0.00040851915594279533
2025-04-04 00:00:00+00:00,0.0
2025-04-05 00:00:00+00:00,0.0
2025-04-06 00:00:00+00:00,-0.004831269519105489
2025-04-07 00:00:00+00:00,-0.016017427794900736
2025-04-08 00:00:00+00:00,-0.004244106182137743
2025-04-09 00:00:00+00:00,-0.001471005340664093
2025-04-10 00:00:00+00:00,0.004926420690414397
2025-04-11 00:00:00+00:00,0.0
2025-04-12 00:00:00+00:00,-0.0005202160120715705
2025-04-13 00:00:00+00:00,0.00024018531307536508
2025-04-14 00:00:00+00:00,-0.003060011870142049
2025-04-15 00:00:00+00:00,-0.0014092075810504842
2025-04-16 00:00:00+00:00,-0.0008085186480856013
2025-04-17 00:00:00+00:00,0.0
2025-04-18 00:00:00+00:00,0.0
2025-04-19 00:00:00+00:00,0.00012954845304928553
2025-04-20 00:00:00+00:00,0.0
2025-04-21 00:00:00+00:00,0.002192088727860502
2025-04-22 00:00:00+00:00,0.008798475605078454
2025-04-23 00:00:00+00:00,-0.0003992017481856952
2025-04-24 00:00:00+00:00,0.0
2025-04-25 00:00:00+00:00,0.0
2025-04-26 00:00:00+00:00,0.00044107438457968826
2025-04-27 00:00:00+00:00,-0.001826156686105701
2025-04-28 00:00:00+00:00,0.0014414068745141587
2025-04-29 00:00:00+00:00,2.8305813865499307e-05
2025-04-30 00:00:00+00:00,0.0007834733206235622
2025-05-01 00:00:00+00:00,0.0006065664413141425
2025-05-02 00:00:00+00:00,-0.00031908967614006716
2025-05-03 00:00:00+00:00,-0.00047446441586549483
2025-05-04 00:00:00+00:00,-0.0012417408384244408
2025-05-05 00:00:00+00:00,0.0009699815151625084
2025-05-06 00:00:00+00:00,-0.0008442180647171171
2025-05-07 00:00:00+00:00,0.0
2025-05-08 00:00:00+00:00,0.0
2025-05-09 00:00:00+00:00,0.0001400382688580271
2025-05-10 00:00:00+00:00,0.0
2025-05-11 00:00:00+00:00,0.0003283115540246328
2025-05-12 00:00:00+00:00,0.0007030214137871694
2025-05-13 00:00:00+00:00,0.0004246066144574976
2025-05-14 00:00:00+00:00,0.0
2025-05-15 00:00:00+00:00,0.0
2025-05-16 00:00:00+00:00,0.0
2025-05-17 00:00:00+00:00,0.0
2025-05-18 00:00:00+00:00,0.0
2025-05-19 00:00:00+00:00,-0.000352950143437981
2025-05-20 00:00:00+00:00,0.0005354942290410742
2025-05-21 00:00:00+00:00,-2.931303031041184e-05
2025-05-22 00:00:00+00:00,0.0
2025-05-23 00:00:00+00:00,0.0
2025-05-24 00:00:00+00:00,-0.0011905934741938578
2025-05-25 00:00:00+00:00,0.004141246882328092
2025-05-26 00:00:00+00:00,0.0018260384607608887
2025-05-27 00:00:00+00:00,0.0
2025-05-28 00:00:00+00:00,0.0
2025-05-29 00:00:00+00:00,0.0
2025-05-30 00:00:00+00:00,-0.005206215267629038
2025-05-31 00:00:00+00:00,0.0018517283936094198
2025-06-01 00:00:00+00:00,0.0005819554988983841
2025-06-02 00:00:00+00:00,0.0
2025-06-03 00:00:00+00:00,0.0
2025-06-04 00:00:00+00:00,0.0
2025-06-05 00:00:00+00:00,0.0
2025-06-06 00:00:00+00:00,0.007630193656056227
2025-06-07 00:00:00+00:00,0.0
2025-06-08 00:00:00+00:00,-0.00030349606810063434
2025-06-09 00:00:00+00:00,-5.0581376820665e-05
2025-06-10 00:00:00+00:00,0.0
2025-06-11 00:00:00+00:00,0.0
2025-06-12 00:00:00+00:00,0.0
2025-06-13 00:00:00+00:00,0.0032968334854084234
2025-06-14 00:00:00+00:00,0.0
2025-06-15 00:00:00+00:00,-0.00033061985217508005
2025-06-16 00:00:00+00:00,0.0
2025-06-17 00:00:00+00:00,0.0
2025-06-18 00:00:00+00:00,0.0007599457556114522
2025-06-19 00:00:00+00:00,8.457818784224075e-05
2025-06-20 00:00:00+00:00,0.0
2025-06-21 00:00:00+00:00,0.0007117373377727098
2025-06-22 00:00:00+00:00,-0.0010088422110569757
2025-06-23 00:00:00+00:00,-0.0009953322699036101
2025-06-24 00:00:00+00:00,0.000447913069501156
2025-06-25 00:00:00+00:00,0.0
2025-06-26 00:00:00+00:00,0.0
2025-06-27 00:00:00+00:00,0.0
2025-06-28 00:00:00+00:00,-0.00017507454124566143
2025-06-29 00:00:00+00:00,0.00019767551900420853
2025-06-30 00:00:00+00:00,0.0
2025-07-01 00:00:00+00:00,0.0
2025-07-02 00:00:00+00:00,0.0006291740263760568
2025-07-03 00:00:00+00:00,0.0
2025-07-04 00:00:00+00:00,0.0
2025-07-05 00:00:00+00:00,-0.00029574306272117434
2025-07-06 00:00:00+00:00,0.0
2025-07-07 00:00:00+00:00,0.0
2025-07-08 00:00:00+00:00,0.0
2025-07-09 00:00:00+00:00,0.0
2025-07-10 00:00:00+00:00,0.0007759027244165695
2025-07-11 00:00:00+00:00,-0.00019068447059561488
2025-07-12 00:00:00+00:00,0.0006608276849136448
2025-07-13 00:00:00+00:00,-1.5797956748841025e-05
2025-07-14 00:00:00+00:00,0.0009198194731910429
2025-07-15 00:00:00+00:00,-0.0008744602127299515
2025-07-16 00:00:00+00:00,0.0
2025-07-17 00:00:00+00:00,0.0
2025-07-18 00:00:00+00:00,0.003042824319793175
2025-07-19 00:00:00+00:00,0.0
2025-07-20 00:00:00+00:00,0.0
2025-07-21 00:00:00+00:00,-0.00020971826608504377
2025-07-22 00:00:00+00:00,-0.0006295831301969158
2025-07-23 00:00:00+00:00,0.0043517940988552885
2025-07-24 00:00:00+00:00,0.0020496703624089956
2025-07-25 00:00:00+00:00,0.0
2025-07-26 00:00:00+00:00,0.0
2025-07-27 00:00:00+00:00,0.0014123741424987926
2025-07-28 00:00:00+00:00,-0.00018488216828522108
2025-07-29 00:00:00+00:00,0.00045504132332820275
2025-07-30 00:00:00+00:00,0.0007617938073745888
2025-07-31 00:00:00+00:00,0.0
2025-08-01 00:00:00+00:00,-0.0033398440174370117
2025-08-02 00:00:00+00:00,0.0
2025-08-03 00:00:00+00:00,0.0
2025-08-04 00:00:00+00:00,-0.0003434467983090758
2025-08-05 00:00:00+00:00,2.553127149158461e-05
2025-08-06 00:00:00+00:00,-0.0006726904360146889
2025-08-07 00:00:00+00:00,0.0
2025-08-08 00:00:00+00:00,0.0
2025-08-09 00:00:00+00:00,-0.00018673537546175679
2025-08-10 00:00:00+00:00,0.0003839759585192519
2025-08-11 00:00:00+00:00,-0.0014992630374001494
2025-08-12 00:00:00+00:00,0.0005375761118904201
2025-08-13 00:00:00+00:00,0.0
2025-08-14 00:00:00+00:00,0.010366198662122468
2025-08-15 00:00:00+00:00,0.0038014997169868903
2025-08-16 00:00:00+00:00,0.00030991752857872674
2025-08-17 00:00:00+00:00,0.0002500155740689484
2025-08-18 00:00:00+00:00,0.00024388860686657592
2025-08-19 00:00:00+00:00,-0.0007884042872865665
2025-08-20 00:00:00+00:00,0.0008736009040567184
2025-08-21 00:00:00+00:00,0.0
2025-08-22 00:00:00+00:00,0.0
2025-08-23 00:00:00+00:00,-3.482130419572816e-05
2025-08-24 00:00:00+00:00,0.0
2025-08-25 00:00:00+00:00,-0.0025833771717733802
2025-08-26 00:00:00+00:00,0.002204710870346301
2025-08-27 00:00:00+00:00,-0.00020836378619426804
2025-08-28 00:00:00+00:00,0.0
2025-08-29 00:00:00+00:00,5.142160057867118e-05
2025-08-30 00:00:00+00:00,0.0
2025-08-31 00:00:00+00:00,0.0
2025-09-01 00:00:00+00:00,0.001058918596767096
2025-09-02 00:00:00+00:00,0.0
2025-09-03 00:00:00+00:00,0.000599475166502269
2025-09-04 00:00:00+00:00,-0.0016825062473548975
2025-09-05 00:00:00+00:00,0.0026857895231848965
2025-09-06 00:00:00+00:00,-0.0026142985115835357
2025-09-07 00:00:00+00:00,0.0029839064156170956
2025-09-08 00:00:00+00:00,0.0
2025-09-09 00:00:00+00:00,0.0
2025-09-10 00:00:00+00:00,-0.00022346568436341105
2025-09-11 00:00:00+00:00,-0.00010402238724472126
2025-09-12 00:00:00+00:00,0.0
2025-09-13 00:00:00+00:00,-0.0002042036548641892
2025-09-14 00:00:00+00:00,0.0
2025-09-15 00:00:00+00:00,0.0003347458656892039
2025-09-16 00:00:00+00:00,0.0005352275709993298
2025-09-17 00:00:00+00:00,0.0
2025-09-18 00:00:00+00:00,0.0
2025-09-19 00:00:00+00:00,-0.0011859787032566542
2025-09-20 00:00:00+00:00,0.00013759500074367656
2025-09-21 00:00:00+00:00,-7.775813260169629e-05
2025-09-22 00:00:00+00:00,0.006131754387052817
2025-09-23 00:00:00+00:00,-0.0002342590370883814
2025-09-24 00:00:00+00:00,0.0
2025-09-25 00:00:00+00:00,-0.004905707526873991
2025-09-26 00:00:00+00:00,0.0
2025-09-27 00:00:00+00:00,0.0
2025-09-28 00:00:00+00:00,0.0
2025-09-29 00:00:00+00:00,5.416351344065965e-05
2025-09-30 00:00:00+00:00,0.0003129319802233053
2025-10-01 00:00:00+00:00,-0.0001925165966896553
2025-10-02 00:00:00+00:00,0.0014863540384684978
2025-10-03 00:00:00+00:00,-0.001153741251100907
2025-10-04 00:00:00+00:00,0.00010814920582405388
2025-10-05 00:00:00+00:00,0.0017985937149653899
2025-10-06 00:00:00+00:00,0.0018577106153405561
2025-10-07 00:00:00+00:00,-7.173431551348429e-05
2025-10-08 00:00:00+00:00,-0.0004353427286002177
2025-10-09 00:00:00+00:00,0.0
2025-10-10 00:00:00+00:00,-0.00789588009257505
2025-10-11 00:00:00+00:00,0.08278254251912037
2025-10-12 00:00:00+00:00,0.014812765341632214
2025-10-13 00:00:00+00:00,-0.00021823701743394419
2025-10-14 00:00:00+00:00,-0.000152472144632106
2025-10-15 00:00:00+00:00,-0.00018629838484384792
2025-10-16 00:00:00+00:00,-0.0005409666955616508
2025-10-17 00:00:00+00:00,0.0
2025-10-18 00:00:00+00:00,0.00011466300304158709
2025-10-19 00:00:00+00:00,-0.0004252298929051924
2025-10-20 00:00:00+00:00,0.00166030745871883
2025-10-21 00:00:00+00:00,-9.770606450814031e-05
2025-10-22 00:00:00+00:00,0.0
2025-10-23 00:00:00+00:00,0.0
2025-10-24 00:00:00+00:00,0.0
2025-10-25 00:00:00+00:00,0.0
2025-10-26 00:00:00+00:00,0.003919707594463703
2025-10-27 00:00:00+00:00,2.2942138067589965e-05
2025-10-28 00:00:00+00:00,-0.001718989935458155
2025-10-29 00:00:00+00:00,-7.061791846468407e-05
2025-10-30 00:00:00+00:00,0.0023667922226751196
2025-10-31 00:00:00+00:00,0.0
2025-11-01 00:00:00+00:00,0.0
2025-11-02 00:00:00+00:00,0.0
2025-11-03 00:00:00+00:00,0.0
2025-11-04 00:00:00+00:00,0.0
2025-11-05 00:00:00+00:00,0.0
2025-11-06 00:00:00+00:00,0.0
2025-11-07 00:00:00+00:00,0.011232874113120205
2025-11-08 00:00:00+00:00,0.0
2025-11-09 00:00:00+00:00,0.0
2025-11-10 00:00:00+00:00,0.0
2025-11-11 00:00:00+00:00,0.006648687268511961
2025-11-12 00:00:00+00:00,0.0005149112202504734
2025-11-13 00:00:00+00:00,0.0024827761829254074
2025-11-14 00:00:00+00:00,0.0007248099627134856
2025-11-15 00:00:00+00:00,-0.0007039539676956631
2025-11-16 00:00:00+00:00,0.00195723427044463
2025-11-17 00:00:00+00:00,0.0008945702789411645
2025-11-18 00:00:00+00:00,0.00101459561653616
2025-11-19 00:00:00+00:00,-0.0019025309055123213
2025-11-20 00:00:00+00:00,0.0031813725827377452
2025-11-21 00:00:00+00:00,0.004851023872208234
2025-11-22 00:00:00+00:00,-0.00032426237393817553
2025-11-23 00:00:00+00:00,0.0
2025-11-24 00:00:00+00:00,0.0004522487881729699
2025-11-25 00:00:00+00:00,-3.349117498277692e-05
2025-11-26 00:00:00+00:00,0.0007238985147226726
2025-11-27 00:00:00+00:00,8.808072582807148e-05
2025-11-28 00:00:00+00:00,0.0
2025-11-29 00:00:00+00:00,0.0
2025-11-30 00:00:00+00:00,0.004140640065797955
2025-12-01 00:00:00+00:00,-0.002622087166530676
2025-12-02 00:00:00+00:00,0.0
2025-12-03 00:00:00+00:00,0.0
2025-12-04 00:00:00+00:00,0.0
2025-12-05 00:00:00+00:00,0.0
2025-12-06 00:00:00+00:00,0.0010075044822625654
2025-12-07 00:00:00+00:00,0.0
2025-12-08 00:00:00+00:00,0.0
2025-12-09 00:00:00+00:00,0.0
2025-12-10 00:00:00+00:00,-0.0010496698202319967
2025-12-11 00:00:00+00:00,-0.0012435987179760916
2025-12-12 00:00:00+00:00,0.0
2025-12-13 00:00:00+00:00,0.0003830053693734545
2025-12-14 00:00:00+00:00,0.0
2025-12-15 00:00:00+00:00,0.00023958694183935818
2025-12-16 00:00:00+00:00,-0.0007430458041720853
2025-12-17 00:00:00+00:00,0.0
2025-12-18 00:00:00+00:00,0.0021484140384939424
2025-12-19 00:00:00+00:00,0.0
2025-12-20 00:00:00+00:00,0.0
2025-12-21 00:00:00+00:00,0.0004333950533821706
2025-12-22 00:00:00+00:00,1.4503215521655825e-05
2025-12-23 00:00:00+00:00,0.0
2025-12-24 00:00:00+00:00,0.0
2025-12-25 00:00:00+00:00,-0.004368116367255728
2025-12-26 00:00:00+00:00,-0.001242441439820838
2025-12-27 00:00:00+00:00,-0.0011568591687336745
2025-12-28 00:00:00+00:00,0.0004393118451238247
2025-12-29 00:00:00+00:00,8.120323845935647e-06
2025-12-30 00:00:00+00:00,0.0
2025-12-31 00:00:00+00:00,0.0
2026-01-01 00:00:00+00:00,0.0007115476687141874
2026-01-02 00:00:00+00:00,0.0
2026-01-03 00:00:00+00:00,0.0
2026-01-04 00:00:00+00:00,0.0
2026-01-05 00:00:00+00:00,0.0
2026-01-06 00:00:00+00:00,0.0
2026-01-07 00:00:00+00:00,8.17948609326622e-05
2026-01-08 00:00:00+00:00,8.17879512106006e-05
2026-01-09 00:00:00+00:00,-0.000936952828453043
2026-01-10 00:00:00+00:00,-0.00045724814626544273
2026-01-11 00:00:00+00:00,-0.000794875127997212
2026-01-12 00:00:00+00:00,-2.6900073493038752e-05
2026-01-13 00:00:00+00:00,-0.0016268116454715628
2026-01-14 00:00:00+00:00,0.0004732547322800317
2026-01-15 00:00:00+00:00,0.0
2026-01-16 00:00:00+00:00,0.0
2026-01-17 00:00:00+00:00,0.0
2026-01-18 00:00:00+00:00,-0.00011137998917601858
2026-01-19 00:00:00+00:00,0.004679819576417787
2026-01-20 00:00:00+00:00,-0.0010471121462170556
2026-01-21 00:00:00+00:00,-0.0014548378995444006
2026-01-22 00:00:00+00:00,0.0001077170257364974
2026-01-23 00:00:00+00:00,-1.806880316883921e-05
2026-01-24 00:00:00+00:00,-0.0003499004238877384
2026-01-25 00:00:00+00:00,-0.0008636461128224338
2026-01-26 00:00:00+00:00,0.003986002976956534
2026-01-27 00:00:00+00:00,0.0
2026-01-28 00:00:00+00:00,-9.308282196234349e-05
2026-01-29 00:00:00+00:00,-0.0007301070872674988
2026-01-30 00:00:00+00:00,-0.0013896892409481576
2026-01-31 00:00:00+00:00,0.015614201203369673
2026-02-01 00:00:00+00:00,3.7583888820214636e-05
2026-02-02 00:00:00+00:00,7.006112595204645e-06
2026-02-03 00:00:00+00:00,0.00023092718905624605
2026-02-04 00:00:00+00:00,0.0
2026-02-05 00:00:00+00:00,-0.0044562199174260865
2026-02-06 00:00:00+00:00,-0.012578073746581946
2026-02-07 00:00:00+00:00,-0.0037773539813606683
2026-02-08 00:00:00+00:00,0.0
2026-02-09 00:00:00+00:00,0.0
2026-02-10 00:00:00+00:00,0.0
2026-02-11 00:00:00+00:00,0.0
2026-02-12 00:00:00+00:00,0.0
2026-02-13 00:00:00+00:00,0.0020968041334732054
2026-02-14 00:00:00+00:00,-0.0010607711005934575
2026-02-15 00:00:00+00:00,6.283010838661305e-05
2026-02-16 00:00:00+00:00,0.0
2026-02-17 00:00:00+00:00,0.0005324003229624257
2026-02-18 00:00:00+00:00,-0.0002901066074837634
2026-02-19 00:00:00+00:00,0.0007857699120706476
2026-02-20 00:00:00+00:00,0.0024978982279255327
2026-02-21 00:00:00+00:00,0.0
2026-02-22 00:00:00+00:00,-0.0015666623333849914
2026-02-23 00:00:00+00:00,-0.0012495718561502795
2026-02-24 00:00:00+00:00,-0.0041321944583139585
2026-02-25 00:00:00+00:00,0.0056247915193251815
2026-02-26 00:00:00+00:00,0.0003653916688485043
2026-02-27 00:00:00+00:00,0.0009684006025495733
2026-02-28 00:00:00+00:00,0.0
2026-03-01 00:00:00+00:00,0.0024505207279838393
2026-03-02 00:00:00+00:00,0.0
2026-03-03 00:00:00+00:00,-0.0006618869413195623
2026-03-04 00:00:00+00:00,0.000740608499682035
2026-03-05 00:00:00+00:00,0.0018764074544666144
2026-03-06 00:00:00+00:00,0.00033432066633678115
2026-03-07 00:00:00+00:00,7.53323583603385e-05
2026-03-08 00:00:00+00:00,-0.0007963778258838796
2026-03-09 00:00:00+00:00,0.0006102222515589248
2026-03-10 00:00:00+00:00,0.0
2026-03-11 00:00:00+00:00,-0.0004591337182220081
2026-03-12 00:00:00+00:00,0.000470881183006723
2026-03-13 00:00:00+00:00,0.0008202645070906002
2026-03-14 00:00:00+00:00,-9.53546851900802e-05
2026-03-15 00:00:00+00:00,-0.0011193492098526487
2026-03-16 00:00:00+00:00,-0.0032971829595605084
2026-03-17 00:00:00+00:00,0.0
2026-03-18 00:00:00+00:00,0.002449363254962966
2026-03-19 00:00:00+00:00,-0.0009531842137601471
2026-03-20 00:00:00+00:00,-0.0006478761928900007
2026-03-21 00:00:00+00:00,0.0
2026-03-22 00:00:00+00:00,-0.001014855172335889
2026-03-23 00:00:00+00:00,0.00017621755436516388
2026-03-24 00:00:00+00:00,0.0
2026-03-25 00:00:00+00:00,-8.876487305892891e-05
2026-03-26 00:00:00+00:00,-0.0005141375367514455
2026-03-27 00:00:00+00:00,-0.001136576083558692
2026-03-28 00:00:00+00:00,-0.0003540099089246008
2026-03-29 00:00:00+00:00,0.0
2026-03-30 00:00:00+00:00,0.0
2026-03-31 00:00:00+00:00,0.0
2026-04-01 00:00:00+00:00,0.0013089432341595794
2026-04-02 00:00:00+00:00,-0.0002767304414831232
2026-04-03 00:00:00+00:00,-0.00022694640184192487
2026-04-04 00:00:00+00:00,0.0
2026-04-05 00:00:00+00:00,0.0
2026-04-06 00:00:00+00:00,-0.0002701405528150665
2026-04-07 00:00:00+00:00,-0.007874606079765867
2026-04-08 00:00:00+00:00,-0.00013627870745389694
2026-04-09 00:00:00+00:00,0.0011306265002845406
2026-04-10 00:00:00+00:00,0.0
2026-04-11 00:00:00+00:00,0.0011686467774791682
2026-04-12 00:00:00+00:00,-0.003040231436651336
2026-04-13 00:00:00+00:00,0.0008059639499383137
2026-04-14 00:00:00+00:00,-0.0019196704330108553
2026-04-15 00:00:00+00:00,-0.0012061922594128738
2026-04-16 00:00:00+00:00,-0.006771375805189354
2026-04-17 00:00:00+00:00,-0.0006554231699232315
2026-04-18 00:00:00+00:00,5.192709398709782e-05
2026-04-19 00:00:00+00:00,-0.0026919191441721977
2026-04-20 00:00:00+00:00,0.0007702707576380883
2026-04-21 00:00:00+00:00,0.0
2026-04-22 00:00:00+00:00,0.0
2026-04-23 00:00:00+00:00,0.0
2026-04-24 00:00:00+00:00,0.0
2026-04-25 00:00:00+00:00,-0.00013557867656932476
2026-04-26 00:00:00+00:00,0.0
2026-04-27 00:00:00+00:00,0.0
2026-04-28 00:00:00+00:00,0.0
2026-04-29 00:00:00+00:00,0.0011430621303361635
2026-04-30 00:00:00+00:00,0.0038196886028561633
2026-05-01 00:00:00+00:00,0.0
2026-05-02 00:00:00+00:00,0.0
2026-05-03 00:00:00+00:00,0.0006685740227635538
2026-05-04 00:00:00+00:00,6.609433720978334e-05
2026-05-05 00:00:00+00:00,0.0
2026-05-06 00:00:00+00:00,0.0010915737819476884
2026-05-07 00:00:00+00:00,0.0
2026-05-08 00:00:00+00:00,0.0004268350722776903
2026-05-09 00:00:00+00:00,0.0
2026-05-10 00:00:00+00:00,-0.000684707321212687
2026-05-11 00:00:00+00:00,0.0011495895586292027
2026-05-12 00:00:00+00:00,-0.0018418196643829126
2026-05-13 00:00:00+00:00,0.003836090849487578
2026-05-14 00:00:00+00:00,-9.327968796838144e-05
2026-05-15 00:00:00+00:00,0.0034145505496585857
2026-05-16 00:00:00+00:00,-0.00010145889333110503
2026-05-17 00:00:00+00:00,-0.00031359733168256264
2026-05-18 00:00:00+00:00,0.001007104458033762
2026-05-19 00:00:00+00:00,-0.00031623276914098837
2026-05-20 00:00:00+00:00,3.1594753865711314e-05
2026-05-21 00:00:00+00:00,0.0
2026-05-22 00:00:00+00:00,-0.0009612676522688518
2026-05-23 00:00:00+00:00,0.004801818626735992
2026-05-24 00:00:00+00:00,0.000254194938511938
2026-05-25 00:00:00+00:00,0.0
2026-05-26 00:00:00+00:00,-7.173431551348429e-05
2026-05-27 00:00:00+00:00,-0.00231670451034638
2026-05-28 00:00:00+00:00,0.005476746129286796
2026-05-29 00:00:00+00:00,0.0026389897101802163
2026-05-30 00:00:00+00:00,-0.0003175822578094584
2026-05-31 00:00:00+00:00,-0.001003458540184831
2026-06-01 00:00:00+00:00,-2.9159085398949478e-05
2026-06-02 00:00:00+00:00,-0.001995437829858243
2026-06-03 00:00:00+00:00,0.002209740929869984
2026-06-04 00:00:00+00:00,0.008222743693595354
2026-06-05 00:00:00+00:00,-0.0002353160630682087
2026-06-06 00:00:00+00:00,-0.0011209438681677375
2026-06-07 00:00:00+00:00,0.00044749819709469685
2026-06-08 00:00:00+00:00,0.00041053892960392645
2026-06-09 00:00:00+00:00,0.0
2026-06-10 00:00:00+00:00,0.0
2026-06-11 00:00:00+00:00,0.0
2026-06-12 00:00:00+00:00,-0.0006718886419101641
2026-06-13 00:00:00+00:00,0.0
2026-06-14 00:00:00+00:00,-0.0019024691829865484
2026-06-15 00:00:00+00:00,-0.0008132251834272234
2026-06-16 00:00:00+00:00,-0.00010146719898809233
2026-06-17 00:00:00+00:00,-0.0003350868878507986
2026-06-18 00:00:00+00:00,-0.003194119982214262
2026-06-19 00:00:00+00:00,-9.818560013585045e-05
2026-06-20 00:00:00+00:00,0.00023837670221374727
2026-06-21 00:00:00+00:00,0.0007636675269674514
2026-06-22 00:00:00+00:00,0.0
2026-06-23 00:00:00+00:00,-0.00024918816692276864
2026-06-24 00:00:00+00:00,0.0015809282375110654
2026-06-25 00:00:00+00:00,-5.571882076666218e-05
2026-06-26 00:00:00+00:00,0.0007812094763972653
2026-06-27 00:00:00+00:00,0.0007084050055967805
2026-06-28 00:00:00+00:00,0.0
2026-06-29 00:00:00+00:00,0.0
2026-06-30 00:00:00+00:00,0.0
2026-07-01 00:00:00+00:00,0.0
2026-07-02 00:00:00+00:00,-0.0008571882017726253
2026-07-03 00:00:00+00:00,-0.0017663808256194718
2026-07-04 00:00:00+00:00,-0.0004115688134196376
2026-07-05 00:00:00+00:00,0.0003426079838805955
2026-07-06 00:00:00+00:00,0.0
2026-07-07 00:00:00+00:00,0.0
2026-07-08 00:00:00+00:00,0.0
2026-07-09 00:00:00+00:00,0.0007800487990893981
2026-07-10 00:00:00+00:00,0.00031163127262049767
2026-07-11 00:00:00+00:00,-0.0002684082027040612
2026-07-12 00:00:00+00:00,0.0
2026-07-13 00:00:00+00:00,-0.0014204630302723635
2026-07-14 00:00:00+00:00,-0.00027752439579708393
2026-07-15 00:00:00+00:00,0.0
2026-07-16 00:00:00+00:00,0.0
2026-07-17 00:00:00+00:00,0.0
2026-07-18 00:00:00+00:00,0.0
2026-07-19 00:00:00+00:00,-0.0001518745411310124
2026-07-20 00:00:00+00:00,0.0004192001315461472
2026-07-21 00:00:00+00:00,-0.0003631870333970661
2026-07-22 00:00:00+00:00,-0.00019760407344927389
2026-07-23 00:00:00+00:00,-0.001276062104540616
2026-07-24 00:00:00+00:00,0.0001164995131050844
2026-07-25 00:00:00+00:00,0.00011544348081657405
2026-07-26 00:00:00+00:00,0.0003282203989331304
2026-07-27 00:00:00+00:00,-0.0007612726226489472
2026-07-28 00:00:00+00:00,0.003180553254610489
2026-07-29 00:00:00+00:00,0.0009185177839021797
2026-07-30 00:00:00+00:00,0.0
2026-07-31 00:00:00+00:00,0.0
2026-08-01 00:00:00+00:00,0.0
2026-08-02 00:00:00+00:00,0.0
2026-08-03 00:00:00+00:00,0.0010447338619065686
2026-08-04 00:00:00+00:00,0.0
2026-08-05 00:00:00+00:00,0.00036753007035383975
2026-08-06 00:00:00+00:00,0.0
2026-08-07 00:00:00+00:00,0.0
2026-08-08 00:00:00+00:00,-0.0006417712969661294
2026-08-09 00:00:00+00:00,0.0
2026-08-10 00:00:00+00:00,0.0
2026-08-11 00:00:00+00:00,0.0
2026-08-12 00:00:00+00:00,-0.000751119448630321
2026-08-13 00:00:00+00:00,0.00023484286370168474
2026-08-14 00:00:00+00:00,-0.00023586284437090242
2026-08-15 00:00:00+00:00,-1.3713227120504772e-05
2026-08-16 00:00:00+00:00,-9.946744982450162e-05
2026-08-17 00:00:00+00:00,0.0
2026-08-18 00:00:00+00:00,0.001680523574682679
2026-08-19 00:00:00+00:00,-0.0002696053115418182
2026-08-20 00:00:00+00:00,-0.012493649926079107
2026-08-21 00:00:00+00:00,0.0005590614806485696
2026-08-22 00:00:00+00:00,0.009598189875051392
2026-08-23 00:00:00+00:00,0.0
2026-08-24 00:00:00+00:00,0.0
2026-08-25 00:00:00+00:00,-0.0008759265538522019
2026-08-26 00:00:00+00:00,0.0006965406841886752
2026-08-27 00:00:00+00:00,-0.00015728692705527933
2026-08-28 00:00:00+00:00,-0.0001475724124924068
2026-08-29 00:00:00+00:00,-2.7059563890253067e-05
2026-08-30 00:00:00+00:00,0.0
2026-08-31 00:00:00+00:00,0.0004714052811628855
2026-09-01 00:00:00+00:00,-0.0017899351326229776
2026-09-02 00:00:00+00:00,0.00022304389469148198
2026-09-03 00:00:00+00:00,0.0
2026-09-04 00:00:00+00:00,0.0
2026-09-05 00:00:00+00:00,0.0014502331540481813
2026-09-06 00:00:00+00:00,0.0
2026-09-07 00:00:00+00:00,0.0
2026-09-08 00:00:00+00:00,0.0
2026-09-09 00:00:00+00:00,0.0
2026-09-10 00:00:00+00:00,-0.00271458351285579
2026-09-11 00:00:00+00:00,0.0023097005462712956
2026-09-12 00:00:00+00:00,0.00022306886792692644
2026-09-13 00:00:00+00:00,0.0
2026-09-14 00:00:00+00:00,0.0
2026-09-15 00:00:00+00:00,-0.0009358509706843878
2026-09-16 00:00:00+00:00,0.0
2026-09-17 00:00:00+00:00,0.0
2026-09-18 00:00:00+00:00,0.0
2026-09-19 00:00:00+00:00,0.0
2026-09-20 00:00:00+00:00,0.0
2026-09-21 00:00:00+00:00,0.0
2026-09-22 00:00:00+00:00,0.0013626476837906433
2026-09-23 00:00:00+00:00,-0.00043600599125876506
2026-09-24 00:00:00+00:00,0.008110409302582298
2026-09-25 00:00:00+00:00,-2.9427811285048416e-05
2026-09-26 00:00:00+00:00,3.282479788841213e-05
2026-09-27 00:00:00+00:00,-0.0001403760768852422
2026-09-28 00:00:00+00:00,0.00090257953435312
2026-09-29 00:00:00+00:00,-0.0020630555027979338
2026-09-30 00:00:00+00:00,0.0
