params,is_sharpe,is_trades,val_sharpe,val_trades,ho_sharpe,ho_trades
"{""q"": 0.98, ""hold"": 4, ""win_days"": 14}",-0.9234033551013234,1902,-0.5588336373858476,675,-0.683223870185641,852
"{""q"": 0.98, ""hold"": 4, ""win_days"": 30}",-0.9715489551499139,2024,-0.25083031652602433,695,-0.46752426711603295,680
"{""q"": 0.98, ""hold"": 4, ""win_days"": 60}",-0.9099212746326021,1867,-0.6151194200385645,801,-0.36297699737013367,617
"{""q"": 0.98, ""hold"": 8, ""win_days"": 14}",1.041202449820128,1607,0.5365602979110325,569,0.5979939415276077,754
"{""q"": 0.98, ""hold"": 8, ""win_days"": 30}",0.7121440762936803,1485,0.9176027171196177,518,0.9160844663749129,559
"{""q"": 0.98, ""hold"": 8, ""win_days"": 60}",0.334920269225355,1229,0.8642986981405621,547,0.4238989445041617,478
"{""q"": 0.98, ""hold"": 12, ""win_days"": 14}",0.5005888577720213,1653,0.6581512519770387,580,0.020843430867244408,765
"{""q"": 0.98, ""hold"": 12, ""win_days"": 30}",0.33924952920903145,1596,0.8924272804792686,557,0.2740160137893578,580
"{""q"": 0.98, ""hold"": 12, ""win_days"": 60}",-0.008217550799592702,1428,1.2051094268351397,616,-0.2754832789678234,511
"{""q"": 0.98, ""hold"": 16, ""win_days"": 14}",0.902046619442219,1488,0.9120757049340645,530,0.6448639805201083,712
"{""q"": 0.98, ""hold"": 16, ""win_days"": 30}",0.7694565628114706,1323,0.6619723988579013,480,0.46379949561276973,530
"{""q"": 0.98, ""hold"": 16, ""win_days"": 60}",0.33339662946044074,1101,0.7153158912322669,493,0.5041184135575918,447
"{""q"": 0.99, ""hold"": 4, ""win_days"": 14}",-0.9234033551013234,1902,-0.5588336373858476,675,-0.683223870185641,852
"{""q"": 0.99, ""hold"": 4, ""win_days"": 30}",-0.8001280760775419,1277,0.3137991480455268,439,-0.3922251858290486,425
"{""q"": 0.99, ""hold"": 4, ""win_days"": 60}",-0.8337350446912064,1058,0.03536064840552641,456,-0.3127783670091496,344
"{""q"": 0.99, ""hold"": 8, ""win_days"": 14}",1.041202449820128,1607,0.5365602979110325,569,0.5979939415276077,754
"{""q"": 0.99, ""hold"": 8, ""win_days"": 30}",0.8750050408755886,1064,1.642944986395673,358,1.2995241548959182,369
"{""q"": 0.99, ""hold"": 8, ""win_days"": 60}",0.5629756189796028,799,1.3178699508022804,333,0.7394748958056144,285
"{""q"": 0.99, ""hold"": 12, ""win_days"": 14}",0.5005888577720213,1653,0.6581512519770387,580,0.020843430867244408,765
"{""q"": 0.99, ""hold"": 12, ""win_days"": 30}",0.5923981922290608,1094,1.792125015600268,368,0.3934681541383495,378
"{""q"": 0.99, ""hold"": 12, ""win_days"": 60}",0.36048786646610376,847,1.3568958254625396,362,0.35869052856585926,298
"{""q"": 0.99, ""hold"": 16, ""win_days"": 14}",0.902046619442219,1488,0.9120757049340645,530,0.6448639805201083,712
"{""q"": 0.99, ""hold"": 16, ""win_days"": 30}",0.8417294996000202,991,1.4711832735302102,334,0.761874437626311,356
"{""q"": 0.99, ""hold"": 16, ""win_days"": 60}",0.5265122275199102,728,0.766279976759915,315,0.5419974282523583,273
"{""q"": 0.995, ""hold"": 4, ""win_days"": 14}",-1.0072673696934558,1902,-0.5588336373858476,675,-0.683223870185641,852
"{""q"": 0.995, ""hold"": 4, ""win_days"": 30}",-0.6464855724356826,1140,0.05011956381573706,393,-0.23411751276591322,368
"{""q"": 0.995, ""hold"": 4, ""win_days"": 60}",-0.6386309485513828,662,0.3538504297643209,299,0.08638303417205942,200
"{""q"": 0.995, ""hold"": 8, ""win_days"": 14}",1.0257639199202524,1607,0.5365602979110325,569,0.5979939415276077,754
"{""q"": 0.995, ""hold"": 8, ""win_days"": 30}",0.8714910038888621,974,1.153210383854856,332,1.3877673222935167,327
"{""q"": 0.995, ""hold"": 8, ""win_days"": 60}",0.7362706596256485,564,1.364442746165342,236,1.4889234938720886,174
"{""q"": 0.995, ""hold"": 12, ""win_days"": 14}",0.5005888577720213,1653,0.6581512519770387,580,0.020843430867244408,765
"{""q"": 0.995, ""hold"": 12, ""win_days"": 30}",0.4538680868423134,996,1.2703657745214874,335,0.3143487690319117,331
"{""q"": 0.995, ""hold"": 12, ""win_days"": 60}",0.4087298318068715,575,1.5687128417293668,243,1.0972653748702028,179
"{""q"": 0.995, ""hold"": 16, ""win_days"": 14}",0.902046619442219,1488,0.9120757049340645,530,0.6448639805201083,712
"{""q"": 0.995, ""hold"": 16, ""win_days"": 30}",0.7335188787231545,916,1.1705055578766332,309,0.882132292823106,318
"{""q"": 0.995, ""hold"": 16, ""win_days"": 60}",0.5205455876213689,530,1.1932401440191127,225,1.3992810489875245,170
