symbol,group,strategy,trades,total_ret,sharpe
0GUSDT,fresh,oi_liq,2,-0.02926486549730355,-0.45785643520862357
0GUSDT,fresh,fe_q99,21,0.2760521639139995,0.8553697897979595
1000000BOBUSDT,fresh,oi_liq,0,0.0,0.0
1000000BOBUSDT,fresh,fe_q99,5,0.0902822438363281,0.5683745736796252
1000000MOGUSDT,fresh,oi_liq,0,0.0,0.0
1000000MOGUSDT,fresh,fe_q99,21,-0.2537723840271357,-1.0021696004563572
1000BONKUSDT,fresh,oi_liq,14,0.24335228623715507,1.0774628426209185
1000BONKUSDT,fresh,fe_q99,94,0.35051411330350224,0.33285991935165743
1000CATUSDT,fresh,oi_liq,1,0.00501799898006787,0.6367056485281549
1000CATUSDT,fresh,fe_q99,26,-0.531091401629032,-0.9607633675291967
1000CHEEMSUSDT,fresh,oi_liq,4,-0.16300474393792724,-0.9964564509435003
1000CHEEMSUSDT,fresh,fe_q99,16,0.11973346413067654,0.15121254542203552
1000FLOKIUSDT,fresh,oi_liq,18,0.20206148673617758,0.9335864390158095
1000FLOKIUSDT,fresh,fe_q99,58,-1.1161148223206523,-0.8923230101157882
1000LUNCUSDT,fresh,oi_liq,23,0.40646445780793833,0.9953781934809279
1000LUNCUSDT,fresh,fe_q99,64,-0.30729193298904983,-0.32774036767678955
1000PEPEUSDT,ext54,oi_liq,25,0.1631798026638309,0.3675398844575714
1000PEPEUSDT,ext54,fe_q99,85,-0.8142261824980404,-0.7750598686893788
1000RATSUSDT,fresh,oi_liq,11,-0.31785402833107035,-0.718548084565597
1000RATSUSDT,fresh,fe_q99,54,0.4943257744723164,0.7658375151550282
1000SATSUSDT,fresh,oi_liq,14,0.32397013710377315,1.1139782608263051
1000SATSUSDT,fresh,fe_q99,75,-0.31731103599551747,-0.3821265366400871
1000SHIBUSDT,ext54,oi_liq,44,0.3245821247459654,0.7242103461925976
1000SHIBUSDT,ext54,fe_q99,107,0.7860123793645797,0.9119851498135462
1000WHYUSDT,fresh,oi_liq,0,0.0,0.0
1000WHYUSDT,fresh,fe_q99,1,-0.011668279943296701,-0.7353507603455243
1000XECUSDT,fresh,oi_liq,2,0.1404152690854395,0.5770292263008365
1000XECUSDT,fresh,fe_q99,16,0.11770389982518852,0.1848275536641474
1000XUSDT,fresh,oi_liq,0,0.0,0.0
1000XUSDT,fresh,fe_q99,3,0.0003945567551192318,0.005073530536302777
1INCHUSDT,ext54,oi_liq,17,-0.011458991695787586,-0.04482876670031002
1INCHUSDT,ext54,fe_q99,55,-0.10960856716799525,-0.10604665515120523
1MBABYDOGEUSDT,fresh,oi_liq,2,-0.10466831532950396,-0.6999520597198358
1MBABYDOGEUSDT,fresh,fe_q99,17,-0.54387879006803,-0.9169516335217771
2ZUSDT,fresh,oi_liq,0,0.0,0.0
2ZUSDT,fresh,fe_q99,3,-0.15420296699686162,-1.1190123285527582
42USDT,fresh,oi_liq,0,0.0,0.0
42USDT,fresh,fe_q99,2,0.08427189740072752,1.2019690959436076
4USDT,fresh,oi_liq,1,0.002201324127294759,1.0097292075728517
4USDT,fresh,fe_q99,5,0.39312317480922765,1.4934649502998674
A2ZUSDT,fresh,oi_liq,0,0.0,0.0
A2ZUSDT,fresh,fe_q99,0,0.0,0.0
AAOIUSDT,fresh,oi_liq,2,-0.08047745127298626,-1.3443876632774205
AAOIUSDT,fresh,fe_q99,3,-0.14661764039068187,-2.0852440998340205
AAPLUSDT,fresh,oi_liq,2,0.023683152759816063,1.4038593826904988
AAPLUSDT,fresh,fe_q99,2,0.0139800007880479,1.5743377336379223
AAVEUSDT,ext54,oi_liq,25,-0.12880532403396472,-0.23760336364386694
AAVEUSDT,ext54,fe_q99,105,0.4138594262293809,0.47728657539478786
ACEUSDT,fresh,oi_liq,6,0.11294180029015313,0.7965098163716671
ACEUSDT,fresh,fe_q99,43,0.33101262973677315,0.4536851975016439
ACHUSDT,fresh,oi_liq,4,0.09202184888712324,0.6216871464212801
ACHUSDT,fresh,fe_q99,21,0.06563648370684924,0.22226380682946484
ACTUSDT,fresh,oi_liq,3,-0.19585950609400377,-1.0239635484825227
ACTUSDT,fresh,fe_q99,22,0.0057318261044961155,0.011701082661174322
ACUUSDT,fresh,oi_liq,0,0.0,0.0
ACUUSDT,fresh,fe_q99,0,0.0,0.0
ACXUSDT,fresh,oi_liq,0,0.0,0.0
ACXUSDT,fresh,fe_q99,8,0.09658486610511932,0.5369997668240067
ADAUSDT,core16,oi_liq,35,0.7661134679118629,1.7603900214823698
ADAUSDT,core16,fe_q99,107,0.7913744097959433,1.1221858101059545
AERGOUSDT,fresh,oi_liq,2,0.0192924686645959,0.2076229198578062
AERGOUSDT,fresh,fe_q99,13,0.22751462099262584,0.833020946483186
AEROUSDT,fresh,oi_liq,1,0.16659963011364742,0.9563149889303063
AEROUSDT,fresh,fe_q99,32,-0.23004037367572464,-0.9606747989004571
AEVOUSDT,fresh,oi_liq,8,-0.006426493637748887,-0.02171298925702563
AEVOUSDT,fresh,fe_q99,38,-0.12404458938216284,-0.2735398112259306
AGIXUSDT,fresh,oi_liq,10,0.018767989819249972,0.12416957327811855
AGIXUSDT,fresh,fe_q99,40,-0.4205405114904671,-0.7191868316402596
AGLDUSDT,fresh,oi_liq,6,-0.1023166060309015,-0.38739672144331194
AGLDUSDT,fresh,fe_q99,23,-0.13838508595489368,-0.1545325170803123
AGTUSDT,fresh,oi_liq,0,0.0,0.0
AGTUSDT,fresh,fe_q99,2,0.11070106081501452,0.6994074295839251
AI16ZUSDT,fresh,oi_liq,2,0.1759981829595434,0.9286430722632905
AI16ZUSDT,fresh,fe_q99,29,0.17186404298266772,0.23774774161630371
AIAUSDT,fresh,oi_liq,7,-0.1767628379456973,-0.12856020215675712
AIAUSDT,fresh,fe_q99,18,0.3335462527648459,0.3141019416652546
AIGENSYNUSDT,fresh,oi_liq,0,0.0,0.0
AIGENSYNUSDT,fresh,fe_q99,1,-0.01217303265261132,-1.5345483731956508
AINUSDT,fresh,oi_liq,0,0.0,0.0
AINUSDT,fresh,fe_q99,1,-0.02503284826699518,-0.9026251397214367
AIOTUSDT,fresh,oi_liq,3,-0.2908052840769119,-0.7977525052586792
AIOTUSDT,fresh,fe_q99,15,0.7472965856286407,1.0811189547809914
AIOUSDT,fresh,oi_liq,0,0.0,0.0
AIOUSDT,fresh,fe_q99,6,-0.09377216121548833,-0.40455680289320683
AIUSDT,fresh,oi_liq,6,-0.001197637009308701,-0.0073662576240869
AIUSDT,fresh,fe_q99,40,-0.2034428507749359,-0.3446312895148874
AIXBTUSDT,fresh,oi_liq,5,-0.14996072654646136,-0.35534251691550034
AIXBTUSDT,fresh,fe_q99,23,-0.14825452353304372,-0.38498773839930944
AKEUSDT,fresh,oi_liq,3,0.37820962994386986,1.4157599827493583
AKEUSDT,fresh,fe_q99,10,-0.1419716863988992,-0.19521881910773642
AKROUSDT,fresh,oi_liq,1,0.03156994636768836,1.5458960793471128
AKROUSDT,fresh,fe_q99,6,0.3552512546004937,3.016899085225877
AKTUSDT,fresh,oi_liq,0,0.0,0.0
AKTUSDT,fresh,fe_q99,1,-0.015098093595896332,-0.7315672326148684
ALCHUSDT,fresh,oi_liq,1,0.02568468802243481,0.7599550286494722
ALCHUSDT,fresh,fe_q99,17,-0.30576407924620147,-0.38591671083686446
ALGOUSDT,ext54,oi_liq,25,0.424481380427717,0.8978884877694587
ALGOUSDT,ext54,fe_q99,98,0.4104185170212889,0.4536354815116711
ALICEUSDT,fresh,oi_liq,8,-0.1583063737296017,-0.3926140505215174
ALICEUSDT,fresh,fe_q99,37,0.5431862752745261,0.7548004519259481
ALLOUSDT,fresh,oi_liq,2,0.05250953565037999,0.6923978957858646
ALLOUSDT,fresh,fe_q99,4,0.059207519055626726,0.3477060226685472
ALLUSDT,fresh,oi_liq,0,0.0,0.0
ALLUSDT,fresh,fe_q99,1,-0.02523368668629861,-0.4404083290877966
ALPACAUSDT,fresh,oi_liq,2,-0.002364286240218255,-0.1742856012376647
ALPACAUSDT,fresh,fe_q99,12,0.1377857045163691,0.03842522530489096
ALPHAUSDT,fresh,oi_liq,8,0.03787188645017948,0.15196577574412623
ALPHAUSDT,fresh,fe_q99,50,-0.13081529534103795,-0.1472713336975788
ALPINEUSDT,fresh,oi_liq,2,0.3426092310407896,1.1888711397758178
ALPINEUSDT,fresh,fe_q99,11,0.7940936841539175,0.8752846426732633
ALTUSDT,fresh,oi_liq,12,0.3643477818861598,1.0335373805497634
ALTUSDT,fresh,fe_q99,69,0.6816247525272189,1.1191274459525502
AMBUSDT,fresh,oi_liq,4,0.01736627719772131,0.3013960140283559
AMBUSDT,fresh,fe_q99,16,-0.20242238191948822,-0.546588945522147
AMDUSDT,fresh,oi_liq,1,-0.07474735907533506,-2.227900752866307
AMDUSDT,fresh,fe_q99,7,0.038021410477530576,1.203814446685131
AMZNUSDT,fresh,oi_liq,0,0.0,0.0
AMZNUSDT,fresh,fe_q99,0,0.0,0.0
ANCUSDT,fresh,oi_liq,2,0.5603024967118566,2.314483988761644
ANCUSDT,fresh,fe_q99,4,0.715475588662077,2.789232314731114
ANIMEUSDT,fresh,oi_liq,2,0.029852825365082554,1.259724397193187
ANIMEUSDT,fresh,fe_q99,12,0.18123758840670245,0.528238783879001
ANKRUSDT,fresh,oi_liq,9,0.13428783389178264,0.6895146600764582
ANKRUSDT,fresh,fe_q99,24,-0.1907051743228195,-0.3023607707590945
ANTUSDT,fresh,oi_liq,1,0.010910983625287547,0.6099420548282045
ANTUSDT,fresh,fe_q99,13,0.09731599566431852,0.42603551568075837
APEUSDT,ext54,oi_liq,22,0.2700872467196928,0.7934426036249872
APEUSDT,ext54,fe_q99,82,0.6712383173433392,0.41695325598616445
API3USDT,fresh,oi_liq,6,-0.0027031994638299084,-0.010831429365773136
API3USDT,fresh,fe_q99,73,-0.21083366152778976,-0.2351248456040632
APRUSDT,fresh,oi_liq,0,0.0,0.0
APRUSDT,fresh,fe_q99,4,-0.20947791253301185,-1.428810460113025
APTUSDT,ext54,oi_liq,29,0.3631445842442713,0.9597726856071555
APTUSDT,ext54,fe_q99,86,0.7134920244806198,0.8649728684836178
ARBUSDT,ext54,oi_liq,31,0.3103045796071783,0.9810497033588605
ARBUSDT,ext54,fe_q99,74,0.17736982751946928,0.3713664771699658
ARCUSDT,fresh,oi_liq,4,-0.07096825953404984,-0.23536509167322367
ARCUSDT,fresh,fe_q99,31,1.8860336291692343,2.063506655628706
ARIAUSDT,fresh,oi_liq,1,0.005173490918815336,0.10219586699349427
ARIAUSDT,fresh,fe_q99,18,0.1329913003923867,0.09526129279413077
ARKMUSDT,fresh,oi_liq,13,0.3405922405611602,1.080099700781973
ARKMUSDT,fresh,fe_q99,50,0.07222323748313933,0.11413521463848726
ARKUSDT,fresh,oi_liq,3,0.022519970326014067,0.20980809391723468
ARKUSDT,fresh,fe_q99,29,-0.4128801338747169,-0.7515128485663272
ARMUSDT,fresh,oi_liq,0,0.0,0.0
ARMUSDT,fresh,fe_q99,2,-0.02841877425158916,-2.306857477962036
ARPAUSDT,fresh,oi_liq,9,0.19899004452637065,0.6486438796866146
ARPAUSDT,fresh,fe_q99,32,-0.016760275424094848,-0.02944819436195562
ARUSDT,ext54,oi_liq,16,0.5704674486940489,1.1301123149658308
ARUSDT,ext54,fe_q99,79,0.39760167306241256,0.4130033957104608
ARXUSDT,fresh,oi_liq,0,0.0,0.0
ARXUSDT,fresh,fe_q99,3,-0.019840538408516385,-1.0568983434420922
ASRUSDT,fresh,oi_liq,1,0.03313476769738763,0.8435051716847203
ASRUSDT,fresh,fe_q99,9,-0.1775247067019067,-0.5533898600352049
ASTERUSDT,fresh,oi_liq,10,-0.014560396778858535,-0.17463531180294525
ASTERUSDT,fresh,fe_q99,24,-0.08953107580310204,-0.311322225388859
ASTRUSDT,fresh,oi_liq,4,0.012540509779268037,0.05445808544366667
ASTRUSDT,fresh,fe_q99,29,0.08383071260587105,0.18317163973139744
ATAUSDT,fresh,oi_liq,4,-0.014135834336935053,-0.19268944705572927
ATAUSDT,fresh,fe_q99,14,-0.10148610495308748,-0.22256414470477157
ATHUSDT,fresh,oi_liq,0,0.0,0.0
ATHUSDT,fresh,fe_q99,6,-0.13545495790835843,-1.047627098481459
ATOMUSDT,core16,oi_liq,24,0.14027541079540176,0.3113051022998364
ATOMUSDT,core16,fe_q99,98,0.7993173547235506,1.0475832435351282
ATUSDT,fresh,oi_liq,0,0.0,0.0
ATUSDT,fresh,fe_q99,7,-0.26776067131127634,-1.213476043945831
AUCTIONUSDT,fresh,oi_liq,8,0.4088667333093219,1.2468673738957483
AUCTIONUSDT,fresh,fe_q99,47,0.09332312718297206,0.1287899549387239
AUDIOUSDT,fresh,oi_liq,6,-0.05240459379003577,-0.6564662987989843
AUDIOUSDT,fresh,fe_q99,24,0.10935067334476781,0.28306618248544996
AUSDT,fresh,oi_liq,0,0.0,0.0
AUSDT,fresh,fe_q99,1,0.03888810877236878,0.8621953696217286
AVAAIUSDT,fresh,oi_liq,0,0.0,0.0
AVAAIUSDT,fresh,fe_q99,26,0.7131745861946628,1.7416268475163197
AVAUSDT,fresh,oi_liq,0,0.0,0.0
AVAUSDT,fresh,fe_q99,1,0.04243003332174662,0.7453559924999299
AVAXUSDT,core16,oi_liq,33,0.4470532672029842,1.0162128945762314
AVAXUSDT,core16,fe_q99,104,0.4925429938343957,0.5632707664842851
AVGOUSDT,fresh,oi_liq,0,0.0,0.0
AVGOUSDT,fresh,fe_q99,2,-0.00974926083872042,-0.8521093279224573
AVNTUSDT,fresh,oi_liq,1,0.06112924218803989,0.9711603651201802
AVNTUSDT,fresh,fe_q99,7,-0.22704131932862648,-0.7827391753815734
AWEUSDT,fresh,oi_liq,1,0.10088510478277599,0.8561143188310959
AWEUSDT,fresh,fe_q99,1,0.021200199903669788,0.8561143188310956
AXLUSDT,fresh,oi_liq,5,0.12890673970287894,0.5571182718758139
AXLUSDT,fresh,fe_q99,38,-0.15906773381977374,-0.3687162729129009
AXSUSDT,ext54,oi_liq,17,-0.0058396058014722405,-0.01828393623299856
AXSUSDT,ext54,fe_q99,81,0.6650701956190574,0.6997275440724013
AXTIUSDT,fresh,oi_liq,0,0.0,0.0
AXTIUSDT,fresh,fe_q99,3,0.01339250109958573,0.5721242011455271
AZTECUSDT,fresh,oi_liq,0,0.0,0.0
AZTECUSDT,fresh,fe_q99,1,-0.01589747265568498,-1.2543029387149525
B2USDT,fresh,oi_liq,2,-0.12109775209241425,-0.8435051716847204
B2USDT,fresh,fe_q99,2,-0.25855798312435907,-0.8201198441313903
B3USDT,fresh,oi_liq,0,0.0,0.0
B3USDT,fresh,fe_q99,0,0.0,0.0
BABYUSDT,fresh,oi_liq,0,0.0,0.0
BABYUSDT,fresh,fe_q99,3,0.08564417869739473,0.943950712447152
BADGERUSDT,fresh,oi_liq,1,-0.013141570442526427,-0.45609058906325
BADGERUSDT,fresh,fe_q99,13,-0.00015494727942595016,-0.0007438761833088571
BAKEUSDT,fresh,oi_liq,17,0.40299536725349216,0.8178665438452649
BAKEUSDT,fresh,fe_q99,65,0.0774922716638633,0.0811671534956691
BALUSDT,fresh,oi_liq,2,-0.04588022498688894,-0.4985873078993604
BALUSDT,fresh,fe_q99,12,-0.10950184196237053,-0.3063858025381946
BANANAS31USDT,fresh,oi_liq,3,0.35723644730246557,0.7794036483023339
BANANAS31USDT,fresh,fe_q99,14,0.22098829116136134,0.393806552947783
BANANAUSDT,fresh,oi_liq,1,0.06007797119822908,0.6853870948270545
BANANAUSDT,fresh,fe_q99,16,0.16223515365934182,0.7967276361770699
BANDUSDT,fresh,oi_liq,3,0.12077606998346527,0.4531095820742357
BANDUSDT,fresh,fe_q99,36,-0.2699441291315303,-0.4133341704857227
BANKUSDT,fresh,oi_liq,3,-0.00011341543374925045,-0.0005165959491468599
BANKUSDT,fresh,fe_q99,15,-0.33993822936383433,-0.29281003856558474
BANUSDT,fresh,oi_liq,1,-0.0022136358954102375,-0.7315672326148683
BANUSDT,fresh,fe_q99,15,-0.7859268617172441,-1.203952416448277
BARDUSDT,fresh,oi_liq,1,0.01801900641226914,0.9826537872559522
BARDUSDT,fresh,fe_q99,8,0.7184398735698623,1.7296438869810085
BASEDUSDT,fresh,oi_liq,1,0.16260496861431437,1.4046255632633817
BASEDUSDT,fresh,fe_q99,6,-0.2796097386647515,-1.7991467813146351
BASUSDT,fresh,oi_liq,8,0.11550008207934874,0.3938191695458398
BASUSDT,fresh,fe_q99,14,0.036121207555719986,0.06713668467531694
BATUSDT,fresh,oi_liq,2,0.04258890736704706,0.4798160341234704
BATUSDT,fresh,fe_q99,20,0.38310011428311547,0.5737894103500366
BBUSDT,fresh,oi_liq,7,0.20209996952975148,1.2335042266107425
BBUSDT,fresh,fe_q99,27,0.3251596147617736,0.6390751569874432
BCHUSDT,core16,oi_liq,24,0.14593721643997176,0.5922836070334788
BCHUSDT,core16,fe_q99,108,0.19765491512635208,0.21556685540103668
BDXNUSDT,fresh,oi_liq,1,0.010643272426733104,1.0993676689457346
BDXNUSDT,fresh,fe_q99,2,0.05957844469036527,0.3095072711593601
BEAMXUSDT,fresh,oi_liq,3,0.12413945103193816,0.8596588433374222
BEAMXUSDT,fresh,fe_q99,33,0.1400689726983638,0.3437834145876155
BEATUSDT,fresh,oi_liq,5,-0.11584552427687136,-0.3898408349972222
BEATUSDT,fresh,fe_q99,43,1.1280497892040888,1.1600229584797406
BELUSDT,fresh,oi_liq,5,0.055382954978130505,0.15287856092762125
BELUSDT,fresh,fe_q99,30,0.7419146923006863,0.3503154420852505
BERAUSDT,fresh,oi_liq,3,-0.007775307853885444,-0.09449389180552469
BERAUSDT,fresh,fe_q99,28,-0.08068779679780114,-0.24271948483042344
BEUSDT,fresh,oi_liq,1,0.005479305322007001,1.6886570107632872
BEUSDT,fresh,fe_q99,4,-0.008628934280605394,-0.31027744506083443
BICOUSDT,fresh,oi_liq,3,-0.11265471020852176,-0.48973653299028996
BICOUSDT,fresh,fe_q99,22,-0.03992519999072519,-0.07138913328969008
BIDUSDT,fresh,oi_liq,0,0.0,0.0
BIDUSDT,fresh,fe_q99,11,0.6138173142800669,1.1359213163229491
BIGTIMEUSDT,fresh,oi_liq,14,0.46806775704601045,1.15728615235165
BIGTIMEUSDT,fresh,fe_q99,59,0.4422847893539997,0.5481406682183471
BILLUSDT,fresh,oi_liq,1,-0.03193833581502536,-1.575751629311838
BILLUSDT,fresh,fe_q99,3,-0.1527739745405305,-1.289047817410806
BIOUSDT,fresh,oi_liq,3,-0.026522742547439197,-0.23820621895354813
BIOUSDT,fresh,fe_q99,28,-0.19718864688113927,-0.534785393743494
BIRBUSDT,fresh,oi_liq,0,0.0,0.0
BIRBUSDT,fresh,fe_q99,0,0.0,0.0
BLESSUSDT,fresh,oi_liq,3,-0.37099594516792833,-1.8073181812868004
BLESSUSDT,fresh,fe_q99,9,-0.5525012306215364,-1.02998499080734
BLUAIUSDT,fresh,oi_liq,1,0.11424226284777937,1.0285771796480578
BLUAIUSDT,fresh,fe_q99,0,0.0,0.0
BLURUSDT,fresh,oi_liq,5,0.1506929063653003,0.4183361951680713
BLURUSDT,fresh,fe_q99,46,0.30643187303035063,0.43603555500631724
BLZUSDT,fresh,oi_liq,9,-0.01003380752956368,-0.03373460655747062
BLZUSDT,fresh,fe_q99,65,0.5167020265577706,0.4317336728554237
BMNRUSDT,fresh,oi_liq,0,0.0,0.0
BMNRUSDT,fresh,fe_q99,1,-0.014271252279502232,-1.8052502794428733
BMTUSDT,fresh,oi_liq,0,0.0,0.0
BMTUSDT,fresh,fe_q99,12,-0.21243092118854406,-1.0737783157393241
BNBUSDT,core16,oi_liq,33,0.2071343127686638,0.5183758709025187
BNBUSDT,core16,fe_q99,160,0.6736794995721587,1.229790403157521
BNCUSDT,fresh,oi_liq,0,0.0,0.0
BNCUSDT,fresh,fe_q99,0,0.0,0.0
BNTUSDT,fresh,oi_liq,1,-0.10004462629085041,-0.5638654545821018
BNTUSDT,fresh,fe_q99,7,0.34856395464357937,0.28260467599448674
BNXUSDT,fresh,oi_liq,10,-0.17601997771358807,-0.6825874895439614
BNXUSDT,fresh,fe_q99,45,-0.07369703172048953,-0.058968279739264585
BOBUSDT,fresh,oi_liq,0,0.0,0.0
BOBUSDT,fresh,fe_q99,5,-0.02463587726197384,-0.4255987311765055
BOMEUSDT,fresh,oi_liq,16,0.2482054195795133,0.7895120590621534
BOMEUSDT,fresh,fe_q99,56,-0.026142283403585695,-0.05071150049063792
BONDUSDT,fresh,oi_liq,1,-0.012825857153312904,-0.635827365142536
BONDUSDT,fresh,fe_q99,23,0.4414723736398752,0.7919295065553849
BRETTUSDT,fresh,oi_liq,1,0.033372619977227486,0.6876030304333599
BRETTUSDT,fresh,fe_q99,28,-0.1227328032231878,-0.32544995377831337
BREVUSDT,fresh,oi_liq,0,0.0,0.0
BREVUSDT,fresh,fe_q99,0,0.0,0.0
BROCCOLI714USDT,fresh,oi_liq,0,0.0,0.0
BROCCOLI714USDT,fresh,fe_q99,19,0.04025916920723957,0.11145839475356059
BROCCOLIF3BUSDT,fresh,oi_liq,0,0.0,0.0
BROCCOLIF3BUSDT,fresh,fe_q99,13,-0.14027750265162606,-0.2306527567271095
BRUSDT,fresh,oi_liq,2,-0.4636498680577865,-0.834887153732362
BRUSDT,fresh,fe_q99,19,0.13049870842615746,0.30152762871164984
BSBUSDT,fresh,oi_liq,1,0.1075201274559752,1.6505682603662337
BSBUSDT,fresh,fe_q99,8,0.021804701346257338,0.06541412685283782
BSVUSDT,fresh,oi_liq,3,0.0600983500222156,0.537583322264098
BSVUSDT,fresh,fe_q99,30,0.025673819079553656,0.07559082261457233
BSWUSDT,fresh,oi_liq,0,0.0,0.0
BSWUSDT,fresh,fe_q99,7,-0.013921765556700022,-0.0432270857681153
BTCDOMUSDT,fresh,oi_liq,0,0.0,0.0
BTCDOMUSDT,fresh,fe_q99,0,0.0,0.0
BTCUSDT,core16,oi_liq,59,0.07212183725805418,0.29980428520794633
BTCUSDT,core16,fe_q99,131,-0.13910388562099005,-0.25619254792527946
BTRUSDT,fresh,oi_liq,0,0.0,0.0
BTRUSDT,fresh,fe_q99,7,-0.8167465082972017,-1.2487516920969761
BTSUSDT,fresh,oi_liq,0,0.0,0.0
BTSUSDT,fresh,fe_q99,0,0.0,0.0
BTTUSDT,fresh,fe_q99,0,0.0,0.0
BTWUSDT,fresh,oi_liq,5,0.7756966513154477,2.5324139093556504
BTWUSDT,fresh,fe_q99,16,0.183895440795163,0.6409251521145652
BULLAUSDT,fresh,oi_liq,4,-0.7222975369072941,-1.1001255418339637
BULLAUSDT,fresh,fe_q99,16,0.8002296639582385,0.7446391471935205
BUSDT,fresh,oi_liq,2,-0.009215469206780035,-0.22315325045773335
BUSDT,fresh,fe_q99,10,-0.022227940778592768,-0.0828601666652317
BZUSDT,fresh,oi_liq,2,0.008497480190692715,0.6254855993064627
BZUSDT,fresh,fe_q99,16,-0.03099747138812203,-1.0358386782097158
C98USDT,fresh,oi_liq,5,0.18979129264054073,0.7415919233193164
C98USDT,fresh,fe_q99,44,0.09601703852383761,0.115376743025646
CAKEUSDT,fresh,oi_liq,14,0.15399420794357027,1.0959920488801964
CAKEUSDT,fresh,fe_q99,46,0.05835378308918297,0.11479982006268384
CAPUSDT,fresh,oi_liq,0,0.0,0.0
CAPUSDT,fresh,fe_q99,10,0.05328168665421078,1.2625036269273224
CATIUSDT,fresh,oi_liq,2,0.024002124104236237,0.4677268224516349
CATIUSDT,fresh,fe_q99,16,0.21810281160458278,0.6165598629027615
CBRSUSDT,fresh,oi_liq,3,0.006645150171110496,0.4478467970642459
CBRSUSDT,fresh,fe_q99,7,0.06076916467020041,1.7011316326961008
CCUSDT,fresh,oi_liq,0,0.0,0.0
CCUSDT,fresh,fe_q99,4,-0.05436150486467505,-1.3272205645652129
CELOUSDT,fresh,oi_liq,17,0.5593934014119261,1.2839687348962423
CELOUSDT,fresh,fe_q99,75,-0.03587325135346553,-0.03812248831561618
CELRUSDT,fresh,oi_liq,9,-0.06270866574224668,-0.17936983876969997
CELRUSDT,fresh,fe_q99,34,-0.020873254351717635,-0.026583628360720552
CETUSUSDT,fresh,oi_liq,1,-0.0629130966680166,-0.7252148643151434
CETUSUSDT,fresh,fe_q99,11,-0.020641316468856585,-0.08065542211153909
CFGUSDT,fresh,oi_liq,0,0.0,0.0
CFGUSDT,fresh,fe_q99,1,0.0066284104208882335,0.5147837018277559
CFXUSDT,fresh,oi_liq,16,0.16575018183252097,0.5424750669402362
CFXUSDT,fresh,fe_q99,59,0.5979617498529365,0.8429824876450518
CGPTUSDT,fresh,oi_liq,2,0.004822171479690709,0.5591013932128192
CGPTUSDT,fresh,fe_q99,3,-0.06930623867194804,-0.2890448794081655
CHESSUSDT,fresh,oi_liq,2,0.07598319610688481,0.8831690576204971
CHESSUSDT,fresh,fe_q99,5,-0.06407186077237619,-1.331765111726593
CHILLGUYUSDT,fresh,oi_liq,3,-0.047532725708469184,-0.43621928550783023
CHILLGUYUSDT,fresh,fe_q99,19,-0.14602329592166868,-0.2178999194230743
CHIPUSDT,fresh,oi_liq,1,-0.0033176104362432485,-1.473980680883928
CHIPUSDT,fresh,fe_q99,1,-0.03563941256011446,-1.826338278150175
CHRUSDT,fresh,oi_liq,9,0.31511141086316363,0.680734116318771
CHRUSDT,fresh,fe_q99,30,-0.05125617404868667,-0.05910629548428522
CHZUSDT,ext54,oi_liq,22,0.11998359254095595,0.27945433660067537
CHZUSDT,ext54,fe_q99,97,0.09087153686121069,0.08211703259687114
CKBUSDT,fresh,oi_liq,5,0.0841765029592482,0.6841985503882496
CKBUSDT,fresh,fe_q99,34,0.5436392290728975,0.7754239122420507
CLANKERUSDT,fresh,oi_liq,0,0.0,0.0
CLANKERUSDT,fresh,fe_q99,4,0.04836347323906966,1.3457892146937402
CLOUSDT,fresh,oi_liq,1,0.09855096494778257,1.1250477762662014
CLOUSDT,fresh,fe_q99,14,-0.5357936529211095,-1.550473124413385
CLUSDT,fresh,oi_liq,1,0.008957887780859642,0.885708368080539
CLUSDT,fresh,fe_q99,11,-0.03395467653380706,-1.2221436537950612
COAIUSDT,fresh,oi_liq,0,0.0,0.0
COAIUSDT,fresh,fe_q99,4,-0.025807216706128074,-0.5490575414917243
COCOSUSDT,fresh,oi_liq,1,0.023499546657745986,0.8878834005911794
COCOSUSDT,fresh,fe_q99,7,0.04523102835338977,0.7567027729940412
COINUSDT,fresh,oi_liq,2,-0.02864907074199501,-1.2465352954724325
COINUSDT,fresh,fe_q99,5,0.013662854117416766,0.5742735021026876
COLLECTUSDT,fresh,oi_liq,0,0.0,0.0
COLLECTUSDT,fresh,fe_q99,3,0.327284845212854,1.2711333205361801
COMBOUSDT,fresh,oi_liq,1,0.00822574669756402,0.5476475424315411
COMBOUSDT,fresh,fe_q99,6,-0.012411308169909947,-0.16433833321231314
COMMONUSDT,fresh,oi_liq,0,0.0,0.0
COMMONUSDT,fresh,fe_q99,1,-0.041897483236226114,-1.0376397087581704
COMPUSDT,ext54,oi_liq,15,0.24571487739583683,0.8934211394301567
COMPUSDT,ext54,fe_q99,70,0.4914678706853569,0.5599566603087981
COOKIEUSDT,fresh,oi_liq,0,0.0,0.0
COOKIEUSDT,fresh,fe_q99,4,0.36448748826622973,0.9155840156654209
COSUSDT,fresh,oi_liq,0,0.0,0.0
COSUSDT,fresh,fe_q99,9,-0.33612314537214155,-1.4662901433186941
COTIUSDT,fresh,oi_liq,9,0.08546688032630113,0.36063681704839456
COTIUSDT,fresh,fe_q99,49,0.10305498028049767,0.13279014571362174
COWUSDT,fresh,oi_liq,3,0.10193462285478772,1.1774096427983136
COWUSDT,fresh,fe_q99,8,-0.05917017764494294,-0.33313838646806776
CRCLUSDT,fresh,oi_liq,2,0.0026140878658693738,0.10504362587153554
CRCLUSDT,fresh,fe_q99,14,0.05610302112809634,0.9720251272490827
CROSSUSDT,fresh,oi_liq,0,0.0,0.0
CROSSUSDT,fresh,fe_q99,1,0.06524798714560051,1.2603771632217398
CRVUSDT,ext54,oi_liq,24,0.5357727272047346,1.107006719953808
CRVUSDT,ext54,fe_q99,90,0.3629152207867093,0.36190435018734907
CTKUSDT,fresh,oi_liq,1,0.056249521234235475,0.4587983904626506
CTKUSDT,fresh,fe_q99,11,0.16538588796314957,0.6529594668516306
CTSIUSDT,fresh,oi_liq,0,0.0,0.0
CTSIUSDT,fresh,fe_q99,21,0.04018132223928708,0.06375539264374246
CUDISUSDT,fresh,oi_liq,2,-0.11797299128728403,-0.8536184699978819
CUDISUSDT,fresh,fe_q99,10,0.01440047799706426,0.022722293682230478
CUSDT,fresh,oi_liq,5,0.10604546429720746,0.7552278682618563
CUSDT,fresh,fe_q99,4,-0.012888228625178473,-0.11076707537185843
CVCUSDT,fresh,oi_liq,0,0.0,0.0
CVCUSDT,fresh,fe_q99,4,-0.049502808994590586,-0.5597168651254448
CVXUSDT,fresh,oi_liq,0,0.0,0.0
CVXUSDT,fresh,fe_q99,2,0.03377970776178394,0.6309692918683583
CYBERUSDT,fresh,oi_liq,5,0.16138096232426438,0.778712346514759
CYBERUSDT,fresh,fe_q99,31,0.35122222268109704,0.8994886872630719
CYSUSDT,fresh,oi_liq,1,0.02944547175174335,1.093542950034203
CYSUSDT,fresh,fe_q99,12,0.5963208851379326,2.060215324347889
DAMUSDT,fresh,oi_liq,0,0.0,0.0
DAMUSDT,fresh,fe_q99,5,0.6469586243606863,0.9198339303570072
DARUSDT,fresh,oi_liq,2,0.028047010018396733,0.604147294119365
DARUSDT,fresh,fe_q99,15,0.07969640008231216,0.10444240565830722
DASHUSDT,ext54,oi_liq,11,0.36036724728929825,0.7704410089145902
DASHUSDT,ext54,fe_q99,49,0.26732517956581625,0.2168863308303816
DEEPUSDT,fresh,oi_liq,0,0.0,0.0
DEEPUSDT,fresh,fe_q99,0,0.0,0.0
DEGENUSDT,fresh,oi_liq,2,-0.013246385593732181,-0.7299635027372721
DEGENUSDT,fresh,fe_q99,9,0.32133880890499045,1.0040744681204192
DEGOUSDT,fresh,oi_liq,4,0.055626046724259526,0.2884733497867449
DEGOUSDT,fresh,fe_q99,7,0.3947371985856363,0.4269371783572286
DELLUSDT,fresh,oi_liq,0,0.0,0.0
DELLUSDT,fresh,fe_q99,5,0.056263749025782565,1.8978366634435035
DENTUSDT,fresh,oi_liq,6,-0.11419768273941902,-0.4441843132498734
DENTUSDT,fresh,fe_q99,18,0.10153266378247644,0.2599232067207671
DEXEUSDT,fresh,oi_liq,5,-0.6581346214645252,-0.8120131926705918
DEXEUSDT,fresh,fe_q99,24,-0.42483121579173727,-0.26306400211475667
DFUSDT,fresh,oi_liq,1,-0.11735221765180207,-0.7551903733496608
DFUSDT,fresh,fe_q99,5,-0.16272471594335258,-0.9822776127329119
DGBUSDT,fresh,oi_liq,0,0.0,0.0
DGBUSDT,fresh,fe_q99,2,0.009041499353025954,0.15266924428626213
DIAUSDT,fresh,oi_liq,1,-0.011389653513895901,-0.7075915990571408
DIAUSDT,fresh,fe_q99,9,-0.04795724641732439,-0.31716707322344434
DMCUSDT,fresh,oi_liq,1,0.07830377981097827,0.8869261136275577
DMCUSDT,fresh,fe_q99,2,-0.07247739548858405,-1.2219390227072124
DODOUSDT,fresh,oi_liq,4,-0.1992705546057683,-2.3615941818608586
DODOUSDT,fresh,fe_q99,10,0.2558556115002711,2.315679471662134
DODOXUSDT,fresh,oi_liq,0,0.0,0.0
DODOXUSDT,fresh,fe_q99,1,0.12492220645713084,0.5633749234282851
DOGEUSDT,core16,oi_liq,41,0.647824837936789,1.4418554358817974
DOGEUSDT,core16,fe_q99,104,0.9294671950217633,0.8537533383255006
DOGSUSDT,fresh,oi_liq,5,0.05388552622038045,0.3372925550160718
DOGSUSDT,fresh,fe_q99,25,-0.4204847004574932,-1.2181512125247445
DOLOUSDT,fresh,oi_liq,2,0.12269762112650257,1.1863443250819585
DOLOUSDT,fresh,fe_q99,7,0.005467726411860663,0.027416916203762954
DOODUSDT,fresh,oi_liq,1,0.02476562914213056,0.8459824315609656
DOODUSDT,fresh,fe_q99,8,-0.0900534879266632,-0.8650913300387136
DOSUSDT,fresh,fe_q99,0,0.0,0.0
DOTUSDT,core16,oi_liq,46,0.5029968221087451,0.8508298527471045
DOTUSDT,core16,fe_q99,109,1.1891459687276404,1.4139411281151657
DRAMUSDT,fresh,oi_liq,0,0.0,0.0
DRAMUSDT,fresh,fe_q99,5,0.02622436413824527,1.3637517122428717
DRIFTUSDT,fresh,oi_liq,1,-0.03869088986258489,-0.562774125231923
DRIFTUSDT,fresh,fe_q99,15,-0.0733048228282146,-0.2379112737266869
DUSDT,fresh,oi_liq,0,0.0,0.0
DUSDT,fresh,fe_q99,0,0.0,0.0
DUSKUSDT,fresh,oi_liq,6,0.08612130020212999,0.47017710715657923
DUSKUSDT,fresh,fe_q99,35,-0.0779567624119224,-0.11632366620316806
DYDXUSDT,ext54,oi_liq,29,0.25816530086645517,0.27106717865623375
DYDXUSDT,ext54,fe_q99,85,0.595442240852526,0.663971307636866
DYMUSDT,fresh,oi_liq,5,0.012773027397176333,0.09053144875865458
DYMUSDT,fresh,fe_q99,39,0.1201692410878199,0.14838004256756732
EDENUSDT,fresh,oi_liq,0,0.0,0.0
EDENUSDT,fresh,fe_q99,3,0.1587974085300711,0.6621853633322767
EDGEUSDT,fresh,oi_liq,3,-0.11977101549847041,-1.2361696849104769
EDGEUSDT,fresh,fe_q99,13,-0.018632959047684194,-0.10593273683128124
EDUUSDT,fresh,oi_liq,6,-0.02438226755248058,-0.13175837769245055
EDUUSDT,fresh,fe_q99,22,0.4388494712465475,0.8704291769429149
EGLDUSDT,ext54,oi_liq,14,0.1700783730189387,0.5301394742004913
EGLDUSDT,ext54,fe_q99,61,-0.300513626946791,-0.4507530263583091
EIGENUSDT,fresh,oi_liq,4,0.17974539673920192,0.9431802028731138
EIGENUSDT,fresh,fe_q99,35,0.28288053951190834,0.8330798668567718
ELSAUSDT,fresh,oi_liq,0,0.0,0.0
ELSAUSDT,fresh,fe_q99,0,0.0,0.0
ENAUSDT,fresh,oi_liq,13,-0.2090908780343312,-0.9222764605982754
ENAUSDT,fresh,fe_q99,78,-0.6863253264987297,-1.0971745784026463
ENJUSDT,ext54,oi_liq,11,0.20884210065075576,0.7249425022050624
ENJUSDT,ext54,fe_q99,60,0.16870896920589917,0.1928547190463192
ENSOUSDT,fresh,oi_liq,0,0.0,0.0
ENSOUSDT,fresh,fe_q99,6,-0.23307134186575967,-1.2116081480622036
ENSUSDT,fresh,oi_liq,12,0.333454913900613,1.0936221611646426
ENSUSDT,fresh,fe_q99,82,1.153612571765618,1.3480409632490733
EOSUSDT,ext54,oi_liq,29,0.3122726780434225,1.0305146172920499
EOSUSDT,ext54,fe_q99,73,0.4387468133799074,0.7385266546752639
EPICUSDT,fresh,oi_liq,1,-0.14965836386989875,-0.8023334575301658
EPICUSDT,fresh,fe_q99,10,0.08534789753110492,0.17186219586598475
EPTUSDT,fresh,oi_liq,0,0.0,0.0
EPTUSDT,fresh,fe_q99,1,0.11861842956877632,0.8314372368302242
ERAUSDT,fresh,oi_liq,0,0.0,0.0
ERAUSDT,fresh,fe_q99,0,0.0,0.0
ESPORTSUSDT,fresh,oi_liq,1,-0.30361119494607475,-0.9223967968373761
ESPORTSUSDT,fresh,fe_q99,19,-0.921079749480176,-0.8406977768537468
ESPUSDT,fresh,oi_liq,0,0.0,0.0
ESPUSDT,fresh,fe_q99,0,0.0,0.0
ETCUSDT,core16,oi_liq,37,0.32233744586228175,0.9819233429213692
ETCUSDT,core16,fe_q99,101,0.5666189346424757,0.7575748337986391
ETHFIUSDT,fresh,oi_liq,8,0.021478723014403997,0.07771312831933902
ETHFIUSDT,fresh,fe_q99,77,0.45256660114009856,0.6108437531715952
ETHUSDT,core16,oi_liq,39,0.2829754986573152,0.7763034302486952
ETHUSDT,core16,fe_q99,111,-0.16054875288837028,-0.221552816606295
ETHWUSDT,fresh,oi_liq,1,-0.011436327761773474,-0.5929905268489225
ETHWUSDT,fresh,fe_q99,9,0.06264891058011747,0.30628206302589467
EULUSDT,fresh,oi_liq,0,0.0,0.0
EULUSDT,fresh,fe_q99,0,0.0,0.0
EVAAUSDT,fresh,oi_liq,2,0.21074810558879703,1.0974450913335598
EVAAUSDT,fresh,fe_q99,8,-0.12182994079268344,-0.20615189286582186
EWYUSDT,fresh,oi_liq,0,0.0,0.0
EWYUSDT,fresh,fe_q99,11,-0.04688856679896385,-0.887725741940835
FARTCOINUSDT,fresh,oi_liq,7,0.1011383153138331,1.1752128771154464
FARTCOINUSDT,fresh,fe_q99,72,0.0050724796562657826,0.00658601787484358
FETUSDT,ext54,oi_liq,25,0.551930703512556,1.258207707242198
FETUSDT,ext54,fe_q99,83,0.03931114597295465,0.04622158647348938
FFUSDT,fresh,oi_liq,1,-0.0022969587494682513,-0.9972714819543098
FFUSDT,fresh,fe_q99,7,-0.06008184098627834,-0.899909260399505
FHEUSDT,fresh,oi_liq,3,0.09420529551501536,0.5874462111636085
FHEUSDT,fresh,fe_q99,19,-0.5428853131865768,-0.7510802240737723
FIDAUSDT,fresh,oi_liq,7,0.09794214539732,0.3760703865100907
FIDAUSDT,fresh,fe_q99,21,-0.035873887923249,-0.12050671757386738
FIGHTUSDT,fresh,oi_liq,0,0.0,0.0
FIGHTUSDT,fresh,fe_q99,1,-0.09210629833286234,-1.205895213910508
FILUSDT,ext54,oi_liq,46,0.4288820314384516,0.9569884947150763
FILUSDT,ext54,fe_q99,114,0.7793683137947167,0.78618277236258
FIOUSDT,fresh,oi_liq,1,0.022693362586667806,0.4937837415963926
FIOUSDT,fresh,fe_q99,8,-0.05890677067488854,-0.6483189494840516
FISUSDT,fresh,oi_liq,1,-0.005881339596574019,-0.8346046282499175
FISUSDT,fresh,fe_q99,4,0.10509863624673964,0.43018127736606887
FLMUSDT,fresh,oi_liq,9,0.22919903779829068,0.24084104963106104
FLMUSDT,fresh,fe_q99,36,0.10788512558870489,0.12608434635666016
FLOCKUSDT,fresh,oi_liq,0,0.0,0.0
FLOCKUSDT,fresh,fe_q99,1,-0.14995306438131079,-0.9711603651201803
FLOWUSDT,fresh,oi_liq,20,0.10623220068934383,0.19512635923954275
FLOWUSDT,fresh,fe_q99,88,0.39312382367814547,0.5429864499021834
FLUIDUSDT,fresh,oi_liq,0,0.0,0.0
FLUIDUSDT,fresh,fe_q99,0,0.0,0.0
FLUXUSDT,fresh,oi_liq,0,0.0,0.0
FLUXUSDT,fresh,fe_q99,1,-0.05937371217176661,-0.6939238740725928
FOGOUSDT,fresh,oi_liq,0,0.0,0.0
FOGOUSDT,fresh,fe_q99,1,-0.07385944904066186,-1.1758298165873147
FOLKSUSDT,fresh,oi_liq,2,-0.031734495040123004,-0.9518769858627971
FOLKSUSDT,fresh,fe_q99,9,1.4913698337994754,1.6969882030248364
FOOTBALLUSDT,fresh,oi_liq,1,-0.008705408080134418,-0.05085438754199177
FOOTBALLUSDT,fresh,fe_q99,13,-0.21005920713673346,-0.869056212277985
FORMUSDT,fresh,oi_liq,2,0.13387335660731453,0.5027356076576247
FORMUSDT,fresh,fe_q99,12,-0.053427709025873106,-0.33769703249668087
FORTHUSDT,fresh,oi_liq,0,0.0,0.0
FORTHUSDT,fresh,fe_q99,0,0.0,0.0
FRAXUSDT,fresh,oi_liq,0,0.0,0.0
FRAXUSDT,fresh,fe_q99,0,0.0,0.0
FRONTUSDT,fresh,oi_liq,4,-0.05763354731431469,-1.3504550329174674
FRONTUSDT,fresh,fe_q99,22,-0.3624978624044528,-1.4244509828181837
FTMUSDT,ext54,oi_liq,22,0.22466514426041562,0.6794157031718399
FTMUSDT,ext54,fe_q99,76,-0.4296638120345351,-0.5051103744975566
FTTUSDT,fresh,oi_liq,1,-0.025280137556379517,-0.47320860132514303
FTTUSDT,fresh,fe_q99,11,-0.9462939852145101,-0.3805768306412274
FUNUSDT,fresh,oi_liq,0,0.0,0.0
FUNUSDT,fresh,fe_q99,8,0.012245812592157707,0.033735854291591996
FUSDT,fresh,oi_liq,0,0.0,0.0
FUSDT,fresh,fe_q99,9,0.2117915404265061,0.4928542555712478
FXSUSDT,fresh,oi_liq,5,0.1566634041861986,0.8997405249286873
FXSUSDT,fresh,fe_q99,18,0.26421491326071045,0.6817526990280274
GALAUSDT,ext54,oi_liq,31,0.6069857116643158,1.1640245062259487
GALAUSDT,ext54,fe_q99,110,1.474339893077232,1.4936146923510234
GALUSDT,fresh,oi_liq,11,0.11848989831087287,0.6249652110363481
GALUSDT,fresh,fe_q99,31,-0.05807605937515681,-0.12807985872266614
GASUSDT,fresh,oi_liq,7,0.30375023051670924,1.4174245672339811
GASUSDT,fresh,fe_q99,28,-0.017099623520030766,-0.042122081488014794
GENIUSUSDT,fresh,oi_liq,1,-0.026599000123149658,-1.473980680883928
GENIUSUSDT,fresh,fe_q99,1,-0.33820537122512456,-1.6484298434170699
GIGGLEUSDT,fresh,oi_liq,4,-0.1036576148095738,-0.8386024094311936
GIGGLEUSDT,fresh,fe_q99,17,0.23234604597008296,0.5851422251829224
GLMRUSDT,fresh,oi_liq,1,0.033187896794351274,0.5757749585614581
GLMRUSDT,fresh,fe_q99,3,-0.08822641848614682,-0.539984470049444
GLMUSDT,fresh,oi_liq,3,0.11061672494314925,0.8775113011650191
GLMUSDT,fresh,fe_q99,19,-0.17729413618766904,-0.47216840110400843
GLWUSDT,fresh,oi_liq,0,0.0,0.0
GLWUSDT,fresh,fe_q99,1,-0.008614803949100656,-1.8052502794428726
GMTUSDT,ext54,oi_liq,28,-0.01636128274308251,-0.028712886340666606
GMTUSDT,ext54,fe_q99,83,0.7644888489055932,0.6015775711502804
GMXUSDT,fresh,oi_liq,2,0.04229491579537287,0.5254491630933115
GMXUSDT,fresh,fe_q99,23,0.09433193168991377,0.30387796061176475
GOATUSDT,fresh,oi_liq,3,0.07269672684210007,0.9995976686924456
GOATUSDT,fresh,fe_q99,36,-0.19145563559419493,-0.3488335029043445
GOOGLUSDT,fresh,oi_liq,3,0.030183729875232705,1.8534294431292773
GOOGLUSDT,fresh,fe_q99,4,0.004211716078163799,1.1444073398881962
GPSUSDT,fresh,oi_liq,2,-0.12296098463621771,-0.5148767782829187
GPSUSDT,fresh,fe_q99,11,-0.1787257493200365,-0.3236873848117715
GRAMUSDT,fresh,oi_liq,0,0.0,0.0
GRAMUSDT,fresh,fe_q99,0,0.0,0.0
GRASSUSDT,fresh,oi_liq,2,-0.19043741517347662,-1.0584568905749159
GRASSUSDT,fresh,fe_q99,34,0.07054993663077863,0.13770318467566234
GRIFFAINUSDT,fresh,oi_liq,0,0.0,0.0
GRIFFAINUSDT,fresh,fe_q99,26,0.48470438627053813,0.9583503741061831
GRTUSDT,ext54,oi_liq,30,0.6655862464246947,1.306952391050657
GRTUSDT,ext54,fe_q99,77,0.6615425426807602,0.6750652201510798
GRVTUSDT,fresh,oi_liq,0,0.0,0.0
GRVTUSDT,fresh,fe_q99,4,-0.02830018761192954,-1.2791651104756843
GTCUSDT,fresh,oi_liq,3,0.007338615037888057,0.14750320210397247
GTCUSDT,fresh,fe_q99,35,0.06504047352724066,0.09727774319356049
GUAUSDT,fresh,oi_liq,0,0.0,0.0
GUAUSDT,fresh,fe_q99,10,-1.5283331417450812,-1.4520647642389952
GUNUSDT,fresh,oi_liq,0,0.0,0.0
GUNUSDT,fresh,fe_q99,12,-0.09103650275580127,-0.5865308124708493
GUSDT,fresh,oi_liq,1,0.026288027236666622,0.6853870948270545
GUSDT,fresh,fe_q99,5,-0.26277624397502664,-0.934571514302022
GWEIUSDT,fresh,oi_liq,2,0.015801310110628634,0.35976350613813807
GWEIUSDT,fresh,fe_q99,21,-0.06672105223423744,-0.16754515597848074
HAEDALUSDT,fresh,oi_liq,2,0.020926604652054856,0.45793632844602344
HAEDALUSDT,fresh,fe_q99,10,-0.00892888016524998,-0.0417086234746326
HANAUSDT,fresh,oi_liq,0,0.0,0.0
HANAUSDT,fresh,fe_q99,8,0.44901384890816487,1.5169567490920997
HBARUSDT,ext54,oi_liq,23,0.11724512521073117,0.29098448635567165
HBARUSDT,ext54,fe_q99,87,0.7351266691251962,0.5970463573213672
HEIUSDT,fresh,oi_liq,3,-0.39129190937495373,-0.8847259981769651
HEIUSDT,fresh,fe_q99,7,-0.24209363717274984,-0.368041058735776
HEMIUSDT,fresh,oi_liq,2,0.07770716953686754,1.27550695359678
HEMIUSDT,fresh,fe_q99,11,0.3909858097476373,0.6997464383070652
HFTUSDT,fresh,oi_liq,0,0.0,0.0
HFTUSDT,fresh,fe_q99,3,0.10705346568539192,0.8432396702423228
HIFIUSDT,fresh,oi_liq,9,-0.01912624068863554,-0.08782477031944591
HIFIUSDT,fresh,fe_q99,43,-0.6344304032289043,-0.6549219773251138
HIGHUSDT,fresh,oi_liq,9,0.21907730069030434,0.7117191268665523
HIGHUSDT,fresh,fe_q99,35,0.30854751634620103,0.287788655195901
HIPPOUSDT,fresh,oi_liq,2,-0.04178689014068254,-0.9463116458036537
HIPPOUSDT,fresh,fe_q99,23,0.6272374433647308,1.105801016715971
HIVEUSDT,fresh,oi_liq,0,0.0,0.0
HIVEUSDT,fresh,fe_q99,0,0.0,0.0
HMSTRUSDT,fresh,oi_liq,4,-0.10287381158858205,-0.8668594359397436
HMSTRUSDT,fresh,fe_q99,17,-0.03460466482129242,-0.10140171346853508
HNTUSDT,fresh,oi_liq,7,0.07146126782130899,0.30796742424992973
HNTUSDT,fresh,fe_q99,33,0.40200829142826594,0.7207229546808585
HOLOUSDT,fresh,oi_liq,2,0.09739772838843395,0.967684584490241
HOLOUSDT,fresh,fe_q99,0,0.0,0.0
HOMEUSDT,fresh,oi_liq,2,0.01878480751964476,0.6996745919887069
HOMEUSDT,fresh,fe_q99,12,-0.23280553260967118,-0.43831869279306046
HOODUSDT,fresh,oi_liq,0,0.0,0.0
HOODUSDT,fresh,fe_q99,2,-0.0003234952833706707,-0.03251887439290838
HOOKUSDT,fresh,oi_liq,11,0.1305471524396742,0.5212493817981523
HOOKUSDT,fresh,fe_q99,21,-0.18500743455567803,-0.5312025634913207
HOTUSDT,fresh,oi_liq,11,-0.19422946789035386,-0.4655596878650636
HOTUSDT,fresh,fe_q99,39,0.29522387881102863,0.43892809334341093
HUMAUSDT,fresh,oi_liq,2,0.0927070574412692,0.9408978047692839
HUMAUSDT,fresh,fe_q99,9,-0.34611997279932316,-1.2521597959360762
HUSDT,fresh,oi_liq,8,-0.48707024396263776,-0.549657030865789
HUSDT,fresh,fe_q99,46,-1.6275419939585498,-0.6671384676646295
HYPERUSDT,fresh,oi_liq,0,0.0,0.0
HYPERUSDT,fresh,fe_q99,4,-0.04446077371111328,-0.34691526204614376
HYPEUSDT,fresh,oi_liq,3,0.06758947179952127,0.6866268514002298
HYPEUSDT,fresh,fe_q99,47,-0.050662869307534275,-0.23169604887476605
ICNTUSDT,fresh,oi_liq,0,0.0,0.0
ICNTUSDT,fresh,fe_q99,8,-0.16474734128342405,-1.5585769042479893
ICPUSDT,ext54,oi_liq,28,0.5497818065260257,1.3440527568985565
ICPUSDT,ext54,fe_q99,87,0.7905274318119919,0.9146434187425001
ICXUSDT,fresh,oi_liq,11,-0.06512981493023429,-0.11492968858491606
ICXUSDT,fresh,fe_q99,15,-0.26915497996838894,-0.8890431101318834
IDEXUSDT,fresh,oi_liq,0,0.0,0.0
IDEXUSDT,fresh,fe_q99,2,-0.05722209862009599,-0.5276715734815718
IDOLUSDT,fresh,oi_liq,0,0.0,0.0
IDOLUSDT,fresh,fe_q99,1,0.04157132008871495,0.8966408186722546
IDUSDT,fresh,oi_liq,10,0.08785021302676457,0.23842994508814608
IDUSDT,fresh,fe_q99,35,0.10097661662245791,0.17426347869101233
ILVUSDT,fresh,oi_liq,1,0.039329845604961465,0.3549923074175935
ILVUSDT,fresh,fe_q99,13,0.0699164335855589,0.38139420581043587
IMXUSDT,ext54,oi_liq,13,0.19679913967222037,0.4993885006102788
IMXUSDT,ext54,fe_q99,90,0.5105982023357202,0.5026931154284552
INITUSDT,fresh,oi_liq,0,0.0,0.0
INITUSDT,fresh,fe_q99,6,0.0017897570417626796,0.024347498438936497
INJUSDT,ext54,oi_liq,32,0.4275611229070901,0.7972730257522366
INJUSDT,ext54,fe_q99,84,0.9669154932155505,1.2922834843565076
INTCUSDT,fresh,oi_liq,4,-0.0777571883276887,-1.9555261502191823
INTCUSDT,fresh,fe_q99,9,-0.08842956824560881,-1.2503171944208629
INUSDT,fresh,oi_liq,0,0.0,0.0
INUSDT,fresh,fe_q99,12,-0.22117172427636056,-0.5700342675020901
INXUSDT,fresh,oi_liq,0,0.0,0.0
INXUSDT,fresh,fe_q99,6,0.08319399042186139,0.6123620697303821
IOSTUSDT,fresh,oi_liq,3,-0.020984487899968454,-0.12126456054696835
IOSTUSDT,fresh,fe_q99,27,0.009786472776427746,0.009366753224260962
IOTAUSDT,ext54,oi_liq,13,0.3241666900288177,0.6516634511264782
IOTAUSDT,ext54,fe_q99,39,0.05935175402547113,0.05446697075848588
IOTXUSDT,fresh,oi_liq,5,0.07184931874570535,0.3908140884836702
IOTXUSDT,fresh,fe_q99,34,0.4662187007576991,0.7119838824574068
IOUSDT,fresh,oi_liq,4,0.16810146888440725,0.7713779039916219
IOUSDT,fresh,fe_q99,31,-0.06899366437395547,-0.12981525153747456
IPUSDT,fresh,oi_liq,3,-0.03731350252474318,-0.10232050682861178
IPUSDT,fresh,fe_q99,29,-0.5565813971678214,-0.6907269682317447
IRUSDT,fresh,oi_liq,1,0.028371177561134473,1.1336715871916494
IRUSDT,fresh,fe_q99,0,0.0,0.0
IRYSUSDT,fresh,oi_liq,1,-0.02806494822549197,-1.0868439508332297
IRYSUSDT,fresh,fe_q99,4,-0.009016049649369917,-0.13137493037654477
JASMYUSDT,fresh,oi_liq,13,0.1468766240585967,0.454784793518414
JASMYUSDT,fresh,fe_q99,75,0.4962800534584879,0.44120382165913147
JCTUSDT,fresh,oi_liq,0,0.0,0.0
JCTUSDT,fresh,fe_q99,3,-0.009258011943146186,-0.17653198242669996
JELLYJELLYUSDT,fresh,oi_liq,5,0.1832068035897925,0.6267709427527745
JELLYJELLYUSDT,fresh,fe_q99,35,-0.6407955480978242,-0.5742254242549794
JOEUSDT,fresh,oi_liq,2,-0.018224796139574267,-0.37242210404270853
JOEUSDT,fresh,fe_q99,15,0.2241691162924478,0.6278497444683293
JTOUSDT,fresh,oi_liq,9,0.018912530262453556,0.1638402561107027
JTOUSDT,fresh,fe_q99,75,0.3919367580783974,0.6889813216805726
JUPUSDT,fresh,oi_liq,8,0.08142351844587298,0.35886028099666833
JUPUSDT,fresh,fe_q99,79,0.721319382272406,0.9579447231367882
KAIAUSDT,fresh,oi_liq,0,0.0,0.0
KAIAUSDT,fresh,fe_q99,1,-0.0017226206405175134,-0.7403026732682033
KAITOUSDT,fresh,oi_liq,3,0.09686812518225234,0.8634462253112448
KAITOUSDT,fresh,fe_q99,24,0.3064614138361578,0.5540686815717654
KASUSDT,fresh,oi_liq,10,-0.15038209246366366,-0.4286050620234436
KASUSDT,fresh,fe_q99,58,0.19052755782039127,0.3065922513310229
KATUSDT,fresh,oi_liq,0,0.0,0.0
KATUSDT,fresh,fe_q99,4,-0.10971901980762674,-0.49302130448936743
KAVAUSDT,ext54,oi_liq,11,0.07718682640257904,0.41528114201125643
KAVAUSDT,ext54,fe_q99,66,-0.1942651559917466,-0.19534420880804443
KDAUSDT,fresh,oi_liq,2,0.10061831006072924,0.9870279517426358
KDAUSDT,fresh,fe_q99,16,-0.2842005326276845,-0.6359506648615909
KEEPUSDT,fresh,fe_q99,3,0.07509491566656563,4.66969974635627
KERNELUSDT,fresh,oi_liq,2,-0.03790079989861035,-0.9852601742775176
KERNELUSDT,fresh,fe_q99,9,0.04697546101000309,0.09864870596198079
KEYUSDT,fresh,oi_liq,2,0.01839934409852507,0.26800688373885745
KEYUSDT,fresh,fe_q99,8,-0.024046809700432895,-0.12767279302105033
KGENUSDT,fresh,oi_liq,0,0.0,0.0
KGENUSDT,fresh,fe_q99,0,0.0,0.0
KITEUSDT,fresh,oi_liq,6,0.020099952008784384,0.3542927169826944
KITEUSDT,fresh,fe_q99,25,-0.17609687095681553,-0.7496040574426329
KLAYUSDT,fresh,oi_liq,9,-0.14943374119132385,-0.4153828921322855
KLAYUSDT,fresh,fe_q99,28,0.49066076878057446,0.9288680466874228
KMNOUSDT,fresh,oi_liq,0,0.0,0.0
KMNOUSDT,fresh,fe_q99,6,-0.0005762876955723445,-0.0033870037974473824
KNCUSDT,fresh,oi_liq,3,0.08287025373425062,0.3163427178323531
KNCUSDT,fresh,fe_q99,25,-0.21411451037559937,-0.5130971612012292
KOMAUSDT,fresh,oi_liq,2,-0.06642565199497791,-0.3365673893936956
KOMAUSDT,fresh,fe_q99,11,-0.10473084787863027,-0.6032653712944123
KORUUSDT,fresh,oi_liq,0,0.0,0.0
KORUUSDT,fresh,fe_q99,3,-0.08816893585532523,-1.1131099368187436
KSMUSDT,ext54,oi_liq,8,0.11435062677291292,0.4777030573018713
KSMUSDT,ext54,fe_q99,33,-0.23527350642862954,-0.4339188247821488
LABUSDT,fresh,oi_liq,3,0.7009852539018544,1.3017811965729735
LABUSDT,fresh,fe_q99,30,1.36055750223637,1.0138821494267816
LAUSDT,fresh,oi_liq,2,0.018306164781880675,0.47204253355539455
LAUSDT,fresh,fe_q99,21,-0.5450231990350362,-1.4874382370151709
LAYERUSDT,fresh,oi_liq,1,0.004394092859084405,0.6264471870158994
LAYERUSDT,fresh,fe_q99,14,-0.5235120373211992,-1.0001224340928438
LDOUSDT,ext54,oi_liq,15,0.23212960501335414,0.9094239703263879
LDOUSDT,ext54,fe_q99,91,0.5552591696096428,0.6497267451271196
LEVERUSDT,fresh,oi_liq,6,0.2166727438186719,0.8714249850698006
LEVERUSDT,fresh,fe_q99,23,-0.16779662135079876,-0.2713488630948852
LIGHTUSDT,fresh,oi_liq,6,-0.46741303363848163,-1.335318532088433
LIGHTUSDT,fresh,fe_q99,16,-0.8159609860641125,-0.7588804963813367
LINAUSDT,fresh,oi_liq,12,0.06530342119326504,0.30282486293674254
LINAUSDT,fresh,fe_q99,73,-0.13570097455159477,-0.1512533771073372
LINEAUSDT,fresh,oi_liq,1,0.045535662847281416,0.9612755239323385
LINEAUSDT,fresh,fe_q99,9,0.08893613037420489,0.554749801212794
LINKUSDT,core16,oi_liq,44,0.4798271638046052,0.9062543896544321
LINKUSDT,core16,fe_q99,100,0.6683500244489254,0.7766519091981556
LISTAUSDT,fresh,oi_liq,5,-0.052505980320975004,-0.23204351887464797
LISTAUSDT,fresh,fe_q99,34,-0.1761299406210581,-0.5791211763606952
LITEUSDT,fresh,oi_liq,1,0.004979401861172274,1.6204626748480015
LITEUSDT,fresh,fe_q99,9,-0.05144629473450193,-1.1576578671887803
LITUSDT,fresh,oi_liq,9,-0.08871143334559803,-0.21378434726167506
LITUSDT,fresh,fe_q99,52,0.9845167272045627,0.7576100528001256
LOKAUSDT,fresh,oi_liq,0,0.0,0.0
LOKAUSDT,fresh,fe_q99,1,-0.041410678724691216,-0.703740731831743
LOOMUSDT,fresh,oi_liq,4,0.006953176919161322,0.03978461778630003
LOOMUSDT,fresh,fe_q99,33,0.2295961102320902,0.7049287046717498
LPTUSDT,fresh,oi_liq,7,0.012203691283204358,0.049538785084834704
LPTUSDT,fresh,fe_q99,82,0.3440641060023395,0.4422812175601625
LQTYUSDT,fresh,oi_liq,7,0.045831020800428335,0.2796010094254442
LQTYUSDT,fresh,fe_q99,33,0.1803027899457924,0.3816458041685214
LRCUSDT,fresh,oi_liq,11,0.19989238930572556,0.8752538826749606
LRCUSDT,fresh,fe_q99,39,0.9194591214760567,0.8745132779754538
LSKUSDT,fresh,oi_liq,3,0.07004105763207721,0.6875623200857827
LSKUSDT,fresh,fe_q99,24,-0.35047304897827236,-0.32277938669747697
LTCUSDT,core16,oi_liq,36,0.34512938281591193,0.7450256270679553
LTCUSDT,core16,fe_q99,101,0.3045827560035867,0.427592532244022
LUMIAUSDT,fresh,oi_liq,0,0.0,0.0
LUMIAUSDT,fresh,fe_q99,0,0.0,0.0
LUNA2USDT,fresh,oi_liq,13,0.3276235014044767,1.0431765042265522
LUNA2USDT,fresh,fe_q99,66,-1.0704221969545498,-0.8261958261841837
LUNAUSDT,fresh,oi_liq,2,0.011705725923413996,2.097268730177845
LUNAUSDT,fresh,fe_q99,12,0.8707096006759344,1.200019873226537
LYNUSDT,fresh,oi_liq,1,0.03896191442508402,1.0069204977995476
LYNUSDT,fresh,fe_q99,14,-0.31783919559382146,-0.5124949189404405
MAGICUSDT,fresh,oi_liq,12,0.2459977970840104,0.6760610285999388
MAGICUSDT,fresh,fe_q99,49,0.38614490704019416,0.6762279237445338
MAGMAUSDT,fresh,oi_liq,2,-0.11422812422151919,-0.9062978877017444
MAGMAUSDT,fresh,fe_q99,3,0.410662238951938,1.3025907000123782
MANAUSDT,ext54,oi_liq,24,0.46931780888613195,1.3508420685382694
MANAUSDT,ext54,fe_q99,75,0.15824487483816696,0.20868272795793497
MANTAUSDT,fresh,oi_liq,9,0.12016041628375448,0.3803565927855792
MANTAUSDT,fresh,fe_q99,43,0.21654170454922694,0.3941469686208828
MANTRAUSDT,fresh,oi_liq,0,0.0,0.0
MANTRAUSDT,fresh,fe_q99,2,-0.06221508033557671,-1.2467341014773485
MARSCOINUSDT,fresh,fe_q99,0,0.0,0.0
MASKUSDT,fresh,oi_liq,23,0.3021427392644074,0.5305134472989821
MASKUSDT,fresh,fe_q99,85,0.0570934975958078,0.052973397574442506
MATICUSDT,ext54,oi_liq,32,0.35056618958572866,1.0453085281819392
MATICUSDT,ext54,fe_q99,61,0.8625439339758452,1.6052386927808333
MAVIAUSDT,fresh,oi_liq,3,-0.049581995574632144,-0.23715864699200034
MAVIAUSDT,fresh,fe_q99,26,0.07137446563429795,0.08974901001739949
MAVUSDT,fresh,oi_liq,5,0.17288773915629607,0.8463937184994846
MAVUSDT,fresh,fe_q99,20,0.1549538466348832,0.530941534027568
MBLUSDT,fresh,oi_liq,0,0.0,0.0
MBLUSDT,fresh,fe_q99,2,0.03061817676971983,1.8810828657542296
MBOXUSDT,fresh,oi_liq,0,0.0,0.0
MBOXUSDT,fresh,fe_q99,0,0.0,0.0
MDTUSDT,fresh,oi_liq,4,0.020741915668851918,0.06040575704049316
MDTUSDT,fresh,fe_q99,8,0.042320544630643615,0.21638753217342452
MEGAUSDT,fresh,oi_liq,0,0.0,0.0
MEGAUSDT,fresh,fe_q99,3,-0.06322333100435931,-1.4600176563472798
MELANIAUSDT,fresh,oi_liq,1,-0.002395666016803474,-0.7678937056221306
MELANIAUSDT,fresh,fe_q99,16,-0.13326088913765105,-0.5267078160773776
MEMEFIUSDT,fresh,oi_liq,2,0.17687893112937442,1.0931257988356264
MEMEFIUSDT,fresh,fe_q99,4,0.45292256539429904,1.2418705415559887
MEMEUSDT,fresh,oi_liq,14,0.049646159133029694,0.16246527363602972
MEMEUSDT,fresh,fe_q99,70,-0.3235133012229702,-0.37963242326660435
MERLUSDT,fresh,oi_liq,6,0.0910692308449696,0.3811053902717539
MERLUSDT,fresh,fe_q99,14,-0.20427587829082958,-0.5835686315957366
METAUSDT,fresh,oi_liq,0,0.0,0.0
METAUSDT,fresh,fe_q99,5,-0.05205359152543321,-1.2595933493666809
METISUSDT,fresh,oi_liq,3,-0.0414253893483231,-0.23303892981720087
METISUSDT,fresh,fe_q99,4,0.005157928284216797,0.047723659289863204
METUSDT,fresh,oi_liq,0,0.0,0.0
METUSDT,fresh,fe_q99,7,-0.05895338763417936,-0.8543378228383846
MEUSDT,fresh,oi_liq,2,0.012712003335470626,0.7436600722307897
MEUSDT,fresh,fe_q99,6,-0.005879514125767357,-0.016570910152598227
MEWUSDT,fresh,oi_liq,1,0.024268680604163817,0.6607593138302307
MEWUSDT,fresh,fe_q99,31,-0.5110379362104361,-0.7737245280181179
MINAUSDT,fresh,oi_liq,8,0.003206408774859032,0.014476617297472625
MINAUSDT,fresh,fe_q99,59,0.14922213355768066,0.24992793325877277
MINIMAXUSDT,fresh,oi_liq,1,0.012702842728095609,2.1914907207075656
MINIMAXUSDT,fresh,fe_q99,4,0.003886039089189582,1.3655954231785752
MIRAUSDT,fresh,oi_liq,1,0.02219287250342425,0.6150718178974984
MIRAUSDT,fresh,fe_q99,2,-0.01735965568633871,-0.3485506479763418
MITOUSDT,fresh,oi_liq,1,0.13266412294329682,1.0096922832759723
MITOUSDT,fresh,fe_q99,3,0.10008137173682859,0.7842979616458875
MKRUSDT,ext54,oi_liq,15,0.0013074820011116442,0.003929492544929548
MKRUSDT,ext54,fe_q99,101,0.49622343149475245,0.643926956833458
MLNUSDT,fresh,oi_liq,0,0.0,0.0
MLNUSDT,fresh,fe_q99,2,-0.11160970947771792,-0.5311349492229435
MMTUSDT,fresh,oi_liq,1,-0.028252716474657345,-1.0501042963594756
MMTUSDT,fresh,fe_q99,2,-0.01114439806408642,-0.8265393117040705
MOCAUSDT,fresh,oi_liq,0,0.0,0.0
MOCAUSDT,fresh,fe_q99,5,0.03137587684854153,0.1379565076883788
MONUSDT,fresh,oi_liq,0,0.0,0.0
MONUSDT,fresh,fe_q99,19,-0.4348743839262893,-1.693343935218029
MOODENGUSDT,fresh,oi_liq,5,-0.05338963379719955,-0.8360342330625259
MOODENGUSDT,fresh,fe_q99,48,0.7315670122509144,0.7920295076581214
MORPHOUSDT,fresh,oi_liq,0,0.0,0.0
MORPHOUSDT,fresh,fe_q99,12,-0.059669531551586226,-0.19311388239395516
MOVEUSDT,fresh,oi_liq,0,0.0,0.0
MOVEUSDT,fresh,fe_q99,19,0.1183635914763414,0.5122008339002886
MOVRUSDT,fresh,oi_liq,3,0.11518029292147783,0.8298726378286483
MOVRUSDT,fresh,fe_q99,17,0.3628837794880003,0.4523450051522783
MRVLUSDT,fresh,oi_liq,2,-0.06214086185601513,-1.3786581756330463
MRVLUSDT,fresh,fe_q99,5,0.014224159257324315,0.7667691628800869
MSFTUSDT,fresh,oi_liq,0,0.0,0.0
MSFTUSDT,fresh,fe_q99,2,-0.0061051983638267665,-1.644574221175385
MSTRUSDT,fresh,oi_liq,3,-0.020048527933218582,-0.907524349962819
MSTRUSDT,fresh,fe_q99,13,0.039053396004559385,1.0171812336938495
MTLUSDT,fresh,oi_liq,10,0.08804476387478893,0.4381076442038549
MTLUSDT,fresh,fe_q99,35,0.03106953197249515,0.046795508370012256
MUBARAKUSDT,fresh,oi_liq,5,0.031241006159121718,0.25298020982853275
MUBARAKUSDT,fresh,fe_q99,15,0.028539779194020787,0.08463808571239616
MUSDT,fresh,oi_liq,1,0.04016857000892132,1.2574825377245546
MUSDT,fresh,fe_q99,18,-0.4113000481719213,-0.9914188694519721
MUUSDT,fresh,oi_liq,1,-0.05233666806213476,-1.323055272895709
MUUSDT,fresh,fe_q99,5,-0.06689275905728617,-1.0196603470613461
MUUUSDT,fresh,oi_liq,0,0.0,0.0
MUUUSDT,fresh,fe_q99,8,0.19432855716087363,4.227176606902397
MVLLUSDT,fresh,oi_liq,0,0.0,0.0
MVLLUSDT,fresh,fe_q99,2,0.0012526109561415005,0.06171927119299798
MYROUSDT,fresh,oi_liq,5,0.22517969035080407,0.5425837243172147
MYROUSDT,fresh,fe_q99,34,-0.26127574856337477,-0.61813051759407
MYXUSDT,fresh,oi_liq,6,-0.8955831769984195,-0.7150653339282408
MYXUSDT,fresh,fe_q99,35,1.3747631599046115,0.7610158120679025
NAORISUSDT,fresh,oi_liq,5,0.10113787232910951,0.27939863784648766
NAORISUSDT,fresh,fe_q99,10,0.1432141304092478,0.5090151396177846
NATGASUSDT,fresh,oi_liq,2,0.009080787569633889,1.0538404157021846
NATGASUSDT,fresh,fe_q99,9,0.027785306263768614,1.5876471267551193
NBISUSDT,fresh,oi_liq,0,0.0,0.0
NBISUSDT,fresh,fe_q99,6,0.06562009314038691,2.546129187561894
NEARUSDT,core16,oi_liq,35,0.45137380013802836,0.8260914604410932
NEARUSDT,core16,fe_q99,99,0.49014012689354264,0.4496167208172201
NEIROETHUSDT,fresh,oi_liq,4,-0.01528378637173379,-0.14668761329625565
NEIROETHUSDT,fresh,fe_q99,41,-0.10171063329887531,-0.12293763425603972
NEIROUSDT,fresh,oi_liq,12,-0.10497554455991803,-0.33015955052537116
NEIROUSDT,fresh,fe_q99,37,-0.3148836063321354,-0.7442037156404592
NEOUSDT,ext54,oi_liq,21,0.0928038058227798,0.2897632274397403
NEOUSDT,ext54,fe_q99,82,-0.4167037078479894,-0.46624579189901555
NEWTUSDT,fresh,oi_liq,1,-0.1714853581855334,-0.984510241606566
NEWTUSDT,fresh,fe_q99,2,0.24629424573196854,0.8096688856026664
NFPUSDT,fresh,oi_liq,10,0.6665651791814216,1.0651567612221506
NFPUSDT,fresh,fe_q99,34,-0.3946012434445388,-0.6593160980008759
NIGHTUSDT,fresh,oi_liq,0,0.0,0.0
NIGHTUSDT,fresh,fe_q99,3,0.013067309818934185,0.9377645924111139
NILUSDT,fresh,oi_liq,2,-0.029909677024661352,-0.3613747461033502
NILUSDT,fresh,fe_q99,6,-0.16489780550334662,-1.2907824293492718
NKNUSDT,fresh,oi_liq,1,0.035904688196585835,0.3953084198185114
NKNUSDT,fresh,fe_q99,17,-0.1918351611383139,-0.490633566317537
NMRUSDT,fresh,oi_liq,2,-0.0047957742602394385,-0.28321437539128486
NMRUSDT,fresh,fe_q99,22,0.24542396387952692,0.3194941805635025
NOKUSDT,fresh,oi_liq,0,0.0,0.0
NOKUSDT,fresh,fe_q99,0,0.0,0.0
NOMUSDT,fresh,oi_liq,1,0.19076071027195052,1.0000000000000002
NOMUSDT,fresh,fe_q99,10,0.24286000963926693,0.5378300521561221
NOTUSDT,fresh,oi_liq,8,-0.014147812337004961,-0.07768969341134846
NOTUSDT,fresh,fe_q99,37,-0.1924943886305843,-0.37705037633617966
NTRNUSDT,fresh,oi_liq,3,0.11617531995651775,0.8384992018819646
NTRNUSDT,fresh,fe_q99,23,0.22068836467571057,0.5029222874911542
NULSUSDT,fresh,oi_liq,0,0.0,0.0
NULSUSDT,fresh,fe_q99,0,0.0,0.0
NUUSDT,fresh,fe_q99,5,0.02747399900533046,1.215634408080355
NVDAUSDT,fresh,oi_liq,3,0.023945497962852568,1.9146590247138153
NVDAUSDT,fresh,fe_q99,11,-0.054242049664132166,-2.6979450500318563
NXPCUSDT,fresh,oi_liq,1,0.02601994636985558,0.8510031428886435
NXPCUSDT,fresh,fe_q99,2,-0.15696060542324106,-1.1558781146399617
OBOLUSDT,fresh,oi_liq,0,0.0,0.0
OBOLUSDT,fresh,fe_q99,1,0.028961203379377264,0.8443285053816435
OCEANUSDT,fresh,oi_liq,10,0.10764303251628121,0.6852351565036671
OCEANUSDT,fresh,fe_q99,49,0.603960776610789,0.846872722309522
OGNUSDT,fresh,oi_liq,9,-0.16292885281707517,-0.3293472549624148
OGNUSDT,fresh,fe_q99,40,0.3211070193762291,0.32912408375101443
OGUSDT,fresh,oi_liq,2,0.0563335710764086,0.59376406853061
OGUSDT,fresh,fe_q99,4,-0.054073722562847676,-0.4786948303172126
OLUSDT,fresh,oi_liq,0,0.0,0.0
OLUSDT,fresh,fe_q99,3,-0.016933362191510086,-0.20838740491755095
OMGUSDT,fresh,oi_liq,3,0.0739544754535883,0.49200570503117835
OMGUSDT,fresh,fe_q99,27,-0.032570390219942236,-0.04987243187007378
OMNIUSDT,fresh,oi_liq,4,0.08422827427548348,1.0278790633234478
OMNIUSDT,fresh,fe_q99,33,0.28188412659055356,0.708502140203792
OMUSDT,fresh,oi_liq,6,0.05699378545372268,0.3902625216973472
OMUSDT,fresh,fe_q99,82,0.06031443770246507,0.06560121171668948
ONDOUSDT,fresh,oi_liq,20,0.45334312939521965,1.0962995873459647
ONDOUSDT,fresh,fe_q99,99,-0.23494152940966279,-0.31420158686117156
ONEUSDT,fresh,oi_liq,16,-0.058499652888312575,-0.12448643583000857
ONEUSDT,fresh,fe_q99,33,0.10724649456889535,0.16569134764453425
ONGUSDT,fresh,oi_liq,1,0.45738475031267434,0.5553402602213439
ONGUSDT,fresh,fe_q99,12,0.18607725272786524,0.209370485097345
ONTUSDT,fresh,oi_liq,7,-0.01352999352270311,-0.09834159810669962
ONTUSDT,fresh,fe_q99,35,-0.597769688293212,-0.915644345237409
ONUSDT,fresh,oi_liq,1,0.06971037408854716,1.0330786330131432
ONUSDT,fresh,fe_q99,7,0.32687212072028915,0.6513882557188286
OPENUSDT,fresh,oi_liq,1,0.032577633089578326,0.3150934382752143
OPENUSDT,fresh,fe_q99,5,0.3037004149675453,1.7535215184829425
OPGUSDT,fresh,oi_liq,2,-0.0556837574166958,-1.3851723252530177
OPGUSDT,fresh,fe_q99,5,0.13124132372802919,0.5081308897306488
OPNUSDT,fresh,oi_liq,1,-0.00915697945353236,-1.2822418430795903
OPNUSDT,fresh,fe_q99,7,-0.32903457173867984,-1.8485797628395173
OPUSDT,ext54,oi_liq,22,0.22307385934179708,0.5161001660839981
OPUSDT,ext54,fe_q99,89,0.3394678272160627,0.3618448475899454
ORBSUSDT,fresh,oi_liq,1,0.030489877695736124,0.5813458204571208
ORBSUSDT,fresh,fe_q99,8,-0.008747730102067162,-0.04152708336261605
ORCAUSDT,fresh,oi_liq,2,0.17149225189033063,1.0492037335152276
ORCAUSDT,fresh,fe_q99,9,-0.06354720742900134,-0.487357170310897
ORCLUSDT,fresh,oi_liq,0,0.0,0.0
ORCLUSDT,fresh,fe_q99,4,-0.021532097508045973,-1.8672134559668623
ORDERUSDT,fresh,oi_liq,0,0.0,0.0
ORDERUSDT,fresh,fe_q99,1,0.04182525100737296,0.9932202608115115
ORDIUSDT,fresh,oi_liq,12,0.6228533512530556,1.3092417290383636
ORDIUSDT,fresh,fe_q99,74,-0.46708641219999936,-0.5656612408903012
OUSDT,fresh,oi_liq,0,0.0,0.0
OUSDT,fresh,fe_q99,1,-0.018240156728218215,-1.9201220499928346
OXTUSDT,fresh,oi_liq,0,0.0,0.0
OXTUSDT,fresh,fe_q99,5,-0.19690476929236253,-1.106851412704019
PARTIUSDT,fresh,oi_liq,1,0.00632324746202715,0.8109609470607433
PARTIUSDT,fresh,fe_q99,7,-0.27359109608453247,-1.036727563291572
PAXGUSDT,fresh,oi_liq,7,0.058057346501046055,1.2425002865960693
PAXGUSDT,fresh,fe_q99,49,-0.17896974397843624,-1.707680611233002
PENDLEUSDT,fresh,oi_liq,10,-0.06354682052178995,-0.2824090849443392
PENDLEUSDT,fresh,fe_q99,65,0.10815754008955293,0.1848016417175128
PENGUUSDT,fresh,oi_liq,7,-0.031079234550197666,-0.2927333381502453
PENGUUSDT,fresh,fe_q99,52,-0.0329402058306031,-0.05884384629226808
PEOPLEUSDT,fresh,oi_liq,13,0.3323904346495268,0.43451062423476283
PEOPLEUSDT,fresh,fe_q99,79,1.2378416073298315,0.7873574147387967
PERPUSDT,fresh,oi_liq,4,0.16529718539507013,0.8549146987787515
PERPUSDT,fresh,fe_q99,19,0.01810042781910759,0.02838996318718272
PHAROSUSDT,fresh,oi_liq,0,0.0,0.0
PHAROSUSDT,fresh,fe_q99,2,-0.014082972280963633,-0.23973290744113643
PHAUSDT,fresh,oi_liq,0,0.0,0.0
PHAUSDT,fresh,fe_q99,10,0.021959350389853416,0.09587182577717565
PHBUSDT,fresh,oi_liq,4,0.12476974420715997,0.5194695046449836
PHBUSDT,fresh,fe_q99,33,0.06655721450873361,0.1434617457038228
PIEVERSEUSDT,fresh,oi_liq,5,0.3190648899577588,1.7517470256335275
PIEVERSEUSDT,fresh,fe_q99,5,-0.38324053674534986,-1.4166997596903856
PIPPINUSDT,fresh,oi_liq,3,0.29525036556253825,0.7540932621310654
PIPPINUSDT,fresh,fe_q99,46,-1.0255477171496856,-0.58439807373009
PIXELUSDT,fresh,oi_liq,10,0.4146522278812039,1.1040398509149332
PIXELUSDT,fresh,fe_q99,45,0.03935288489219552,0.07301365013315186
PLAYUSDT,fresh,oi_liq,2,0.02028207701159849,0.2879186199787322
PLAYUSDT,fresh,fe_q99,18,0.39876600725463235,0.635452756815785
PLTRUSDT,fresh,oi_liq,0,0.0,0.0
PLTRUSDT,fresh,fe_q99,2,-0.0018095179090001218,-0.23873831386001562
PLUMEUSDT,fresh,oi_liq,3,0.4466452108997442,1.136955141439174
PLUMEUSDT,fresh,fe_q99,8,0.10429885586414003,0.41201940204664506
PNUTUSDT,fresh,oi_liq,9,0.06413045267494695,0.4031341082678337
PNUTUSDT,fresh,fe_q99,41,-0.2655466899917245,-0.590090858612773
POLUSDT,fresh,oi_liq,10,0.052640395828828415,0.22453171788192247
POLUSDT,fresh,fe_q99,60,-0.011894919093937459,-0.029869418348196137
POLYXUSDT,fresh,oi_liq,1,0.009244521590169025,0.322251081034597
POLYXUSDT,fresh,fe_q99,37,-0.12710770868011975,-0.40034155546237965
PONKEUSDT,fresh,oi_liq,0,0.0,0.0
PONKEUSDT,fresh,fe_q99,2,-0.019461240949621254,-0.2883637521962888
PONSUSDT,fresh,fe_q99,0,0.0,0.0
POPCATUSDT,fresh,oi_liq,6,0.15264411550392604,0.7048948329738848
POPCATUSDT,fresh,fe_q99,56,0.5237021653840247,0.889729435217077
PORT3USDT,fresh,oi_liq,0,0.0,0.0
PORT3USDT,fresh,fe_q99,1,0.054603830697095374,0.8684078715701276
PORTALUSDT,fresh,oi_liq,8,0.3246888002775582,1.0672392888262878
PORTALUSDT,fresh,fe_q99,39,0.1562046676898889,0.4361253899844283
POWERUSDT,fresh,oi_liq,2,-0.4539111079659659,-1.0255846992826734
POWERUSDT,fresh,fe_q99,7,0.24604262741223787,0.7434626600872389
POWRUSDT,fresh,oi_liq,2,-0.15036030229555292,-0.9202488293418238
POWRUSDT,fresh,fe_q99,31,0.08570913015692976,0.2759168375625285
PRLUSDT,fresh,oi_liq,0,0.0,0.0
PRLUSDT,fresh,fe_q99,2,0.09235608476764767,1.7528052581291242
PROMPTUSDT,fresh,oi_liq,0,0.0,0.0
PROMPTUSDT,fresh,fe_q99,3,0.03382427447499133,0.2736190960254465
PROMUSDT,fresh,oi_liq,0,0.0,0.0
PROMUSDT,fresh,fe_q99,2,0.07332007506451496,0.634075785506423
PROVEUSDT,fresh,oi_liq,2,0.03329063625097967,0.44185481881165695
PROVEUSDT,fresh,fe_q99,5,-0.04413163646741751,-0.4927240815273115
PTBUSDT,fresh,oi_liq,2,0.12636193174802116,1.0932138514313792
PTBUSDT,fresh,fe_q99,15,-0.059123843414078614,-0.250956782279093
PUMPBTCUSDT,fresh,oi_liq,2,0.4224783210718597,0.6945875207363553
PUMPBTCUSDT,fresh,fe_q99,6,0.03532505859881559,0.10531741740895015
PUMPUSDT,fresh,oi_liq,6,-0.014458013410995563,-0.13516713511720232
PUMPUSDT,fresh,fe_q99,44,0.19908110911940108,0.44357009607060693
PUNDIXUSDT,fresh,oi_liq,0,0.0,0.0
PUNDIXUSDT,fresh,fe_q99,0,0.0,0.0
PYTHUSDT,fresh,oi_liq,11,0.40660688987501986,1.4014290140492154
PYTHUSDT,fresh,fe_q99,73,-0.3680996492581668,-0.47124783915604035
QNTUSDT,fresh,oi_liq,3,0.2910521392232997,0.499530241423394
QNTUSDT,fresh,fe_q99,11,-0.07038872490896157,-0.28637835728083405
QQQUSDT,fresh,oi_liq,1,-0.0023413866775645817,-1.9975239910062959
QQQUSDT,fresh,fe_q99,8,0.014120188820426729,1.4951811340689698
QTUMUSDT,fresh,oi_liq,8,0.03622787106645325,0.15093150658175059
QTUMUSDT,fresh,fe_q99,37,0.19887476786681924,0.2637373908259447
QUICKUSDT,fresh,oi_liq,0,0.0,0.0
QUICKUSDT,fresh,fe_q99,0,0.0,0.0
QUSDT,fresh,oi_liq,1,0.030174650159567856,0.9624946436662879
QUSDT,fresh,fe_q99,1,-0.010351243951999822,-0.962494643666288
RADUSDT,fresh,oi_liq,1,0.013361274978886128,0.2940432675848129
RADUSDT,fresh,fe_q99,5,-0.07503052611968633,-0.7988101886167644
RAREUSDT,fresh,oi_liq,3,0.022769294149065367,0.5744554884103711
RAREUSDT,fresh,fe_q99,15,0.17473334667090792,0.3641324349944417
RAVEUSDT,fresh,oi_liq,3,-1.5280995041905157,-1.6710977519394603
RAVEUSDT,fresh,fe_q99,22,0.8087586010634545,0.5753143260717558
RAYSOLUSDT,fresh,oi_liq,0,0.0,0.0
RAYSOLUSDT,fresh,fe_q99,38,-0.1864704111101079,-0.6089990159580863
RAYUSDT,fresh,oi_liq,0,0.0,0.0
RAYUSDT,fresh,fe_q99,2,0.007659786755740562,0.3980307460566965
RDNTUSDT,fresh,oi_liq,4,0.06789865777567447,0.9319795655711798
RDNTUSDT,fresh,fe_q99,35,-0.018652530091048503,-0.04949344419018663
RECALLUSDT,fresh,oi_liq,0,0.0,0.0
RECALLUSDT,fresh,fe_q99,1,-0.072746848811894,-1.0197480276450843
REDUSDT,fresh,oi_liq,0,0.0,0.0
REDUSDT,fresh,fe_q99,2,-0.06846196851660445,-0.649160258878733
REEFUSDT,fresh,oi_liq,9,-0.04021598888623343,-0.14632938120412978
REEFUSDT,fresh,fe_q99,36,-0.9947107147765437,-0.5766470717312631
REIUSDT,fresh,oi_liq,1,0.0435073777675025,0.7051774275738503
REIUSDT,fresh,fe_q99,0,0.0,0.0
RENDERUSDT,fresh,oi_liq,10,-0.08810636414905262,-0.22573219011495105
RENDERUSDT,fresh,fe_q99,45,0.0236847795128564,0.07037272252468117
RENUSDT,fresh,oi_liq,14,-0.3292305847480431,-0.8083073318028544
RENUSDT,fresh,fe_q99,45,-0.3432642891371069,-0.28110972045514976
RESOLVUSDT,fresh,oi_liq,1,-0.04916816581053199,-0.8738411333645454
RESOLVUSDT,fresh,fe_q99,14,-0.18753053236954662,-0.6199305798078522
REUSDT,fresh,oi_liq,0,0.0,0.0
REUSDT,fresh,fe_q99,1,-0.09617171366930957,-1.8644544714716087
REZUSDT,fresh,oi_liq,5,-0.008579003251043377,-0.08865131068478506
REZUSDT,fresh,fe_q99,34,0.2563683103900917,0.631671543706322
RIFUSDT,fresh,oi_liq,8,0.18216298142584678,0.8487189934709195
RIFUSDT,fresh,fe_q99,28,0.7553943479761818,0.7635784348116471
RIVERUSDT,fresh,oi_liq,3,0.23665677579999064,1.6799075986620347
RIVERUSDT,fresh,fe_q99,38,1.404293030912143,1.3030958728968394
RKLBUSDT,fresh,oi_liq,0,0.0,0.0
RKLBUSDT,fresh,fe_q99,2,-0.017967932896506777,-1.8819467614413266
RLCUSDT,fresh,oi_liq,3,0.11933637637101005,0.7090064166781874
RLCUSDT,fresh,fe_q99,31,0.5871763515731018,0.9847828335006302
RLSUSDT,fresh,oi_liq,0,0.0,0.0
RLSUSDT,fresh,fe_q99,0,0.0,0.0
RNDRUSDT,fresh,oi_liq,9,0.3605451003710839,1.6734986962322385
RNDRUSDT,fresh,fe_q99,36,0.015984270645165027,0.048652391245753365
ROBOUSDT,fresh,oi_liq,3,-0.017874065429103164,-0.36499691191194505
ROBOUSDT,fresh,fe_q99,2,-0.022363969706207465,-0.8782683078435636
RONINUSDT,fresh,oi_liq,3,0.08265041803860752,0.5969558966240036
RONINUSDT,fresh,fe_q99,7,0.09672628038766017,0.5467531863748007
ROSEUSDT,fresh,oi_liq,14,0.37171849206934876,0.9865068775196328
ROSEUSDT,fresh,fe_q99,56,0.017994383352410104,0.014878108143226241
RPLUSDT,fresh,oi_liq,0,0.0,0.0
RPLUSDT,fresh,fe_q99,0,0.0,0.0
RSRUSDT,fresh,oi_liq,6,-0.04269861229771156,-0.41457743309256473
RSRUSDT,fresh,fe_q99,54,0.44326664789432074,0.46147991183519615
RUNEUSDT,ext54,oi_liq,23,0.19987400261213295,0.37010398425369734
RUNEUSDT,ext54,fe_q99,84,-0.01181447787607487,-0.009323208534108349
RVNUSDT,fresh,oi_liq,6,0.07214103569421057,0.6056556636563486
RVNUSDT,fresh,fe_q99,15,-0.10876114385827045,-0.35091237285424776
RVVUSDT,fresh,oi_liq,2,-0.03497277368732073,-1.10476105132981
RVVUSDT,fresh,fe_q99,5,-0.09923924607958927,-0.7908616303232994
SAFEUSDT,fresh,oi_liq,0,0.0,0.0
SAFEUSDT,fresh,fe_q99,9,0.08998587242531013,0.7129942712816871
SAGAUSDT,fresh,oi_liq,8,0.1827690461255927,0.4711584929003802
SAGAUSDT,fresh,fe_q99,56,0.5425551057406783,0.7205219951918795
SAHARAUSDT,fresh,oi_liq,5,0.04667627514413958,0.15691547114869156
SAHARAUSDT,fresh,fe_q99,29,-0.2735794645559857,-0.6945945719243198
SAMSUNGUSDT,fresh,oi_liq,0,0.0,0.0
SAMSUNGUSDT,fresh,fe_q99,5,0.07355958217891617,2.0457528644548955
SANDUSDT,ext54,oi_liq,34,0.31397361693444814,0.7520616750514495
SANDUSDT,ext54,fe_q99,88,-0.006097070481050987,-0.008261152373439083
SANTOSUSDT,fresh,oi_liq,2,0.01099217775423716,0.6707371478536498
SANTOSUSDT,fresh,fe_q99,4,-0.049530570051754576,-1.451443549357786
SAPIENUSDT,fresh,oi_liq,0,0.0,0.0
SAPIENUSDT,fresh,fe_q99,3,0.28098504253806705,1.4294863154237192
SCRTUSDT,fresh,oi_liq,0,0.0,0.0
SCRTUSDT,fresh,fe_q99,2,-0.19191493067780274,-0.9198294109272885
SCRUSDT,fresh,oi_liq,1,0.0028050434750364894,0.7175023282005442
SCRUSDT,fresh,fe_q99,7,-0.22815553426387342,-0.6546655707573851
SCUSDT,fresh,oi_liq,0,0.0,0.0
SCUSDT,fresh,fe_q99,0,0.0,0.0
SEIUSDT,ext54,oi_liq,18,0.6408733347923191,1.6041658086433161
SEIUSDT,ext54,fe_q99,74,0.0541394404027164,0.07799806240658211
SENTUSDT,fresh,oi_liq,1,0.018285884535534563,1.066335618410237
SENTUSDT,fresh,fe_q99,6,0.2570572053569369,0.864815402505135
SFPUSDT,fresh,oi_liq,6,-0.048726915084684894,-0.2370701328190482
SFPUSDT,fresh,fe_q99,25,-0.14610596063753584,-0.3741739935120327
SHELLUSDT,fresh,oi_liq,0,0.0,0.0
SHELLUSDT,fresh,fe_q99,3,-0.10178000963891676,-0.7191749559996186
SIGNUSDT,fresh,oi_liq,2,-0.05498038802157204,-0.4721668164872706
SIGNUSDT,fresh,fe_q99,9,0.025367924372615508,0.13246061907840515
SIRENUSDT,fresh,oi_liq,3,-0.36988682476191426,-0.7295029670254495
SIRENUSDT,fresh,fe_q99,28,1.0348381365471035,0.603461526991688
SKATEUSDT,fresh,oi_liq,0,0.0,0.0
SKATEUSDT,fresh,fe_q99,0,0.0,0.0
SKHYNIXUSDT,fresh,oi_liq,1,0.0009821671983455196,1.7368157431402544
SKHYNIXUSDT,fresh,fe_q99,6,-0.00830865151984607,-0.19506408601472436
SKHYUSDT,fresh,oi_liq,0,0.0,0.0
SKHYUSDT,fresh,fe_q99,1,0.024125692805330813,2.0970432426265755
SKLUSDT,fresh,oi_liq,6,-5.898821520183839e-05,-0.00036308620684355166
SKLUSDT,fresh,fe_q99,35,0.09280820270998674,0.15164387519011283
SKRUSDT,fresh,oi_liq,0,0.0,0.0
SKRUSDT,fresh,fe_q99,4,0.24479440620322762,1.4404046748369155
SKYAIUSDT,fresh,oi_liq,3,0.22138368953580692,1.057655606178014
SKYAIUSDT,fresh,fe_q99,11,0.23770270708785324,0.8801697634247979
SKYUSDT,fresh,oi_liq,1,-0.03951565072802696,-0.9711603651201806
SKYUSDT,fresh,fe_q99,1,0.04466618967284969,1.1405345308657675
SLERFUSDT,fresh,oi_liq,0,0.0,0.0
SLERFUSDT,fresh,fe_q99,2,0.10554271541416303,0.8319952247088014
SLPUSDT,fresh,oi_liq,0,0.0,0.0
SLPUSDT,fresh,fe_q99,10,-0.08550092976956594,-0.7390040068599869
SLXUSDT,fresh,oi_liq,0,0.0,0.0
SLXUSDT,fresh,fe_q99,6,-0.2567262398329443,-2.0172331947142417
SNDKUSDT,fresh,oi_liq,1,-0.019427153675505085,-2.0117492008815034
SNDKUSDT,fresh,fe_q99,8,-0.27761271800163756,-2.5346788565825666
SNTUSDT,fresh,oi_liq,0,0.0,0.0
SNTUSDT,fresh,fe_q99,0,0.0,0.0
SNXUSDT,ext54,oi_liq,13,0.30652853245756434,0.6055673312091054
SNXUSDT,ext54,fe_q99,82,0.6195377938192523,0.4430520399477023
SNXXUSDT,fresh,oi_liq,0,0.0,0.0
SNXXUSDT,fresh,fe_q99,4,0.11591851728173364,2.994327248736301
SOLUSDT,core16,oi_liq,36,0.03010287470345539,0.04185204213025793
SOLUSDT,core16,fe_q99,104,-0.17052346430910875,-0.10456787349719666
SOLVUSDT,fresh,oi_liq,0,0.0,0.0
SOLVUSDT,fresh,fe_q99,8,0.1944008750232223,0.9295367537248678
SOMIUSDT,fresh,oi_liq,0,0.0,0.0
SOMIUSDT,fresh,fe_q99,4,-0.026307499106678067,-0.07091241148131565
SONICUSDT,fresh,oi_liq,0,0.0,0.0
SONICUSDT,fresh,fe_q99,1,0.06640974766925059,0.47199690244165776
SOONUSDT,fresh,oi_liq,3,-0.059799863440053766,-0.7769660688523943
SOONUSDT,fresh,fe_q99,29,-0.4274274232251888,-0.4755383824174896
SOPHUSDT,fresh,oi_liq,1,0.06137880398928557,0.8621953696217284
SOPHUSDT,fresh,fe_q99,10,-0.05815481372638778,-0.49369071343773707
SOXLUSDT,fresh,oi_liq,0,0.0,0.0
SOXLUSDT,fresh,fe_q99,7,-0.0573482498398874,-1.1474947396266164
SOXSUSDT,fresh,oi_liq,0,0.0,0.0
SOXSUSDT,fresh,fe_q99,5,-0.0037932639374638477,-0.09653622089947542
SPACEUSDT,fresh,oi_liq,1,-0.03011604454305386,-1.2058952139105081
SPACEUSDT,fresh,fe_q99,6,-0.19049538449390277,-1.3074198106773787
SPCXUSDT,fresh,oi_liq,0,0.0,0.0
SPCXUSDT,fresh,fe_q99,8,0.08420332300522795,1.2826498694303825
SPELLUSDT,fresh,oi_liq,2,0.03336715647101462,0.6308001851153106
SPELLUSDT,fresh,fe_q99,23,0.17430967816204385,0.29263780628101876
SPKUSDT,fresh,oi_liq,2,-0.10359516923050799,-0.8139036675543537
SPKUSDT,fresh,fe_q99,6,0.2727953560811984,0.6220534838601351
SPORTFUNUSDT,fresh,oi_liq,0,0.0,0.0
SPORTFUNUSDT,fresh,fe_q99,0,0.0,0.0
SPXUSDT,fresh,oi_liq,2,0.07599882745750966,0.6316454059872969
SPXUSDT,fresh,fe_q99,29,-0.01932218141889866,-0.03538916774088788
SPYUSDT,fresh,oi_liq,3,-0.008650127999953967,-2.4766767092940865
SPYUSDT,fresh,fe_q99,9,-0.006775675213966318,-1.1404284327069067
SQDUSDT,fresh,oi_liq,0,0.0,0.0
SQDUSDT,fresh,fe_q99,11,0.6280114354440381,1.1632836249615197
SRMUSDT,fresh,oi_liq,4,-0.1294838481380196,-1.0026782833054664
SRMUSDT,fresh,fe_q99,19,-0.14104631141604196,-0.14069370977188353
SSVUSDT,fresh,oi_liq,7,0.23446486868368308,0.8118101359975463
SSVUSDT,fresh,fe_q99,38,-0.24304974811217064,-0.527649361172969
STABLEUSDT,fresh,oi_liq,1,-0.038227674031655334,-1.0532912666500254
STABLEUSDT,fresh,fe_q99,20,-0.20558294001200533,-0.5708708036462259
STBLUSDT,fresh,oi_liq,1,0.07159306429203602,0.9813565539679407
STBLUSDT,fresh,fe_q99,5,-0.051967626176961254,-0.10048032060257298
STEEMUSDT,fresh,oi_liq,0,0.0,0.0
STEEMUSDT,fresh,fe_q99,6,0.027860824752287218,0.20584252052809973
STGUSDT,fresh,oi_liq,6,-0.060973765209335055,-0.36387714132990845
STGUSDT,fresh,fe_q99,42,-0.21461536507724618,-0.20875904499878722
STMXUSDT,fresh,oi_liq,7,0.10698562088113563,0.6359926516476804
STMXUSDT,fresh,fe_q99,41,0.5189611120276394,0.5242190246753111
STORJUSDT,fresh,oi_liq,9,0.14768773169177968,0.4574536558925997
STORJUSDT,fresh,fe_q99,56,-0.18663381645823854,-0.23264204929945922
STOUSDT,fresh,oi_liq,5,0.39049271695838644,0.494314510068112
STOUSDT,fresh,fe_q99,8,0.5050267896350202,0.7669870882588139
STRAXUSDT,fresh,oi_liq,0,0.0,0.0
STRAXUSDT,fresh,fe_q99,15,0.03936640056003241,0.13618601807412017
STRKUSDT,fresh,oi_liq,16,-0.2174839641706841,-0.3308488498695696
STRKUSDT,fresh,fe_q99,56,0.3745682275374801,0.8127241459038411
STXUSDT,ext54,oi_liq,16,0.004809437389579646,0.011521205199117977
STXUSDT,ext54,fe_q99,69,-0.018888759259797744,-0.021725903593674385
SUIUSDT,ext54,oi_liq,27,0.34507063926191434,0.8963421216692162
SUIUSDT,ext54,fe_q99,73,0.31613551640312937,0.47242496026029707
SUNUSDT,fresh,oi_liq,5,0.08310043668868174,0.5285993946812432
SUNUSDT,fresh,fe_q99,22,0.17690951390989224,0.6311957658816216
SUPERUSDT,fresh,oi_liq,3,0.007559655138037486,0.6359103758120849
SUPERUSDT,fresh,fe_q99,45,0.32467805585656667,0.6941552748469585
SUSDT,fresh,oi_liq,6,-0.050572743047158,-0.7383489387151347
SUSDT,fresh,fe_q99,21,-0.1871273116648777,-0.7063992874739209
SUSHIUSDT,ext54,oi_liq,18,0.03918769784600393,0.1039329889957587
SUSHIUSDT,ext54,fe_q99,80,-0.24843151358671678,-0.2880617951956011
SWARMSUSDT,fresh,oi_liq,2,0.3813434128043527,0.7855660961482049
SWARMSUSDT,fresh,fe_q99,33,-0.23282675096709016,-0.32726331685995524
SWELLUSDT,fresh,oi_liq,0,0.0,0.0
SWELLUSDT,fresh,fe_q99,2,0.017835832910173294,0.2818065731174709
SXPUSDT,fresh,oi_liq,18,0.33531979516205634,0.7436982126775601
SXPUSDT,fresh,fe_q99,55,0.0583465591268196,0.06460469165208192
SXTUSDT,fresh,oi_liq,1,0.004708425547529139,0.8402357594913742
SXTUSDT,fresh,fe_q99,2,-0.06301222107846094,-1.0706054978469226
SYNUSDT,fresh,oi_liq,1,0.0032557606619988202,0.6858285680418018
SYNUSDT,fresh,fe_q99,11,0.23949472776219602,0.7950315604926986
SYRUPUSDT,fresh,oi_liq,0,0.0,0.0
SYRUPUSDT,fresh,fe_q99,12,-0.12299857662894895,-1.108547672611185
SYSUSDT,fresh,oi_liq,0,0.0,0.0
SYSUSDT,fresh,fe_q99,0,0.0,0.0
TACUSDT,fresh,oi_liq,1,-0.13978099909524444,-0.9077046685111959
TACUSDT,fresh,fe_q99,15,0.23164790595806428,0.7720216180943639
TAGUSDT,fresh,oi_liq,2,0.157480055966771,0.9181264183609895
TAGUSDT,fresh,fe_q99,2,0.06915242047994172,0.7557774448617568
TAIKOUSDT,fresh,oi_liq,2,0.461603085397119,0.8747566298265912
TAIKOUSDT,fresh,fe_q99,2,-0.9300747217961554,-0.7989975686237413
TAKEUSDT,fresh,oi_liq,3,-0.03851244109373739,-0.41287112907718976
TAKEUSDT,fresh,fe_q99,5,0.052467142396416935,0.6882506972612877
TANSSIUSDT,fresh,oi_liq,0,0.0,0.0
TANSSIUSDT,fresh,fe_q99,0,0.0,0.0
TAOUSDT,fresh,oi_liq,21,0.17152058227453137,0.48307853190397676
TAOUSDT,fresh,fe_q99,90,0.0693556411407587,0.11902306676712558
TAUSDT,fresh,oi_liq,3,0.11699344935765227,0.49810113844669596
TAUSDT,fresh,fe_q99,6,-0.48827190641758395,-1.0610458579181647
THETAUSDT,ext54,oi_liq,31,0.0813448796563819,0.2160463282112778
THETAUSDT,ext54,fe_q99,69,0.3898759927436025,0.44924766539855504
THEUSDT,fresh,oi_liq,4,-0.14104540047692132,-0.7707587923800228
THEUSDT,fresh,fe_q99,15,0.041889723266938114,0.12332845647441526
TIAUSDT,ext54,oi_liq,15,0.258470346256976,0.6757506879837356
TIAUSDT,ext54,fe_q99,108,1.1486633644269488,1.2052394422564379
TLMUSDT,fresh,oi_liq,8,0.17474222970551292,0.768436145635303
TLMUSDT,fresh,fe_q99,12,0.32918777834248214,0.5598674023093989
TNSRUSDT,fresh,oi_liq,4,0.1506914029544892,0.7700312668613973
TNSRUSDT,fresh,fe_q99,41,0.9879273508285678,0.5563075248352687
TOKENUSDT,fresh,oi_liq,1,0.02313488991690278,0.5859759610299606
TOKENUSDT,fresh,fe_q99,34,0.609589358252625,0.7909039147752054
TOMOUSDT,fresh,oi_liq,5,0.0935040120177639,1.012000624928621
TOMOUSDT,fresh,fe_q99,22,-0.14133580896679637,-0.378017009195589
TONUSDT,fresh,oi_liq,13,0.08409814342207432,0.35801469275688425
TONUSDT,fresh,fe_q99,58,-0.13089675014221522,-0.24027022944903037
TOSHIUSDT,fresh,oi_liq,1,0.010748223310514367,1.3702927921728798
TOSHIUSDT,fresh,fe_q99,1,0.02248043690180796,0.9813565539679405
TOWNSUSDT,fresh,oi_liq,2,0.04862049279203886,0.6753694010162311
TOWNSUSDT,fresh,fe_q99,0,0.0,0.0
TQQQUSDT,fresh,oi_liq,0,0.0,0.0
TQQQUSDT,fresh,fe_q99,2,0.04223585118351998,2.5879840272825474
TRADOORUSDT,fresh,oi_liq,1,-0.07492271506043002,-0.7424284987038893
TRADOORUSDT,fresh,fe_q99,15,-0.9124422749007649,-1.4662531131203982
TRBUSDT,fresh,oi_liq,16,-0.5894557379514354,-0.4071107510397497
TRBUSDT,fresh,fe_q99,115,0.03176484741189489,0.02117097445176612
TREEUSDT,fresh,oi_liq,2,0.10937990996282489,0.9173392785663259
TREEUSDT,fresh,fe_q99,4,-0.5373379888061444,-1.2664345982672043
TRIAUSDT,fresh,oi_liq,0,0.0,0.0
TRIAUSDT,fresh,fe_q99,8,-0.22674461175525928,-1.5010071004101295
TROYUSDT,fresh,oi_liq,1,-0.16844175952086887,-0.45486417394747053
TROYUSDT,fresh,fe_q99,9,0.11055986486274222,0.32363396255340976
TRUMPUSDT,fresh,oi_liq,10,-0.09391546445662494,-0.7543102123937546
TRUMPUSDT,fresh,fe_q99,64,-0.28915031738912444,-0.961397467292905
TRUSTUSDT,fresh,oi_liq,0,0.0,0.0
TRUSTUSDT,fresh,fe_q99,1,-0.10669440228192839,-1.0516941599441383
TRUTHUSDT,fresh,oi_liq,2,-0.5405151421455705,-1.0216863496460995
TRUTHUSDT,fresh,fe_q99,7,-0.35029378196281147,-0.6938708207380875
TRUUSDT,fresh,oi_liq,6,0.11967218536154482,0.7240218210440865
TRUUSDT,fresh,fe_q99,22,0.8771548238702299,1.1067326040351335
TRXUSDT,core16,oi_liq,43,0.13224713110267644,0.5357491527064594
TRXUSDT,core16,fe_q99,115,-0.2004741940874355,-0.31824113708398094
TSLAUSDT,fresh,oi_liq,4,0.01848089443979157,1.6271211753708261
TSLAUSDT,fresh,fe_q99,11,-0.028595267767953365,-1.168831788689259
TSTUSDT,fresh,oi_liq,1,0.15691875923482473,1.103715082379856
TSTUSDT,fresh,fe_q99,25,-0.06543749148402585,-0.17175077010424683
TURBOUSDT,fresh,oi_liq,6,-0.027623008502193982,-0.14600899944877235
TURBOUSDT,fresh,fe_q99,58,0.8399855273455259,0.9508749925050118
TURTLEUSDT,fresh,oi_liq,1,-0.04375208090710991,-1.4034891637569902
TURTLEUSDT,fresh,fe_q99,0,0.0,0.0
TUSDT,fresh,oi_liq,2,0.05137451083916886,0.30220760004923714
TUSDT,fresh,fe_q99,20,0.3678914534768888,0.6188631832161744
TUTUSDT,fresh,oi_liq,3,-0.16075677173445746,-1.2446968782525558
TUTUSDT,fresh,fe_q99,18,1.2985577434890827,1.5084888089310518
TWTUSDT,fresh,oi_liq,0,0.0,0.0
TWTUSDT,fresh,fe_q99,8,0.07707583721659132,1.2178123503765117
UAIUSDT,fresh,oi_liq,3,-0.008443814048582868,-0.0742491840989593
UAIUSDT,fresh,fe_q99,14,-0.24105031323254877,-0.8213667331125685
UBUSDT,fresh,oi_liq,1,0.03970933186194325,0.7901969725648036
UBUSDT,fresh,fe_q99,14,0.0036092050458861047,0.01623465313504409
UMAUSDT,fresh,oi_liq,5,0.14562519782879454,0.9271488151276703
UMAUSDT,fresh,fe_q99,44,0.3066766287892799,0.5038795388799595
UNFIUSDT,fresh,oi_liq,14,0.3211268486711987,0.6018443584057654
UNFIUSDT,fresh,fe_q99,87,0.42841039563682104,0.39207723578468634
UNITREEUSDT,fresh,fe_q99,0,0.0,0.0
UNIUSDT,ext54,oi_liq,37,0.1369107609079946,0.273808854285824
UNIUSDT,ext54,fe_q99,105,0.37303013377442046,0.38747658818103364
USDCUSDT,fresh,oi_liq,0,0.0,0.0
USDCUSDT,fresh,fe_q99,1,-0.0009347100825425839,-0.5300805347908243
USELESSUSDT,fresh,oi_liq,1,-0.15048511073678342,-1.331774345609064
USELESSUSDT,fresh,fe_q99,21,-0.08491982342404766,-0.21817690810859947
USTCUSDT,fresh,oi_liq,4,0.10047859040305265,0.5618457692201864
USTCUSDT,fresh,fe_q99,34,-0.3855485287549104,-0.5435093576089928
USUALUSDT,fresh,oi_liq,3,0.13196824190530396,1.1853200202959553
USUALUSDT,fresh,fe_q99,20,-0.3890900806761875,-0.9066366911033237
USUSDT,fresh,oi_liq,0,0.0,0.0
USUSDT,fresh,fe_q99,2,0.13047911166464665,0.9993419375098017
UXLINKUSDT,fresh,oi_liq,2,-0.1325939071656712,-0.8130570747985061
UXLINKUSDT,fresh,fe_q99,27,-0.3753550273060139,-0.5919950504877066
VANAUSDT,fresh,oi_liq,1,0.0752027209121503,0.7470635686038827
VANAUSDT,fresh,fe_q99,8,-0.10005152620628055,-0.3113287289203283
VANRYUSDT,fresh,oi_liq,4,0.09357155452498825,0.7758459078614419
VANRYUSDT,fresh,fe_q99,37,-0.03141166726720153,-0.07066225651568862
VELODROMEUSDT,fresh,oi_liq,0,0.0,0.0
VELODROMEUSDT,fresh,fe_q99,0,0.0,0.0
VELVETUSDT,fresh,oi_liq,6,-0.011650975054931179,-0.024633447433293664
VELVETUSDT,fresh,fe_q99,23,-0.5397964312776088,-0.4951308848865593
VETUSDT,ext54,oi_liq,24,0.18610606735035629,0.3756502132355504
VETUSDT,ext54,fe_q99,67,0.33270810504913884,0.4145910952593516
VFYUSDT,fresh,oi_liq,0,0.0,0.0
VFYUSDT,fresh,fe_q99,3,-0.15077853708460026,-1.269875305087303
VICUSDT,fresh,oi_liq,0,0.0,0.0
VICUSDT,fresh,fe_q99,0,0.0,0.0
VIDTUSDT,fresh,oi_liq,0,0.0,0.0
VIDTUSDT,fresh,fe_q99,16,-0.05937678339802832,-0.19382288227192448
VINEUSDT,fresh,oi_liq,2,0.088827851480998,1.022026653120063
VINEUSDT,fresh,fe_q99,21,0.058552943313439326,0.1078960363631699
VIRTUALUSDT,fresh,oi_liq,4,0.0947377004192998,0.8961791592785611
VIRTUALUSDT,fresh,fe_q99,48,0.04939950423586886,0.1603363383358407
VOXELUSDT,fresh,oi_liq,0,0.0,0.0
VOXELUSDT,fresh,fe_q99,1,-0.051941490347648146,-0.6876030304333598
VTHOUSDT,fresh,oi_liq,0,0.0,0.0
VTHOUSDT,fresh,fe_q99,1,0.025621714839803328,0.7691372589965078
VVVUSDT,fresh,oi_liq,0,0.0,0.0
VVVUSDT,fresh,fe_q99,16,-0.4302006772566145,-0.9845770175059856
WALUSDT,fresh,oi_liq,0,0.0,0.0
WALUSDT,fresh,fe_q99,6,-0.08508094392113157,-0.567338865585737
WAVESUSDT,ext54,oi_liq,17,0.07943993235905517,0.21423762685364245
WAVESUSDT,ext54,fe_q99,67,-0.20237429600880075,-0.232426725286898
WAXPUSDT,fresh,oi_liq,3,0.06882516032501865,0.9828082569901994
WAXPUSDT,fresh,fe_q99,5,0.0845250407585644,0.42515034101975663
WCTUSDT,fresh,oi_liq,3,0.05608422769844363,0.45607878685779557
WCTUSDT,fresh,fe_q99,7,-0.1369655381579159,-1.0650123408045171
WDCUSDT,fresh,oi_liq,0,0.0,0.0
WDCUSDT,fresh,fe_q99,0,0.0,0.0
WETUSDT,fresh,oi_liq,0,0.0,0.0
WETUSDT,fresh,fe_q99,0,0.0,0.0
WIFUSDT,fresh,oi_liq,17,0.3025862254447012,0.8103981306967245
WIFUSDT,fresh,fe_q99,93,-0.6677132998417129,-0.6814384708629987
WLDUSDT,ext54,oi_liq,26,0.5491485050115561,1.240057829663714
WLDUSDT,ext54,fe_q99,77,-0.3518565833859494,-0.3882674797776777
WLFIUSDT,fresh,oi_liq,8,-0.06929050408276066,-0.254028379131236
WLFIUSDT,fresh,fe_q99,36,-0.4014667620275614,-1.5606031803465037
WOOUSDT,fresh,oi_liq,1,0.04290255612183355,0.4721957702574136
WOOUSDT,fresh,fe_q99,36,0.43133248214913766,0.872769083086876
WUSDT,fresh,oi_liq,9,0.3764306554048614,1.3969044892457259
WUSDT,fresh,fe_q99,50,0.052907347083234885,0.11231110063799428
XAGUSDT,fresh,oi_liq,2,-0.03273491068890548,-1.625826369207757
XAGUSDT,fresh,fe_q99,19,-0.02483159875737953,-0.387197343674904
XAIUSDT,fresh,oi_liq,9,0.22115305196502638,0.7149111112816059
XAIUSDT,fresh,fe_q99,41,0.17995594594650893,0.3017855981838087
XANUSDT,fresh,oi_liq,0,0.0,0.0
XANUSDT,fresh,fe_q99,1,-0.051023500729138554,-0.646932601489486
XAUTUSDT,fresh,oi_liq,0,0.0,0.0
XAUTUSDT,fresh,fe_q99,9,-0.006112871276803992,-0.42749474869845455
XAUUSDT,fresh,oi_liq,4,0.037027301571863555,1.8172914906180826
XAUUSDT,fresh,fe_q99,25,-0.0012683773038747051,-0.038913518697428956
XCNUSDT,fresh,oi_liq,0,0.0,0.0
XCNUSDT,fresh,fe_q99,0,0.0,0.0
XEMUSDT,fresh,oi_liq,9,0.2426972030052094,0.6894742976289338
XEMUSDT,fresh,fe_q99,35,-0.18963736037144763,-0.23023523073820004
XLMUSDT,ext54,oi_liq,32,0.2981636323424939,0.9998746751584505
XLMUSDT,ext54,fe_q99,98,0.5889148925383823,0.604300196934159
XMRUSDT,fresh,oi_liq,15,0.3021010791060222,1.1570615320741564
XMRUSDT,fresh,fe_q99,85,0.05188137655886968,0.0614865125058347
XNYUSDT,fresh,oi_liq,0,0.0,0.0
XNYUSDT,fresh,fe_q99,0,0.0,0.0
XPINUSDT,fresh,oi_liq,2,0.15461223607620286,1.2967369302462433
XPINUSDT,fresh,fe_q99,4,0.3053643586061343,1.2473226368683747
XPLUSDT,fresh,oi_liq,4,-0.01784626162998634,-0.4112240619853267
XPLUSDT,fresh,fe_q99,30,-0.556045039928013,-1.7984480957508202
XRPUSDT,core16,oi_liq,45,0.4774276371788684,0.8141082584229389
XRPUSDT,core16,fe_q99,114,-0.10829319967000156,-0.14896108913583303
XTZUSDT,ext54,oi_liq,13,0.2996752947401635,0.5031644368347984
XTZUSDT,ext54,fe_q99,48,0.47947506274182816,0.7461180115839052
XVGUSDT,fresh,oi_liq,5,0.22215089095571178,1.040588769883567
XVGUSDT,fresh,fe_q99,20,0.5960823406871648,0.7095665269079661
XVSUSDT,fresh,oi_liq,2,-0.027235643790170457,-0.7493909119905626
XVSUSDT,fresh,fe_q99,15,-0.17565705585682045,-0.5379967130970041
YALAUSDT,fresh,oi_liq,0,0.0,0.0
YALAUSDT,fresh,fe_q99,1,0.01686488436908628,0.9322272357358042
YBUSDT,fresh,oi_liq,0,0.0,0.0
YBUSDT,fresh,fe_q99,0,0.0,0.0
YFIIUSDT,fresh,oi_liq,0,0.0,0.0
YFIIUSDT,fresh,fe_q99,0,0.0,0.0
YFIUSDT,fresh,oi_liq,10,-0.04036213893771707,-0.17163442309278232
YFIUSDT,fresh,fe_q99,46,-0.4834202524777144,-0.7801719141252251
YGGUSDT,fresh,oi_liq,4,0.07350873227376914,0.7461698147130049
YGGUSDT,fresh,fe_q99,62,-0.23037822210240794,-0.36207567896948173
ZAMAUSDT,fresh,oi_liq,1,-0.006897449409239446,-1.1736091728365274
ZAMAUSDT,fresh,fe_q99,6,0.007924978587706633,0.0356537777165282
ZBTUSDT,fresh,oi_liq,4,-0.2649778818204373,-1.5406931091097609
ZBTUSDT,fresh,fe_q99,12,-0.009100352604111628,-0.04432363342888454
ZECUSDT,ext54,oi_liq,21,0.6052125540712594,1.1076480462493232
ZECUSDT,ext54,fe_q99,75,0.5160254473856477,0.46500637051475974
ZENUSDT,fresh,oi_liq,11,0.303873261263636,0.5907922614037451
ZENUSDT,fresh,fe_q99,49,0.9802596811814097,0.8231428663565653
ZEREBROUSDT,fresh,oi_liq,3,0.05699515595965368,0.41476767552442284
ZEREBROUSDT,fresh,fe_q99,20,-0.7134454258022199,-1.0703088886234478
ZETAUSDT,fresh,oi_liq,7,0.25847727833002615,1.0114167150815205
ZETAUSDT,fresh,fe_q99,35,0.8978164277667022,1.2725620502421873
ZHIPUUSDT,fresh,oi_liq,0,0.0,0.0
ZHIPUUSDT,fresh,fe_q99,4,0.01123048531711471,1.266540034248334
ZILUSDT,ext54,oi_liq,13,0.07231254195967987,0.19599250513999933
ZILUSDT,ext54,fe_q99,44,0.1944001348461022,0.1698582091966168
ZKCUSDT,fresh,oi_liq,2,-0.025599869260350933,-0.6238716038291785
ZKCUSDT,fresh,fe_q99,2,-0.19624966485772954,-1.095525535731254
ZKJUSDT,fresh,oi_liq,2,-0.30088712983450866,-0.8493196533212845
ZKJUSDT,fresh,fe_q99,5,-0.15325430827047848,-0.3335790574968819
ZKPUSDT,fresh,oi_liq,0,0.0,0.0
ZKPUSDT,fresh,fe_q99,6,-0.23036770997087444,-1.2597591359162597
ZKUSDT,fresh,oi_liq,6,0.09583644616355601,0.7685075487065959
ZKUSDT,fresh,fe_q99,28,0.4617904295464166,0.6868952884394512
ZORAUSDT,fresh,oi_liq,1,-0.018133096732393855,-0.9181264183609896
ZORAUSDT,fresh,fe_q99,9,0.07125080519299179,0.2137726499014822
ZROUSDT,fresh,oi_liq,9,0.3323922625811574,1.4578437588593451
ZROUSDT,fresh,fe_q99,52,0.4264874009255894,0.9049857690911344
ZRXUSDT,fresh,oi_liq,9,0.11920045634876252,0.5209984363001721
ZRXUSDT,fresh,fe_q99,59,-0.46746090364953075,-0.37107692960698974
币安人生USDT,fresh,oi_liq,7,0.35742353374822444,1.7968972858790895
币安人生USDT,fresh,fe_q99,28,0.8561229273847567,1.3450478905493333
我踏马来了USDT,fresh,oi_liq,0,0.0,0.0
我踏马来了USDT,fresh,fe_q99,1,-0.05748277660871046,-1.521412971729861
牛来USDT,fresh,fe_q99,0,0.0,0.0
龙虾USDT,fresh,oi_liq,0,0.0,0.0
龙虾USDT,fresh,fe_q99,5,0.28510662350645455,1.0047641758612234
