cost,group,strategy,period,coins,sharpe,ann_ret,max_dd,pos_months
6.0,core16,oi_liq,is,16,1.5632980145996338,0.026151467454469914,-0.01373929217900642,0.6
6.0,core16,oi_liq,val,16,1.6367841721455434,0.025222486246302717,-0.003305198686375913,0.6666666666666666
6.0,core16,oi_liq,ho,16,1.189247925939454,0.01473755881931715,-0.004723703506576202,0.7333333333333333
6.0,core16,fe_q99,is,16,0.8763663633356242,0.028255475571827747,-0.023467120237061632,0.6333333333333333
6.0,core16,fe_q99,val,16,1.642944986395673,0.04037428963104457,-0.012299720088155431,0.75
6.0,core16,fe_q99,ho,16,1.2466189532060252,0.01238311716264147,-0.010592609389763523,0.4
6.0,ext54,oi_liq,is,54,1.6671474041491736,0.07408248223125168,-0.01888545285045398,0.7333333333333333
6.0,ext54,oi_liq,val,54,1.8766508439806218,0.04380562981465999,-0.010179226552530396,0.6666666666666666
6.0,ext54,oi_liq,ho,54,1.1843185224628823,0.04953302280076244,-0.0035736678571176156,0.6
6.0,ext54,fe_q99,is,54,1.02389373225139,0.0834979758854129,-0.06179743139752513,0.7
6.0,ext54,fe_q99,val,54,1.1454818597552996,0.09578850029059523,-0.022401355921617523,0.75
6.0,ext54,fe_q99,ho,54,1.220701919867331,0.036677075124197905,-0.036283313752376166,0.6
6.0,fresh,oi_liq,is,647,1.4958999728932212,0.10355345341813794,-0.02549230884943426,0.6
6.0,fresh,oi_liq,val,647,0.8097269055992655,0.043269402270897074,-0.02561668798551599,0.5833333333333334
6.0,fresh,oi_liq,ho,647,0.6040100607614987,0.06123441573246012,-0.06758088323213096,0.4
6.0,fresh,fe_q99,is,655,0.6868285800100266,0.08817589097089427,-0.13115494427544605,0.6
6.0,fresh,fe_q99,val,655,0.552899972559277,0.09776471380828675,-0.07909629145182909,0.5833333333333334
6.0,fresh,fe_q99,ho,655,0.17895843569578437,0.027111025464760134,-0.1691789045577343,0.5333333333333333
6.0,all,oi_liq,is,717,1.6660013395438509,0.20378740310385948,-0.04526698972401069,0.7
6.0,all,oi_liq,val,717,1.4001505596997774,0.11229751833185986,-0.03757876165851612,0.75
6.0,all,oi_liq,ho,717,0.8579502748294057,0.1255049973525397,-0.0625673250351299,0.4666666666666667
6.0,all,fe_q99,is,725,0.9102870296287052,0.19992934242813498,-0.1397612620351038,0.6
6.0,all,fe_q99,val,725,0.9127639916187865,0.2339275037299266,-0.09006680652046464,0.75
6.0,all,fe_q99,ho,725,0.4653458360312551,0.0761712177515995,-0.18631608502868172,0.6666666666666666
10.0,core16,oi_liq,is,16,1.4513426776268132,0.02389743236675062,-0.01470729217900642,0.5333333333333333
10.0,core16,oi_liq,val,16,1.5393764316833114,0.02315848624630272,-0.0034731986863759147,0.6666666666666666
10.0,core16,oi_liq,ho,16,1.0677958699611438,0.013089068666144277,-0.005043703506576203,0.6666666666666666
10.0,core16,fe_q99,is,16,0.670466145186868,0.02155100188761722,-0.02369912023706163,0.5666666666666667
10.0,core16,fe_q99,val,16,1.4219644940201583,0.03464628963104456,-0.013275720088155443,0.6666666666666666
10.0,core16,fe_q99,ho,16,0.7898927086676508,0.007769900532444529,-0.0138406093897635,0.4
10.0,ext54,oi_liq,is,54,1.576117321364577,0.06906853486283061,-0.019141452850453974,0.6666666666666666
10.0,ext54,oi_liq,val,54,1.7198241593686636,0.03946962981466,-0.0109392265525304,0.6666666666666666
10.0,ext54,oi_liq,ho,54,1.1444439281183405,0.04737337291017162,-0.0036696678571176145,0.4666666666666667
10.0,ext54,fe_q99,is,54,0.8057311494004848,0.06555534430646552,-0.06220543139752513,0.6333333333333333
10.0,ext54,fe_q99,val,54,0.9775261338131501,0.08126050029059519,-0.023625355921617512,0.75
10.0,ext54,fe_q99,ho,54,0.9894193147781883,0.029482501820040356,-0.04045931375237615,0.6
10.0,fresh,oi_liq,is,647,1.4357052928379541,0.09772626043568185,-0.02584430884943426,0.5666666666666667
10.0,fresh,oi_liq,val,647,0.6599311891030989,0.03477340227089715,-0.026544687985515996,0.5833333333333334
10.0,fresh,oi_liq,ho,647,0.525701995822074,0.05278111157491088,-0.07260488323213105,0.4
10.0,fresh,fe_q99,is,655,0.45412470681278705,0.05802496991826266,-0.16901082020115507,0.5333333333333333
10.0,fresh,fe_q99,val,655,0.22246426617335932,0.03916471380828672,-0.09069629145182906,0.4166666666666667
10.0,fresh,fe_q99,ho,655,-0.15543030753616446,-0.023500178036334023,-0.1737549045577343,0.4
10.0,all,oi_liq,is,717,1.5853324361209271,0.19069222766526303,-0.04591498972401068,0.6333333333333333
10.0,all,oi_liq,val,717,1.2404952130413662,0.09740151833185991,-0.03963476165851612,0.6666666666666666
10.0,all,oi_liq,ho,717,0.7829362529470072,0.11324355315122678,-0.06643932503512992,0.4666666666666667
10.0,all,fe_q99,is,725,0.6635455142724701,0.14513131611234542,-0.18658974208535897,0.6
10.0,all,fe_q99,val,725,0.6087772662909368,0.15507150372992667,-0.10277903350175323,0.5833333333333334
10.0,all,fe_q99,ho,725,0.08439370087086735,0.013752224316150908,-0.19201208502868172,0.5333333333333333
15.0,core16,oi_liq,is,16,1.3051611253680164,0.021079888507101494,-0.015917292179006413,0.5
15.0,core16,oi_liq,val,16,1.4095640767577247,0.02057848624630272,-0.0036831986863759165,0.5833333333333334
15.0,core16,oi_liq,ho,16,0.9115007714804672,0.011028455974678202,-0.0054437035065762005,0.6666666666666666
15.0,core16,fe_q99,is,16,0.411096312386382,0.01317040978235407,-0.02398912023706163,0.5
15.0,core16,fe_q99,val,16,1.1396829552675694,0.027486289631044557,-0.014495720088155433,0.5
15.0,core16,fe_q99,ho,16,0.20587091337002972,0.0020033797446983616,-0.01819304270565068,0.26666666666666666
15.0,ext54,oi_liq,is,54,1.457747298448832,0.06280110065230428,-0.01946145285045398,0.6333333333333333
15.0,ext54,oi_liq,val,54,1.5094620445896234,0.034049629814660004,-0.0118892265525304,0.6666666666666666
15.0,ext54,oi_liq,ho,54,1.093308749892479,0.04467381054693311,-0.0037896678571176165,0.4666666666666667
15.0,ext54,fe_q99,is,54,0.5312836635128748,0.04312705483278133,-0.06739714323602009,0.5666666666666667
15.0,ext54,fe_q99,val,54,0.7644746391299303,0.06310050029059519,-0.02824540941047128,0.5833333333333334
15.0,ext54,fe_q99,ho,54,0.6945877198347412,0.02048928518984342,-0.04567931375237619,0.4666666666666667
15.0,fresh,oi_liq,is,647,1.3570706611087664,0.09044226920761161,-0.026284308849434248,0.5666666666666667
15.0,fresh,oi_liq,val,647,0.4653105197721508,0.02415340227089706,-0.027704687985515994,0.5833333333333334
15.0,fresh,oi_liq,ho,647,0.42559298683430197,0.04221448137797436,-0.078884883232131,0.4
15.0,fresh,fe_q99,is,655,0.1599968058536484,0.020336318602473237,-0.2164008202011551,0.5333333333333333
15.0,fresh,fe_q99,val,655,-0.19456520304371108,-0.034085286191713186,-0.10519629145182909,0.4166666666666667
15.0,fresh,fe_q99,ho,655,-0.5751684847169896,-0.0867641824127016,-0.17947490455773424,0.4
15.0,all,oi_liq,is,717,1.4798715212391274,0.17432325836701734,-0.0467249897240107,0.5333333333333333
15.0,all,oi_liq,val,717,1.0274870758741788,0.07878151833185965,-0.042204761658516096,0.5
15.0,all,oi_liq,ho,717,0.6866513400355636,0.09791674789958564,-0.07127932503512988,0.4
15.0,all,fe_q99,is,725,0.35196134496713954,0.0766337832176087,-0.2604585632642399,0.5666666666666667
15.0,all,fe_q99,val,725,0.22339240448185366,0.05650150372992653,-0.12030921943692219,0.5
15.0,all,fe_q99,ho,725,-0.39654288568621854,-0.06427151747815983,-0.1991320850286817,0.4666666666666667
