symbol,day,probe_ms,side,line,R,aggr,with_trend,per
1000000MOGUSDT,2025-01-16,1737043199000,-1,clean,-1.0068538897632522,0.479948601510538,True,val
1000BONKUSDT,2024-03-20,1710979199000,1,clean,0.4459429622463301,0.515138581536001,True,is
1000BONKUSDT,2024-04-12,1712923199000,-1,zz,3.9952025693077533,0.5212896386101181,True,is
1000BONKUSDT,2025-01-07,1736222399000,-1,clean,3.997599166736026,0.5191430044954719,False,val
1000BONKUSDT,2025-05-01,1746129599000,-1,clean,-1.00333116798443,0.5192434638217387,False,val
1000BONKUSDT,2026-03-29,1774828799000,-1,zz,-1.0131453460744586,0.5471965575157645,True,ho
1000BONKUSDT,2026-06-02,1780430399000,-1,clean,1.176826508488723,0.5646000353931333,True,ho
1000CHEEMSUSDT,2025-04-04,1743767999000,-1,clean,0.15128941078838465,0.5529994958016382,False,val
1000FLOKIUSDT,2024-04-01,1711972799000,-1,zz,1.5525273085081006,0.5455790064261765,False,is
1000FLOKIUSDT,2024-08-17,1723939199000,1,clean,3.984104678388226,0.4960043785155353,False,val
1000FLOKIUSDT,2024-10-11,1728662399000,1,zz,0.8577135312309512,0.49352555908643847,False,val
1000FLOKIUSDT,2025-09-03,1756871999000,1,clean,2.291275507482381,0.49275700971977293,False,ho
1000LUNCUSDT,2025-12-31,1767211199000,1,clean,0.6457142104225181,0.5011443026649737,False,ho
1000PEPEUSDT,2024-06-05,1717603199000,-1,clean,1.7167242720028695,0.529393554792893,False,is
1000RATSUSDT,2024-10-01,1727769599000,1,clean,-1.014966546236637,0.4970305779076025,True,val
1000RATSUSDT,2024-12-27,1735300799000,1,clean,0.6036396514457368,0.4813135819530086,False,val
1000RATSUSDT,2025-01-29,1738137599000,1,clean,-1.0241970022510603,0.5244070226630388,False,val
1000RATSUSDT,2025-11-10,1762775999000,1,clean,1.0640341774444062,0.4293214533335269,True,ho
1000SATSUSDT,2024-04-01,1712001599000,-1,clean,0.5289499921357307,0.5323221229700351,False,is
1000SATSUSDT,2025-01-27,1737950399000,-1,clean,-1.000680792892192,0.6180582573202504,True,val
1000SATSUSDT,2025-02-21,1740182399000,-1,clean,-1.058743239281153,0.5120032394913625,True,val
1000SATSUSDT,2025-04-25,1745611199000,-1,clean,-1.0244484426838136,0.562850582412965,True,val
1000SATSUSDT,2025-05-02,1746187199000,-1,clean,3.9849303538216887,0.5278820769606722,True,val
1000SATSUSDT,2025-05-02,1746201599000,1,clean,-1.021828830422067,0.4961940068518387,False,val
1000SHIBUSDT,2026-08-10,1786391999000,-1,clean,0.9690543017550739,0.5354971753248794,True,ho
1000XUSDT,2025-01-05,1736121599000,1,clean,-1.0297534245151319,0.4642972504355941,False,val
1MBABYDOGEUSDT,2024-12-14,1734163199000,1,clean,-1.020801965215934,0.5342114995774438,True,val
AAVEUSDT,2024-04-11,1712836799000,-1,clean,2.4080926939936416,0.501808978809313,False,is
AAVEUSDT,2024-10-25,1729828799000,-1,clean,-1.0344217697178808,0.5436144370188829,False,val
AAVEUSDT,2025-05-01,1746086399000,1,clean,3.959537619142534,0.5304767295249313,False,val
AAVEUSDT,2025-09-05,1757102399000,-1,zz,0.2753269586705745,0.5314166395607035,False,ho
AAVEUSDT,2026-05-01,1777636799000,-1,clean,-1.000257375550384,0.5657866818235289,True,ho
AAVEUSDT,2026-05-30,1780185599000,1,clean,-1.020124300829687,0.5305190515588223,False,ho
ACEUSDT,2024-05-08,1715183999000,1,zz,-1.012452860386323,0.4866839248151207,False,is
ACEUSDT,2024-05-08,1715198399000,1,clean,-1.0204687143283437,0.4991477961294891,False,is
ACHUSDT,2025-08-07,1754582399000,1,zz,0.742267333106597,0.5281780825679337,False,ho
ADAUSDT,2024-07-31,1722470399000,-1,clean,3.993478198064375,0.5263704513671638,True,val
ADAUSDT,2025-01-14,1736884799000,1,clean,-0.09794577114490868,0.5109999432680052,True,val
ADAUSDT,2025-09-21,1758484799000,1,clean,-1.2040041121670166,0.40943923511250446,True,ho
ADAUSDT,2026-05-04,1777881599000,1,clean,3.922138207950786,0.5245976865102338,False,ho
ADAUSDT,2026-09-02,1788335999000,1,clean,2.202475607654452,0.4475696776766791,True,ho
ADAUSDT,2026-09-02,1788364799000,-1,clean,-1.0266505133376025,0.5358795488896639,False,ho
AERGOUSDT,2024-12-16,1734335999000,-1,clean,2.339312461877247,0.5158220453278597,False,val
AEROUSDT,2025-06-21,1750478399000,-1,clean,0.08657657875046411,0.5162972405811981,False,val
AEVOUSDT,2024-08-17,1723924799000,1,clean,3.9501567171318808,0.5493883610174616,False,val
AEVOUSDT,2024-11-20,1732089599000,-1,zz,-0.9907301645662432,0.549969690830166,False,val
AGLDUSDT,2025-02-15,1739591999000,-1,clean,-1.015995444439729,0.48318963143242233,True,val
AGLDUSDT,2026-07-27,1785139199000,-1,clean,-0.38447808629310504,0.5659693125075136,True,ho
AGLDUSDT,2026-07-27,1785196799000,1,clean,-1.0565782168849704,0.5208341012871955,False,ho
AIOTUSDT,2026-05-09,1778371199000,-1,clean,-1.0095133443012794,0.5332474996468537,False,ho
AIUSDT,2024-05-17,1715975999000,1,clean,-1.0273534383614769,0.4869856491503298,False,is
AIUSDT,2024-05-17,1715990399000,-1,clean,-1.0058111790355284,0.5211483858083759,True,is
AIXBTUSDT,2025-03-12,1741823999000,1,clean,-0.32610029144404074,0.4738192228318802,False,val
AIXBTUSDT,2025-04-18,1744977599000,1,clean,3.972077065095837,0.43668676702207165,False,val
AIXBTUSDT,2025-07-22,1753185599000,-1,clean,3.0850161176559814,0.5196648423754097,False,ho
AIXBTUSDT,2025-08-19,1755590399000,-1,clean,0.33377706646610344,0.5291901550598135,True,ho
AKTUSDT,2024-12-09,1733731199000,-1,clean,2.7872803225477023,0.6022344791838236,False,val
ALCHUSDT,2025-06-14,1749916799000,-1,clean,-1.01305588217432,0.5247171423834246,True,val
ALCHUSDT,2025-10-18,1760817599000,-1,clean,-0.9384485412784612,0.5192989609708906,True,ho
ALGOUSDT,2024-03-23,1711195199000,1,clean,-0.46064079828136756,0.4878575956612967,True,is
ALGOUSDT,2024-04-16,1713268799000,1,clean,0.6776779377609196,0.5131642309772936,False,is
ALGOUSDT,2025-01-26,1737907199000,-1,clean,4.009877252404743,0.5836319421875354,False,val
ALGOUSDT,2025-02-10,1739174399000,1,clean,-1.010996317500963,0.500905604397713,False,val
ALGOUSDT,2025-06-20,1750420799000,1,clean,-1.028206533457898,0.5663025327099885,False,val
ALGOUSDT,2025-06-29,1751169599000,1,clean,0.3461548969773422,0.5032815113846262,False,val
ALGOUSDT,2026-06-07,1780833599000,1,clean,-1.0138795319691125,0.5262819996192517,False,ho
ALICEUSDT,2024-06-24,1719215999000,1,clean,-1.0544082392274865,0.5060704834136412,False,is
ALLOUSDT,2026-09-03,1788422399000,1,clean,3.926565081557756,0.4958282922537085,False,ho
ALPHAUSDT,2024-04-26,1714147199000,-1,clean,0.39986757024776287,0.5495278798305923,True,is
ALPHAUSDT,2025-07-09,1752033599000,-1,clean,-0.9983716554579528,0.4968488672492338,True,ho
ALPINEUSDT,2025-11-02,1762127999000,1,clean,-1.0196318980315415,0.48892082480572646,False,ho
AMDUSDT,2026-06-28,1782619199000,-1,clean,-1.0001360244966004,0.49057951299142977,False,ho
ANIMEUSDT,2025-03-02,1740959999000,1,clean,-1.0189513894552518,0.4845974152465852,False,val
APEUSDT,2024-10-14,1728878399000,1,clean,3.9841017815767605,0.4754064928430698,False,val
APEUSDT,2025-02-24,1740383999000,-1,clean,2.395489469690706,0.5130161892495708,True,val
APEUSDT,2025-06-08,1749412799000,-1,clean,-1.0362772905537265,0.5325817148636702,False,val
API3USDT,2024-01-25,1706155199000,1,clean,-1.053578306843578,0.5198487330541557,True,is
API3USDT,2025-08-23,1755935999000,-1,clean,2.1252118211289415,0.5044295708472124,False,ho
API3USDT,2025-10-04,1759593599000,-1,clean,-1.0063384866036478,0.5250532616272723,True,ho
APTUSDT,2024-02-02,1706860799000,1,clean,-1.0251151634437892,0.49178447478841564,True,is
APTUSDT,2024-06-04,1717473599000,-1,clean,-1.0331315437548239,0.5501510999473755,True,is
APTUSDT,2024-06-04,1717531199000,1,clean,-1.0834088011741159,0.46831388195074797,False,is
APTUSDT,2025-08-12,1755028799000,1,clean,-1.029532190076063,0.5102894907279272,False,ho
APTUSDT,2026-03-20,1774022399000,1,clean,-1.0049777137073825,0.4874296879250579,False,ho
ARBUSDT,2024-09-04,1725479999000,1,clean,-1.038461061598269,0.5232151166455898,False,val
ARBUSDT,2024-10-16,1729108799000,-1,clean,-1.0029236949228835,0.5225636623541254,False,val
ARBUSDT,2024-12-30,1735559999000,1,clean,-1.0462997327642616,0.5228873590364981,False,val
ARBUSDT,2025-08-29,1756468799000,-1,clean,-0.11620620880184612,0.5449966610515564,False,ho
ARKMUSDT,2024-04-09,1712663999000,-1,clean,2.399986914064045,0.5823381103088836,False,is
ARKMUSDT,2024-12-28,1735430399000,1,clean,-1.0231321220694227,0.4700289597517864,False,val
ARKMUSDT,2025-04-06,1743911999000,1,clean,-1.0305661420501107,0.5646116460481072,False,val
ARKMUSDT,2025-09-06,1757131199000,1,clean,3.978076692845987,0.5150179493417799,False,ho
ARKUSDT,2024-02-07,1707350399000,1,clean,1.287414225405545,0.4691670312165412,False,is
ARKUSDT,2024-02-19,1708372799000,-1,clean,-1.0293970847359923,0.5037117102297177,False,is
ARKUSDT,2025-02-22,1740211199000,-1,clean,1.4410463820890598,0.49991794832874126,True,val
ARPAUSDT,2024-05-08,1715212799000,1,clean,-1.0746736975144842,0.4973676989055686,False,is
ARPAUSDT,2024-09-08,1725782399000,1,clean,1.6273807741580313,0.5137528902117632,False,val
ARUSDT,2024-05-11,1715457599000,-1,clean,-1.0004855594258664,0.5196002961216311,False,is
ARUSDT,2024-12-30,1735603199000,1,clean,-1.0243419624245154,0.49927927248028375,False,val
ARUSDT,2025-08-14,1755201599000,-1,clean,0.19694857143069022,0.526572306216619,False,ho
ASTERUSDT,2026-03-14,1773532799000,1,clean,-1.0436611086529277,0.4779200449843851,True,ho
ASTERUSDT,2026-07-24,1784923199000,1,clean,-1.0764830482471885,0.5269373069505651,False,ho
ATOMUSDT,2024-08-23,1724399999000,1,clean,-1.0233184462657094,0.4887225943238641,False,val
ATOMUSDT,2024-09-13,1726199999000,1,clean,-1.0420304385518222,0.4878346591465676,False,val
ATOMUSDT,2024-09-17,1726588799000,1,zz,3.1146366724792727,0.4906206790141774,False,val
ATOMUSDT,2025-02-10,1739203199000,1,clean,0.21004557905220766,0.4557733537319767,False,val
ATOMUSDT,2025-12-24,1766577599000,-1,clean,-1.027936020665088,0.5420120299620379,True,ho
AUCTIONUSDT,2026-02-17,1771315199000,-1,clean,0.9687990044809915,0.5728176009177743,False,ho
AVAXUSDT,2025-05-07,1746647999000,-1,clean,-1.0198128228515129,0.5653391054255926,True,val
AVAXUSDT,2026-05-20,1779278399000,1,clean,-1.0469949788462047,0.5189262309154091,False,ho
AVAXUSDT,2026-06-24,1782331199000,-1,clean,-1.0194033091756218,0.5309909201890024,True,ho
AVNTUSDT,2026-01-24,1769241599000,1,zz,1.3663874869712331,0.5270573179662335,False,ho
AXSUSDT,2024-12-26,1735199999000,-1,clean,-1.0394016585434702,0.5813024379907337,True,val
B2USDT,2025-10-20,1760990399000,-1,clean,-0.9733959179033762,0.5432677438172159,False,ho
BABYUSDT,2026-06-28,1782633599000,1,clean,-1.0318684086164467,0.48104179145397735,False,ho
BANDUSDT,2024-01-14,1705219199000,-1,clean,-0.9915405877098653,0.4584983476303639,True,is
BASEDUSDT,2026-07-31,1785542399000,-1,clean,-0.976688088712518,0.47725838293050227,True,ho
BASUSDT,2025-11-11,1762905599000,-1,clean,1.4414938241714084,0.5056725540253326,True,ho
BASUSDT,2026-05-09,1778313599000,1,clean,0.3731538210989416,0.5041013848777832,True,ho
BASUSDT,2026-07-16,1784188799000,1,clean,0.16004079289498493,0.5024522933843557,False,ho
BATUSDT,2025-01-05,1736078399000,1,clean,-0.9409063770366148,0.5331745338666475,True,val
BATUSDT,2025-11-11,1762905599000,-1,clean,0.9137503772722951,0.5466774156736337,False,ho
BBUSDT,2025-08-28,1756353599000,-1,clean,-1.0552307770434222,0.5401163644346496,False,ho
BCHUSDT,2025-01-13,1736740799000,-1,clean,-1.0183015888468865,0.5215931933144138,True,val
BCHUSDT,2025-06-21,1750478399000,-1,clean,-1.0478743668646542,0.5010050271916661,False,val
BCHUSDT,2026-02-13,1770998399000,1,clean,-0.18881108359569537,0.5525775672932692,False,ho
BCHUSDT,2026-03-20,1774007999000,1,zz,-0.5144456248184786,0.5023830689258326,False,ho
BCHUSDT,2026-04-15,1776297599000,1,clean,0.5058935492192739,0.524563121884928,False,ho
BEAMXUSDT,2024-06-29,1719633599000,-1,clean,-1.0173116155509303,0.5213734583651473,True,is
BEATUSDT,2025-12-19,1766159999000,-1,clean,-1.0520294506020675,0.5089434782724542,False,ho
BERAUSDT,2025-04-29,1745913599000,1,clean,-0.973412624630821,0.49460683457635646,False,val
BERAUSDT,2025-09-10,1757505599000,1,clean,1.5153357495502675,0.5325455144241433,True,ho
BIGTIMEUSDT,2024-08-26,1724673599000,-1,clean,0.8657613250998841,0.539182987718992,True,val
BIGTIMEUSDT,2024-11-03,1730663999000,-1,clean,-1.0012639273323738,0.5161384854245004,False,val
BIGTIMEUSDT,2024-11-21,1732233599000,1,clean,2.087947267060958,0.46909222269316525,False,val
BIGTIMEUSDT,2024-11-28,1732780799000,1,clean,2.7937399404802363,0.4553653424193063,True,val
BIGTIMEUSDT,2024-12-02,1733126399000,-1,clean,-1.0076435115801263,0.5113167864079826,False,val
BILLUSDT,2026-07-22,1784764799000,-1,clean,-1.0069786463258938,0.5193813824707154,True,ho
BLURUSDT,2024-06-05,1717574399000,1,clean,-1.0439920064615302,0.5063281126872019,False,is
BLURUSDT,2024-08-14,1723622399000,-1,clean,-1.0054124657423043,0.5209810990234833,True,val
BLZUSDT,2024-01-16,1705449599000,-1,clean,4.097391531349479,0.5579424606763608,False,is
BLZUSDT,2024-02-04,1707047999000,-1,clean,-1.0184252181602647,0.5291410569972047,True,is
BLZUSDT,2024-07-19,1721433599000,1,zz,-1.0274934454744253,0.4565720986511771,False,val
BMTUSDT,2025-05-21,1747799999000,1,clean,-0.9752941148166662,0.4988209287346823,False,val
BMTUSDT,2026-09-16,1789588799000,-1,clean,-1.02016352776954,0.5246224412198521,False,ho
BNBUSDT,2024-04-18,1713427199000,1,clean,1.049142326949989,0.5099208747281855,True,is
BNBUSDT,2024-10-23,1729655999000,-1,zz,0.6552788958857355,0.4919033519403466,False,val
BNBUSDT,2026-03-03,1772553599000,-1,clean,-1.0283576165973622,0.5224695203178247,True,ho
BNXUSDT,2024-10-12,1728734399000,1,zz,-1.0331006505656588,0.48786961602342216,False,val
BOMEUSDT,2024-07-08,1720425599000,1,clean,1.0014202672599637,0.4965783726596628,False,val
BOMEUSDT,2025-03-21,1742572799000,-1,clean,-1.0104043926632729,0.5477058331133343,True,val
BOMEUSDT,2025-05-02,1746187199000,-1,clean,0.9838617072112374,0.5674865098410516,False,val
BOMEUSDT,2026-05-18,1779076799000,-1,clean,-1.0061830430155985,0.5152690072095922,False,ho
BOMEUSDT,2026-05-18,1779134399000,1,clean,-1.0174181398939153,0.4668499876931966,True,ho
BRUSDT,2025-04-21,1745279999000,-1,clean,-1.002981840198667,0.5288473120996859,True,val
BRUSDT,2026-05-28,1779955199000,-1,zz,1.3803012106115167,0.5806406277234821,False,ho
BRUSDT,2026-05-28,1779969599000,-1,clean,0.4975427007880928,0.5042938922670156,False,ho
BRUSDT,2026-09-27,1790524799000,-1,clean,1.2892115490493026,0.49073021442339415,False,ho
BSBUSDT,2026-05-10,1778414399000,-1,clean,-0.9914003493049522,0.553514345300167,False,ho
BTCUSDT,2024-03-25,1711339199000,1,clean,-0.6361522052165822,0.5465462206711755,True,is
BTCUSDT,2024-06-01,1717271999000,1,clean,0.8233763941986003,0.5329887305961692,True,is
BTCUSDT,2025-05-19,1747641599000,-1,clean,-1.0716852762166942,0.5211337631822269,False,val
BTCUSDT,2025-05-19,1747655999000,-1,zz,-1.0648465934181903,0.5153676160019309,False,val
BTCUSDT,2026-09-13,1789329599000,1,clean,-1.08169140879267,0.5182106552799193,True,ho
BULLAUSDT,2026-03-19,1773935999000,1,clean,-1.2352446405374873,0.5601994099457688,False,ho
BZUSDT,2026-09-29,1790697599000,-1,zz,-0.25469109663401696,0.5002368060250919,False,ho
C98USDT,2024-12-28,1735387199000,-1,clean,-1.0180912129386575,0.4903460133846831,True,val
C98USDT,2024-12-28,1735415999000,1,clean,-0.7767442755104044,0.459135496103287,False,val
C98USDT,2024-12-30,1735603199000,1,clean,-1.049482615384593,0.5192109442733742,False,val
CAKEUSDT,2024-01-31,1706673599000,-1,clean,-0.50060200404,0.5005480086343144,True,is
CAKEUSDT,2025-03-02,1740931199000,-1,clean,-1.04083299738572,0.5025574626483214,True,val
CAKEUSDT,2025-03-21,1742572799000,1,clean,-1.0089873520874417,0.5032710599584446,True,val
CAKEUSDT,2025-10-01,1759334399000,1,clean,3.9736768267447515,0.5085763561003493,False,ho
CAKEUSDT,2026-09-27,1790481599000,-1,clean,-1.0236861737903198,0.5656280259351152,False,ho
CATIUSDT,2025-06-11,1749657599000,-1,clean,3.929779180286701,0.5970717335541567,True,val
CBRSUSDT,2026-08-30,1788091199000,1,clean,-1.1077105806515308,0.4275675154527633,False,ho
CBRSUSDT,2026-09-02,1788379199000,1,clean,1.8464008038228954,0.49714095793432095,False,ho
CELOUSDT,2024-03-09,1709999999000,1,clean,0.9075075291099715,0.49723516079375446,True,is
CELOUSDT,2024-03-09,1710028799000,-1,clean,-0.946524644989984,0.5188959040338935,False,is
CELOUSDT,2024-03-31,1711871999000,1,zz,-1.1095036294236222,0.5324785658664406,True,is
CELOUSDT,2024-11-22,1732247999000,1,clean,2.646284520575691,0.4982077961340708,True,val
CFXUSDT,2024-01-03,1704311999000,-1,clean,-0.14687821991294484,0.5344444018907263,False,is
CFXUSDT,2025-03-18,1742342399000,1,clean,-0.5191172266157313,0.5325291325150515,False,val
CHILLGUYUSDT,2025-06-04,1749009599000,-1,clean,1.656380132831248,0.5230063567052232,False,val
CHZUSDT,2024-03-10,1710057599000,1,clean,-1.0295329918334524,0.48713697235433545,True,is
CHZUSDT,2024-07-13,1720857599000,1,clean,0.9718301670269882,0.4832018061182568,False,val
CHZUSDT,2026-01-09,1767959999000,1,clean,3.9806458944627114,0.533547159666471,True,ho
CKBUSDT,2024-05-11,1715471999000,-1,clean,-0.49306929279759854,0.4976557500483797,True,is
CKBUSDT,2024-05-20,1716235199000,1,clean,-0.12574733822746992,0.5072510996545117,False,is
COINUSDT,2026-08-11,1786478399000,-1,clean,-0.9852031404770336,0.5278469128914044,True,ho
COMPUSDT,2024-04-05,1712347199000,1,clean,-1.0603291799443062,0.4877699022355584,False,is
COSUSDT,2024-12-25,1735142399000,-1,clean,0.07036793054972719,0.5337171849288557,True,val
COTIUSDT,2026-08-01,1785628799000,-1,clean,0.6024830400179381,0.5016327257978881,False,ho
COWUSDT,2025-05-30,1748606399000,-1,zz,0.7279999696923097,0.5452590218576969,False,val
CROSSUSDT,2025-08-22,1755892799000,1,clean,-1.0188307803399757,0.5266683976288257,False,ho
CRVUSDT,2024-04-24,1713988799000,-1,clean,0.14588398182460943,0.5149770923968147,True,is
CRVUSDT,2024-09-19,1726718399000,1,clean,0.807760884404386,0.5122152372136333,False,val
CRVUSDT,2025-01-14,1736827199000,1,clean,3.9591312007104116,0.5115941105496381,False,val
CRVUSDT,2025-02-15,1739649599000,-1,clean,1.221343349413947,0.5004918291161984,True,val
CRVUSDT,2025-10-24,1761350399000,1,clean,-1.0264525517716867,0.5097057830205426,False,ho
CRVUSDT,2026-05-29,1780084799000,1,clean,-1.0448546762939428,0.4834988027272811,False,ho
CTSIUSDT,2024-02-21,1708559999000,-1,clean,-1.0063282161916154,0.4967541696637583,False,is
CUSDT,2025-08-05,1754380799000,-1,clean,0.8838669242855076,0.573628566189679,False,ho
CYBERUSDT,2024-03-18,1710763199000,1,clean,0.5245816685462471,0.4887231109413899,True,is
DASHUSDT,2026-02-09,1770638399000,-1,clean,-1.008067488587421,0.5170556771278632,True,ho
DEGOUSDT,2025-01-06,1736135999000,1,clean,-1.019325663771893,0.5466747380735286,False,val
DEXEUSDT,2025-02-25,1740455999000,1,clean,-1.0335715862057198,0.49938750077811883,True,val
DODOXUSDT,2026-08-11,1786463999000,-1,clean,-0.08792794142292581,0.536543509507783,False,ho
DOGEUSDT,2024-03-14,1710417599000,1,clean,-1.0157727038460451,0.5011306399257752,True,is
DOGEUSDT,2024-07-29,1722283199000,-1,clean,2.884545523774018,0.538944097701259,False,val
DOGEUSDT,2026-08-07,1786132799000,1,clean,0.1425904405645126,0.49704294529464627,False,ho
DOGEUSDT,2026-09-02,1788379199000,1,clean,3.8893188969379495,0.4875909315230274,True,ho
DOGSUSDT,2025-05-27,1748347199000,1,clean,-1.0114425252930188,0.4797727908561205,True,val
DOODUSDT,2025-10-18,1760831999000,1,clean,-0.6543362526455379,0.5219297169279586,True,ho
DOTUSDT,2024-08-14,1723651199000,-1,clean,-1.0272302590895386,0.49451259725377894,True,val
DOTUSDT,2024-09-24,1727150399000,1,clean,-1.0533565720130844,0.46661220767788164,False,val
DOTUSDT,2026-04-06,1775447999000,1,clean,-1.0525617482141374,0.5051215219058818,False,ho
DRAMUSDT,2026-07-20,1784577599000,-1,clean,-1.023557777460174,0.5012669141832093,True,ho
DRIFTUSDT,2025-01-19,1737302399000,-1,clean,3.6604672152385516,0.5386516244940538,True,val
DUSKUSDT,2024-04-06,1712390399000,1,clean,-1.0731649873881721,0.5261600631782731,True,is
DYDXUSDT,2024-01-01,1704153599000,1,clean,-1.0442111094733924,0.4677640203366641,True,is
DYDXUSDT,2024-03-13,1710359999000,-1,clean,3.1327629092899256,0.5000000852186992,False,is
DYDXUSDT,2024-08-13,1723593599000,1,clean,0.8230321107416776,0.53273066036737,False,val
DYDXUSDT,2025-02-21,1740182399000,-1,clean,2.7294614233978844,0.5584571814864174,True,val
DYDXUSDT,2025-08-06,1754510399000,1,clean,2.4570761902397833,0.5277754783300848,False,ho
DYMUSDT,2024-04-18,1713470399000,1,clean,-1.0127790500831926,0.48969791572680293,False,is
DYMUSDT,2024-05-05,1714895999000,-1,clean,-1.0223847970038835,0.5783468925121453,True,is
DYMUSDT,2024-11-20,1732089599000,-1,clean,-1.0021328846162536,0.5477441875562599,False,val
DYMUSDT,2025-04-10,1744315199000,-1,clean,-1.0382001816792352,0.4763505400908493,True,val
EDENUSDT,2026-08-25,1787673599000,1,clean,4.0522193044343116,0.4970229716120543,True,ho
EDUUSDT,2025-04-12,1744487999000,1,clean,-1.0127902568160536,0.49983267702612744,False,val
EGLDUSDT,2024-05-15,1715759999000,1,clean,3.9225971742683585,0.5100452224337891,False,is
EIGENUSDT,2025-03-22,1742673599000,1,clean,-1.0217668810012885,0.45138509376282276,False,val
ENAUSDT,2024-06-07,1717804799000,-1,zz,1.6239483159165564,0.5563926568914395,False,is
ENAUSDT,2024-10-08,1728431999000,1,clean,-1.0026003372989878,0.5096418730186458,False,val
ENAUSDT,2025-02-18,1739879999000,-1,clean,0.42289548012942657,0.49673542784823266,True,val
ENAUSDT,2025-05-27,1748347199000,1,clean,-1.0119369825871993,0.497444589432829,True,val
ENAUSDT,2025-08-22,1755849599000,1,clean,-1.0292998040904549,0.5157106767684749,True,ho
ENAUSDT,2025-11-09,1762689599000,1,clean,-0.9081699841974388,0.5198553855799724,False,ho
ENAUSDT,2026-07-14,1784030399000,1,clean,-1.035536199378159,0.5254997496447757,False,ho
ENJUSDT,2024-06-22,1719086399000,1,clean,-1.0369630050824585,0.483933434541822,False,is
ENJUSDT,2024-12-17,1734465599000,-1,clean,2.509098244837964,0.521572726433884,False,val
ENJUSDT,2025-05-22,1747915199000,1,clean,-1.0181463349159292,0.47210872840274004,True,val
ENJUSDT,2026-04-23,1776931199000,1,clean,-1.0349082212420684,0.4975270852593326,True,ho
ENSUSDT,2024-06-07,1717775999000,1,clean,-1.0515744230820094,0.4918850026010587,True,is
ENSUSDT,2025-02-12,1739390399000,1,clean,0.18357083839169583,0.4775134223876209,False,val
ENSUSDT,2025-03-07,1741377599000,1,clean,-1.006503065296982,0.4964330505984911,False,val
ENSUSDT,2025-03-08,1741478399000,1,clean,-1.0361720364126756,0.500644027884202,False,val
EOSUSDT,2025-01-22,1737575999000,-1,clean,0.9086367281283418,0.5230401496705406,True,val
EOSUSDT,2025-02-23,1740311999000,1,clean,-1.0210527492626749,0.5095881639297508,False,val
EOSUSDT,2025-03-17,1742241599000,1,clean,2.4670487967864294,0.4957065266782694,False,val
EPICUSDT,2026-09-04,1788551999000,1,clean,3.9828321220800027,0.5449968152841534,False,ho
ESPORTSUSDT,2026-07-16,1784174399000,1,clean,3.9713564015819807,0.47651926042323517,False,ho
ESPORTSUSDT,2026-08-21,1787299199000,-1,clean,-0.972310541711873,0.5154839548120086,True,ho
ETCUSDT,2024-03-27,1711526399000,-1,clean,-0.9618328144299747,0.5230794656623834,False,is
ETCUSDT,2024-08-18,1723996799000,1,zz,-1.0724764045622006,0.5530268401462259,False,val
ETCUSDT,2024-09-07,1725724799000,1,clean,0.4756901058483911,0.5735630584158105,False,val
ETCUSDT,2025-02-28,1740772799000,1,clean,-1.026796585659031,0.5086252316670196,False,val
ETCUSDT,2025-04-27,1745726399000,-1,clean,2.4383813525153357,0.4934068100058514,False,val
ETCUSDT,2026-04-26,1777247999000,1,clean,-1.063758887413084,0.46557841356749,False,ho
ETHUSDT,2024-06-13,1718308799000,-1,zz,0.03736337952406883,0.5269403901303087,False,is
ETHUSDT,2025-09-19,1758297599000,-1,clean,2.3561658923740687,0.5396767407605445,False,ho
ETHUSDT,2026-06-30,1782849599000,-1,clean,-1.0252923045238984,0.5205646218103964,True,ho
FARTCOINUSDT,2025-04-27,1745783999000,1,clean,-1.1066304908402131,0.48654299010781793,True,val
FARTCOINUSDT,2025-05-16,1747396799000,-1,clean,-0.9951880282272728,0.48966594203051605,False,val
FARTCOINUSDT,2025-12-02,1764647999000,1,clean,0.644150585689629,0.4996607795858331,False,ho
FETUSDT,2024-01-30,1706587199000,1,clean,-1.01701212197146,0.5169046519654896,True,is
FETUSDT,2024-02-28,1709107199000,1,clean,3.9506940601624514,0.4751000200185568,True,is
FETUSDT,2024-08-09,1723175999000,1,clean,-0.7278224839995626,0.5195995847785568,False,val
FETUSDT,2024-08-09,1723233599000,-1,clean,-1.0074630365083925,0.5306200409534922,True,val
FETUSDT,2024-08-15,1723708799000,-1,clean,-1.0018908367432653,0.5019637760524439,True,val
FETUSDT,2024-09-05,1725566399000,-1,clean,-1.0030357044320823,0.5084333017161496,True,val
FETUSDT,2025-02-15,1739591999000,-1,clean,3.9907323323906922,0.4860553204879261,True,val
FHEUSDT,2026-05-23,1779580799000,1,clean,-1.0142468700748797,0.5321785190701311,True,ho
FIDAUSDT,2024-11-26,1732636799000,-1,clean,-1.0098428835780533,0.5397889687673008,True,val
FILUSDT,2024-08-13,1723593599000,1,clean,-1.020793373506972,0.5038392899428551,False,val
FILUSDT,2025-08-22,1755835199000,1,clean,-1.0510415586524886,0.5058587400562641,False,ho
FILUSDT,2025-08-22,1755892799000,1,zz,-1.0184772955039425,0.48155223699601846,False,ho
FILUSDT,2026-07-14,1784030399000,1,clean,0.9275560095430129,0.5288120975948252,False,ho
FLOWUSDT,2025-02-20,1740023999000,1,clean,-1.0282773834987642,0.5468716271230353,False,val
FORMUSDT,2026-01-03,1767470399000,-1,clean,-1.0110119645001192,0.5465295611034853,True,ho
FRONTUSDT,2024-01-30,1706601599000,-1,clean,-1.1259132444884838,0.5781176529011293,False,is
FRONTUSDT,2024-07-28,1722139199000,1,clean,-1.0265046996634937,0.5005832057734747,False,val
FTMUSDT,2024-07-30,1722311999000,-1,clean,-1.0165141435417537,0.5223025670871384,True,val
FUNUSDT,2025-07-09,1752033599000,1,clean,4.194548996356191,0.48848604350442604,True,ho
GALAUSDT,2024-03-16,1710619199000,-1,clean,-0.9779977932878637,0.5156626372270288,False,is
GALAUSDT,2024-06-05,1717574399000,1,clean,-1.0357858561540998,0.4810020191599515,True,is
GALAUSDT,2024-10-06,1728215999000,1,clean,1.8785140980536452,0.5248547892066094,False,val
GALAUSDT,2025-01-13,1736755199000,-1,clean,-1.0091274952013585,0.5878329276506786,True,val
GALAUSDT,2026-02-17,1771315199000,-1,clean,0.6577647912909279,0.5000838255617989,True,ho
GLMUSDT,2025-01-17,1737129599000,1,clean,-1.0321512080625757,0.5266079095951013,False,val
GMTUSDT,2025-03-17,1742198399000,1,clean,3.0021780535197276,0.5287721851243206,False,val
GMTUSDT,2025-03-17,1742227199000,1,clean,1.3072619976640794,0.5070061180020987,False,val
GMTUSDT,2026-02-08,1770580799000,-1,clean,-1.0158565872515284,0.5200550607194837,True,ho
GMXUSDT,2024-01-05,1704427199000,-1,clean,0.39318908163640964,0.528874064138461,False,is
GMXUSDT,2024-01-30,1706601599000,-1,clean,-1.0754810773657046,0.5782404725047237,True,is
GMXUSDT,2024-07-03,1720022399000,-1,clean,2.2682616099257285,0.5339902918105008,True,val
GMXUSDT,2024-12-28,1735372799000,-1,clean,-0.9925253698096234,0.5328640747147988,True,val
GMXUSDT,2024-12-28,1735430399000,1,clean,-1.029297120047235,0.5182672885127113,False,val
GMXUSDT,2025-09-01,1756699199000,-1,clean,-0.4660992162310162,0.5162613177322747,True,ho
GMXUSDT,2025-09-01,1756727999000,1,zz,-1.0478210333965339,0.4790599599864296,False,ho
GOATUSDT,2025-04-30,1746043199000,-1,clean,-0.9961531868429425,0.5544712977640539,False,val
GRASSUSDT,2025-01-18,1737201599000,-1,clean,1.4027707670192568,0.5438846221817575,True,val
GRIFFAINUSDT,2025-03-16,1742111999000,1,clean,-1.0110848227396783,0.48545148410505434,False,val
GRTUSDT,2024-07-13,1720871999000,1,clean,2.325146268643522,0.5279586484906756,False,val
GRTUSDT,2024-08-14,1723679999000,-1,clean,-1.01249607711119,0.5253854352602461,True,val
GUAUSDT,2026-06-20,1781971199000,-1,zz,1.2079124744744636,0.5190490217883846,False,ho
GUSDT,2025-01-18,1737187199000,-1,clean,1.5569981103862396,0.4963470451615616,True,val
GWEIUSDT,2026-07-28,1785254399000,1,clean,-1.0136591990206092,0.5153090790427225,False,ho
HANAUSDT,2025-10-26,1761451199000,-1,clean,-1.0136687265689366,0.5373792672662172,True,ho
HFTUSDT,2024-03-30,1711828799000,-1,clean,-0.9982339126617,0.5032372547258959,False,is
HIFIUSDT,2024-01-29,1706500799000,1,clean,-1.0992409115101998,0.49514374301124003,False,is
HIFIUSDT,2024-01-29,1706572799000,1,clean,-1.061657934858798,0.46627074577879146,False,is
HIFIUSDT,2024-04-27,1714219199000,1,clean,-1.0191471143937147,0.5528533750447205,False,is
HIFIUSDT,2024-12-08,1733644799000,1,clean,-1.0242166702893936,0.473738923132914,True,val
HIPPOUSDT,2025-01-02,1735804799000,1,clean,-1.0591764442945073,0.4944646625692263,False,val
HIVEUSDT,2025-03-08,1741420799000,-1,clean,1.8479054658504368,0.5363571580127615,True,val
HIVEUSDT,2025-03-08,1741478399000,1,clean,-1.015893343972921,0.5342415381941448,False,val
HMSTRUSDT,2024-12-06,1733486399000,-1,clean,-0.9992521673241044,0.5416891640097611,False,val
HMSTRUSDT,2026-08-02,1785643199000,1,clean,3.938045175010791,0.521116693661193,False,ho
HOOKUSDT,2024-04-20,1713643199000,1,clean,-1.021149066506362,0.5275093849765984,False,is
HOTUSDT,2024-03-18,1710791999000,-1,clean,-0.34038833524546136,0.5032835682153205,False,is
HOTUSDT,2024-03-31,1711929599000,1,clean,-1.0409968723756835,0.49454358838501034,True,is
HUMAUSDT,2025-08-18,1755503999000,-1,clean,2.72949417234804,0.5773977591728052,True,ho
HUMAUSDT,2025-08-19,1755590399000,-1,zz,2.1571906925356474,0.5322201365581531,True,ho
HUMAUSDT,2026-03-11,1773215999000,1,clean,0.017547762136084333,0.5205232526077207,False,ho
HYPERUSDT,2025-09-03,1756929599000,1,clean,1.166881675467782,0.4874745580710818,False,ho
HYPEUSDT,2026-09-23,1790193599000,-1,clean,1.9660520146123195,0.5373637601182526,False,ho
ICPUSDT,2024-06-25,1719287999000,1,clean,-1.0907835378814816,0.5239231106920412,False,is
ICPUSDT,2024-10-18,1729295999000,1,clean,-1.0470021182027982,0.46832871207796845,False,val
ICPUSDT,2025-05-03,1746273599000,-1,clean,-1.0136976889174618,0.5577717088828775,True,val
ICPUSDT,2025-11-19,1763567999000,-1,clean,0.8957474264743749,0.517657149325814,False,ho
IDUSDT,2024-04-18,1713470399000,1,clean,0.710681544936477,0.4893076969829649,False,is
IDUSDT,2026-01-28,1769630399000,-1,clean,3.8661064244868393,0.532020069884706,True,ho
IDUSDT,2026-06-21,1782071999000,1,clean,0.8072053750744734,0.5018637082140578,False,ho
ILVUSDT,2024-03-12,1710244799000,-1,clean,-0.9617488517405507,0.5182372349414557,False,is
IMXUSDT,2024-04-30,1714449599000,1,clean,-1.0178742779473,0.4947860233722913,False,is
IMXUSDT,2025-06-05,1749095999000,-1,clean,1.851899592532226,0.48028736639215,True,val
IMXUSDT,2025-10-07,1759823999000,-1,clean,3.9923357755410813,0.5524247979539355,False,ho
INITUSDT,2025-07-09,1752105599000,1,clean,3.9878339142497943,0.5070667551468662,False,ho
INJUSDT,2024-01-14,1705204799000,1,clean,-1.0234999199979828,0.5282700475044455,True,is
INJUSDT,2024-04-30,1714449599000,1,clean,-1.0311483078710215,0.4996990985298529,False,is
INJUSDT,2024-10-11,1728647999000,1,zz,3.9403135314672597,0.4926018436124635,False,val
INTCUSDT,2026-07-11,1783771199000,1,clean,-1.0133319611566167,0.4810540225151016,False,ho
IOSTUSDT,2025-02-05,1738785599000,-1,clean,-0.33506555993649917,0.4516469212342429,True,val
IOTAUSDT,2025-03-16,1742140799000,-1,clean,-1.0059388329025307,0.553528480865186,True,val
IOUSDT,2024-09-17,1726559999000,1,zz,2.9568236129148047,0.5258500893954459,False,val
IPUSDT,2025-12-06,1765051199000,1,clean,-1.0146628980355128,0.5139828614179045,False,ho
JASMYUSDT,2024-01-12,1705103999000,-1,clean,0.8784787369090459,0.5132108196924199,True,is
JASMYUSDT,2024-02-28,1709107199000,1,clean,0.856130425312672,0.5009490721221777,True,is
JASMYUSDT,2024-03-08,1709913599000,-1,clean,-0.9962328434341435,0.5245553096043646,False,is
JASMYUSDT,2024-08-21,1724255999000,-1,zz,-1.013875260359432,0.5417789420787071,True,val
JASMYUSDT,2025-02-20,1740038399000,1,clean,-1.0153256607387124,0.5066430670794035,False,val
JASMYUSDT,2025-03-17,1742227199000,1,clean,-1.0148054256013346,0.4765876528464579,False,val
JTOUSDT,2025-10-06,1759780799000,1,clean,-1.021581500744107,0.5478266775014695,False,ho
JUPUSDT,2024-05-13,1715572799000,-1,clean,-1.007596203714005,0.5585768436165789,True,is
JUPUSDT,2024-10-08,1728359999000,-1,clean,0.8181700143536139,0.5457959887145847,True,val
JUPUSDT,2024-10-08,1728417599000,-1,zz,-1.082196435264628,0.5158619284657462,True,val
JUPUSDT,2025-11-13,1763078399000,-1,clean,1.7379918013641873,0.5800197385871855,True,ho
JUPUSDT,2026-09-14,1789372799000,1,clean,-1.014712992546021,0.4946631552444952,True,ho
KAIAUSDT,2026-02-21,1771703999000,1,clean,-1.0103952295420295,0.437150519413078,False,ho
KAITOUSDT,2025-08-30,1756583999000,1,clean,-1.0235481559790212,0.5360262524567964,False,ho
KAITOUSDT,2025-11-30,1764518399000,-1,clean,-1.1082402537218532,0.47461055244179784,True,ho
KAVAUSDT,2025-11-19,1763596799000,-1,clean,-0.60005055974239,0.5329665519430482,True,ho
KDAUSDT,2025-01-06,1736150399000,1,clean,-1.0197933700785773,0.4787178588421139,False,val
KERNELUSDT,2026-04-29,1777435199000,-1,clean,-0.34611041348396565,0.5617475862276922,True,ho
KITEUSDT,2026-04-22,1776844799000,1,zz,-0.18330886959865234,0.5139007415682555,False,ho
KITEUSDT,2026-05-31,1780214399000,1,zz,-1.031903126108004,0.5340478219057422,True,ho
KNCUSDT,2025-08-06,1754510399000,1,clean,-1.0620159867770487,0.5551940359396549,True,ho
KOMAUSDT,2025-03-07,1741391999000,1,clean,-1.0126964618454164,0.4832297593678878,False,val
LAUSDT,2025-10-08,1759895999000,-1,clean,4.001189667529537,0.48452697299426206,True,ho
LAUSDT,2026-03-19,1773921599000,1,clean,0.9978016737286081,0.5390763550350477,False,ho
LDOUSDT,2024-10-29,1730174399000,1,clean,-1.0233805453623261,0.5305651254690071,False,val
LDOUSDT,2025-03-19,1742371199000,1,clean,-1.0462235304985603,0.4832022893973147,False,val
LDOUSDT,2026-07-18,1784390399000,-1,clean,-1.0097128566766531,0.5102727236963749,False,ho
LINEAUSDT,2025-11-03,1762171199000,-1,clean,-0.037618164696603514,0.5377227092290761,True,ho
LINKUSDT,2025-01-23,1737619199000,-1,zz,0.7103129492234064,0.5437578572595282,False,val
LINKUSDT,2025-06-20,1750420799000,1,zz,-1.0252512031164644,0.5006272291634972,False,val
LINKUSDT,2025-12-27,1766865599000,1,clean,3.1047536932225714,0.5286576100574062,False,ho
LINKUSDT,2026-08-09,1786305599000,1,clean,3.9316238991170254,0.4957565679755369,True,ho
LISTAUSDT,2024-12-23,1734940799000,1,clean,-1.0267876955882154,0.5243337291730297,False,val
LISTAUSDT,2024-12-23,1734955199000,-1,clean,-1.0217764673256045,0.5205384740893173,True,val
LISTAUSDT,2025-01-06,1736207999000,-1,clean,2.644873857502704,0.548561695563619,True,val
LITUSDT,2026-02-24,1771963199000,1,clean,0.9109634032853682,0.4218973016525153,False,ho
LITUSDT,2026-05-26,1779782399000,-1,clean,-1.003208497642693,0.5212839784091958,False,ho
LITUSDT,2026-08-30,1788091199000,-1,clean,-1.011076895939072,0.5390644512801821,False,ho
LITUSDT,2026-09-23,1790135999000,1,clean,-1.0049308617376376,0.5081603238852541,True,ho
LOOMUSDT,2024-01-19,1705651199000,1,zz,-1.0192775964989562,0.5194578287409831,False,is
LPTUSDT,2024-07-14,1721001599000,1,clean,0.4925262734700879,0.4515767195767196,False,val
LPTUSDT,2025-07-04,1751630399000,-1,clean,-1.2584391704345208,0.5871214580217425,True,ho
LQTYUSDT,2025-01-21,1737503999000,1,clean,-1.0112566134704306,0.5302802842044256,True,val
LTCUSDT,2024-08-23,1724457599000,1,zz,-1.0265186867690557,0.5026309882178036,False,val
LTCUSDT,2025-03-03,1741003199000,-1,clean,1.7865389097948292,0.5319244030778785,False,val
LTCUSDT,2026-02-20,1771588799000,1,clean,-1.107707866796513,0.4983006365617532,False,ho
LTCUSDT,2026-02-20,1771617599000,1,zz,-1.0127337567788446,0.5349030490953062,False,ho
LUNA2USDT,2024-05-18,1716047999000,-1,clean,-1.0194500825362747,0.523381742596198,True,is
LUNA2USDT,2024-06-03,1717387199000,1,clean,-1.055936592064508,0.5035420813254422,False,is
LYNUSDT,2025-11-02,1762070399000,1,clean,-1.0120669190669707,0.4814850460105368,False,ho
LYNUSDT,2026-01-25,1769342399000,1,clean,0.9535941763409949,0.450978629121943,False,ho
MAGICUSDT,2024-02-06,1707191999000,-1,clean,-0.4130063033911603,0.5156348878139929,False,is
MAGICUSDT,2025-05-23,1748015999000,-1,clean,-1.0768045393574432,0.522393921498397,False,val
MANAUSDT,2024-03-12,1710230399000,-1,clean,1.6298278258667342,0.5345150071307303,False,is
MANAUSDT,2024-06-29,1719647999000,1,clean,-1.036607348767911,0.46476813081260204,False,is
MANAUSDT,2025-01-23,1737604799000,-1,clean,1.727761460192129,0.5397225236678016,True,val
MANAUSDT,2025-10-07,1759867199000,-1,clean,3.9993605623600703,0.5313820106144402,False,ho
MANTAUSDT,2024-04-23,1713873599000,-1,clean,-1.0392084318597952,0.5738773103094998,True,is
MANTAUSDT,2024-07-02,1719892799000,-1,clean,2.8809004575395205,0.5395534300577556,True,val
MANTAUSDT,2024-07-12,1720814399000,1,clean,1.7779744293740145,0.5112941833727715,False,val
MANTAUSDT,2024-09-04,1725494399000,1,clean,0.7686368551921273,0.5004075930373214,False,val
MASKUSDT,2024-01-28,1706486399000,-1,clean,-1.036641952644326,0.5277757084177586,True,is
MASKUSDT,2024-12-23,1734940799000,1,clean,-0.04348419918233089,0.493855132281159,False,val
MASKUSDT,2025-02-03,1738555199000,1,clean,-1.0234209109273684,0.4131018150108536,False,val
MASKUSDT,2025-02-03,1738612799000,1,zz,-1.0096558747917128,0.4924099193689014,False,val
MASKUSDT,2025-02-13,1739419199000,1,clean,-1.0330239133500254,0.47149138458286166,False,val
MASKUSDT,2025-02-23,1740340799000,-1,clean,-1.0320697303933,0.5841159516046712,True,val
MASKUSDT,2025-08-14,1755201599000,-1,clean,-0.025863252379809878,0.5115183860542155,False,ho
MASKUSDT,2025-08-14,1755215999000,-1,zz,0.05687826234781044,0.513272704005582,True,ho
MDTUSDT,2024-04-06,1712390399000,1,clean,-1.045719792409973,0.5085883235448776,True,is
MELANIAUSDT,2025-03-25,1742889599000,-1,clean,1.636147061601622,0.5583922603528979,True,val
MELANIAUSDT,2025-05-19,1747684799000,1,clean,0.7713223309309297,0.509073074232854,False,val
MELANIAUSDT,2025-11-14,1763150399000,1,clean,-1.0058573625370706,0.509608900752527,True,ho
MELANIAUSDT,2025-11-29,1764460799000,-1,zz,1.3761423443104208,0.6061656873911299,True,ho
MEMEFIUSDT,2025-05-22,1747915199000,-1,clean,1.5074774024840591,0.5359761884150196,True,val
MEMEUSDT,2024-02-06,1707206399000,1,clean,3.909151638823651,0.46836864688506263,False,is
MEMEUSDT,2024-06-03,1717430399000,1,clean,-1.0460831854841397,0.4787294051808955,True,is
MEMEUSDT,2025-01-26,1737921599000,1,clean,-1.0178925899139222,0.4930964469624038,False,val
MEMEUSDT,2025-09-10,1757548799000,-1,clean,-1.0123996608006998,0.5631890452725745,False,ho
METISUSDT,2024-06-16,1718567999000,1,clean,-1.018724846068552,0.5510720102386458,False,is
METUSDT,2025-12-07,1765079999000,-1,clean,-1.0131787489114963,0.5317252666783859,True,ho
MEUSDT,2025-05-14,1747252799000,-1,clean,1.5998422695902126,0.5476236235512222,False,val
MEUSDT,2026-03-04,1772639999000,1,clean,-0.98261560158964,0.4325099544446069,False,ho
MEWUSDT,2024-12-31,1735631999000,-1,clean,-1.0127349637755847,0.43575925958175366,True,val
MEWUSDT,2025-04-03,1743710399000,-1,clean,0.4941683293739602,0.4896411898983435,False,val
MEWUSDT,2025-08-14,1755215999000,-1,clean,0.11256710697776037,0.5786801197093253,True,ho
MINAUSDT,2024-12-27,1735286399000,1,clean,-1.0558466481391395,0.4759873159896454,False,val
MINAUSDT,2025-12-02,1764705599000,1,clean,-0.999968623410808,0.5078890369543085,False,ho
MINAUSDT,2025-12-04,1764820799000,1,clean,-0.9999816055119533,0.5424524361451833,False,ho
MKRUSDT,2024-02-09,1707465599000,1,clean,3.1282935635583557,0.4392883367063219,True,is
MKRUSDT,2025-02-13,1739476799000,-1,clean,-1.002444713925861,0.5590840550502283,True,val
MKRUSDT,2025-03-03,1741003199000,-1,zz,1.4410657378359593,0.5553678902471273,False,val
MKRUSDT,2025-04-14,1744660799000,-1,clean,-1.0012381005291593,0.5022299485193464,False,val
MLNUSDT,2025-04-27,1745783999000,-1,clean,1.7023848396986925,0.518826371260671,True,val
MMTUSDT,2026-01-02,1767383999000,1,clean,0.8788646425847194,0.49195719937106164,False,ho
MOCAUSDT,2025-02-15,1739606399000,-1,clean,-1.019018959273674,0.5756930633275292,True,val
MOODENGUSDT,2025-01-17,1737100799000,1,clean,-1.0242747379874693,0.4850202030434862,False,val
MOVEUSDT,2025-07-02,1751443199000,-1,clean,0.21696030740542538,0.5208537657257951,True,ho
MOVRUSDT,2024-12-09,1733731199000,-1,clean,2.4940437512135363,0.5851222875216224,False,val
MRVLUSDT,2026-09-21,1789963199000,1,clean,2.1009196816054345,0.4686646855268642,True,ho
MUBARAKUSDT,2025-08-11,1754927999000,-1,clean,-1.0155614215145834,0.5514890985069989,True,ho
MUBARAKUSDT,2026-09-30,1790783999000,1,clean,0.061709998368724026,0.47035701844715405,True,ho
MUSDT,2025-08-09,1754783999000,1,clean,-0.9804840876800971,0.48279690430255107,True,ho
MUSDT,2025-10-26,1761465599000,-1,clean,1.0064031573736154,0.46043396718902563,False,ho
MUUSDT,2026-07-15,1784145599000,-1,clean,-0.9900280573841882,0.5252236754466628,False,ho
MUUSDT,2026-08-31,1788148799000,-1,clean,-1.050355933525962,0.5440358995147057,True,ho
MUUSDT,2026-08-31,1788177599000,1,clean,3.9548863848607394,0.5036259543528575,False,ho
MYROUSDT,2024-07-03,1719993599000,-1,clean,2.6106311378578577,0.5441529438035683,True,val
NAORISUSDT,2026-05-29,1780041599000,-1,clean,0.1812498532285441,0.5675649826255188,True,ho
NBISUSDT,2026-07-16,1784203199000,-1,clean,-1.0208211588367289,0.5277850297038893,True,ho
NEARUSDT,2024-09-27,1727467199000,-1,clean,0.2948817027839167,0.5365708970668401,False,val
NEARUSDT,2024-12-25,1735171199000,-1,clean,-0.999116266033453,0.5463147628176784,True,val
NEARUSDT,2025-02-09,1739145599000,-1,clean,-1.0125654634006964,0.5091722492504245,True,val
NEARUSDT,2025-09-24,1758743999000,1,clean,-1.0106005805046825,0.5335407800170852,True,ho
NEIROETHUSDT,2025-05-24,1748059199000,-1,clean,-1.0088791216161614,0.5249135775468048,False,val
NEIROETHUSDT,2025-05-24,1748131199000,1,clean,-0.9897101362814777,0.5343492346323226,True,val
NEIROUSDT,2025-01-29,1738137599000,1,clean,0.9826404001195278,0.5366628082922877,False,val
NEIROUSDT,2025-02-17,1739807999000,1,zz,-1.0199738660034945,0.49478606053959684,False,val
NEIROUSDT,2025-07-01,1751399999000,-1,clean,-1.0082581592944508,0.4940795384600224,True,ho
NEOUSDT,2025-02-08,1738987199000,-1,clean,-0.2896747223274016,0.4756409192513531,True,val
NFPUSDT,2024-03-01,1709323199000,1,clean,-1.105797347521859,0.49973770160618997,True,is
NKNUSDT,2025-04-27,1745740799000,-1,zz,0.26339922907788094,0.5199510832095466,False,val
NMRUSDT,2024-02-26,1708991999000,1,clean,-1.0856533807280742,0.4465705369142805,True,is
NMRUSDT,2024-03-28,1711641599000,-1,clean,1.1160651436910478,0.5540042212749644,False,is
NMRUSDT,2025-11-28,1764374399000,-1,clean,-1.3013545085901586,0.5362784542254306,True,ho
NOTUSDT,2024-06-30,1719791999000,1,clean,-1.0193436705525654,0.5025136982820597,True,is
NOTUSDT,2024-07-29,1722239999000,1,clean,-1.0145972504536618,0.5060374438231064,False,val
NOTUSDT,2024-08-10,1723319999000,-1,clean,-1.0153563567057826,0.5097002317547679,True,val
NOTUSDT,2025-02-22,1740254399000,1,clean,-1.0110451216307634,0.5197234342870158,False,val
NOTUSDT,2026-05-25,1779695999000,1,clean,-1.0163957228607756,0.4733520316166793,False,ho
NTRNUSDT,2024-02-09,1707465599000,1,clean,3.960295196460645,0.5184762461048991,False,is
NXPCUSDT,2025-07-08,1752019199000,1,clean,3.967729804969581,0.5483135221938715,False,ho
OCEANUSDT,2024-04-20,1713614399000,1,zz,-0.6731371355675778,0.5414741886254477,False,is
OGNUSDT,2024-03-23,1711195199000,1,clean,0.7992501522282579,0.5374201271592656,True,is
OGNUSDT,2025-08-26,1756180799000,-1,clean,1.112699546882433,0.5026409552337199,False,ho
OGUSDT,2025-09-05,1757116799000,1,clean,3.951579028927223,0.48561070959516445,True,ho
OMNIUSDT,2024-08-10,1723291199000,1,clean,-1.0193978949649585,0.5366075871894206,False,val
OMNIUSDT,2024-08-10,1723319999000,-1,clean,-1.0127134364820038,0.5572231078419978,True,val
OMNIUSDT,2025-09-14,1757836799000,-1,clean,-1.3703936119853215,0.5083424037539177,False,ho
OMUSDT,2025-05-28,1748462399000,-1,clean,3.9845000222471674,0.504420164509843,True,val
ONDOUSDT,2024-03-31,1711871999000,-1,clean,-0.9945403712066823,0.5143666173739533,False,is
ONDOUSDT,2024-03-31,1711929599000,1,clean,-1.0180002997969058,0.5023021579212972,True,is
ONDOUSDT,2024-04-30,1714449599000,1,clean,-1.0177449189166516,0.4749279687311864,True,is
ONDOUSDT,2024-05-01,1714607999000,1,clean,-1.0404739845722966,0.4824837655191611,True,is
ONDOUSDT,2024-09-29,1727611199000,-1,clean,1.6286859751052702,0.5196082993933542,False,val
ONDOUSDT,2025-01-18,1737230399000,-1,clean,-1.06810283947624,0.5345610379033787,True,val
ONDOUSDT,2025-04-15,1744689599000,-1,clean,-1.0258971526683942,0.5490187737635102,True,val
ONDOUSDT,2025-04-21,1745222399000,1,clean,0.4084981819224734,0.47326107042798987,False,val
ONDOUSDT,2025-11-29,1764388799000,-1,clean,1.3573258781087245,0.5202154996402171,True,ho
ONDOUSDT,2026-01-22,1769126399000,1,clean,-1.0234299985687358,0.4948227388760455,False,ho
ONDOUSDT,2026-05-27,1779854399000,-1,zz,1.605885770405589,0.49500528314101233,False,ho
ONEUSDT,2024-12-14,1734163199000,-1,clean,0.8506637510508143,0.5089956839268726,False,val
ONGUSDT,2026-04-23,1776931199000,-1,clean,1.7469694787046732,0.5635292664199198,False,ho
ONTUSDT,2024-05-10,1715371199000,-1,clean,-0.05889207970257444,0.49619456933361406,True,is
ONTUSDT,2024-12-28,1735401599000,1,clean,-1.0335534901425651,0.47613936997678996,False,val
ONTUSDT,2026-01-12,1768219199000,-1,clean,-1.0432620613459407,0.5353512751131306,True,ho
OPUSDT,2024-05-06,1715011199000,-1,clean,2.0231367777802034,0.5081091230423371,True,is
OPUSDT,2025-03-14,1741939199000,1,clean,0.19466822640986853,0.4695441843962153,False,val
OPUSDT,2026-05-04,1777910399000,-1,clean,-1.0281626923988594,0.49012062585443716,True,ho
ORBSUSDT,2024-08-26,1724702399000,-1,zz,1.1234647043867436,0.5502255260210515,False,val
ORDIUSDT,2025-10-06,1759780799000,1,clean,-1.01649165967642,0.49354787728906274,False,ho
PARTIUSDT,2025-11-19,1763582399000,-1,clean,-1.0095614548721359,0.5442306894123908,True,ho
PAXGUSDT,2025-04-26,1745654399000,1,clean,-1.1677538283571551,0.5000518913533437,True,val
PAXGUSDT,2026-04-06,1775476799000,1,clean,-1.1875887727170877,0.5778062157333561,False,ho
PAXGUSDT,2026-07-10,1783713599000,1,clean,-1.0703514539412369,0.5232002591132406,False,ho
PAXGUSDT,2026-08-04,1785844799000,1,clean,3.9348530566273836,0.45951099413337176,False,ho
PAXGUSDT,2026-08-15,1786823999000,1,clean,3.5608917264910525,0.5138927116591434,True,ho
PENDLEUSDT,2025-07-08,1752019199000,1,clean,3.9630988416540176,0.530225597608616,False,ho
PENDLEUSDT,2026-06-21,1782071999000,1,clean,-1.012553546887941,0.46279970833807005,False,ho
PENGUUSDT,2025-10-05,1759665599000,1,clean,-1.014626183008764,0.5163941240985596,False,ho
PENGUUSDT,2026-02-20,1771603199000,1,clean,-1.0153709383410363,0.5025768245827872,False,ho
PENGUUSDT,2026-08-02,1785657599000,1,clean,0.5900346827231302,0.5776849679864361,False,ho
PENGUUSDT,2026-09-27,1790510399000,1,clean,-1.0165873512384243,0.525542226346396,True,ho
PEOPLEUSDT,2024-01-13,1705190399000,-1,zz,0.8668761457935916,0.502402049031599,False,is
PEOPLEUSDT,2024-03-13,1710302399000,1,clean,-1.067208062872385,0.5087117024838804,True,is
PERPUSDT,2024-01-13,1705175999000,1,clean,-1.01804287797574,0.4965836463694579,True,is
PHBUSDT,2024-04-26,1714118399000,-1,clean,-0.9951680114420423,0.5305501828880316,True,is
PIEVERSEUSDT,2026-01-28,1769630399000,-1,clean,2.7107584967145275,0.5115447038027334,False,ho
PNUTUSDT,2025-09-01,1756699199000,-1,clean,-0.9914154679668509,0.5757625747986719,True,ho
PNUTUSDT,2025-11-24,1764014399000,1,clean,0.08277163684400698,0.489869568239628,False,ho
POLUSDT,2026-02-24,1771963199000,1,clean,-0.9989660764178292,0.5101704111395182,False,ho
POPCATUSDT,2024-12-28,1735372799000,-1,clean,-1.009972283360231,0.5240582132163498,True,val
POPCATUSDT,2024-12-28,1735415999000,1,clean,-0.7746518189220734,0.4940032223879888,False,val
POPCATUSDT,2025-04-17,1744934399000,1,clean,3.9889037263349185,0.49781456568639787,True,val
POPCATUSDT,2025-08-13,1755057599000,1,clean,-1.031887208357895,0.5080909631421743,False,ho
POPCATUSDT,2025-09-19,1758311999000,-1,clean,1.729491142789216,0.5001833305025527,False,ho
POPCATUSDT,2025-09-19,1758326399000,-1,zz,1.5957738772414178,0.5185458875889961,True,ho
PORTALUSDT,2025-07-19,1752897599000,-1,clean,-1.0105270812060643,0.54711793157097,False,ho
PORTALUSDT,2026-09-04,1788551999000,1,zz,0.3073838013356053,0.49433398062720096,True,ho
PUMPUSDT,2026-04-15,1776297599000,1,clean,-1.026946111893028,0.5539119873202606,True,ho
PYTHUSDT,2025-02-17,1739807999000,1,clean,-1.0237054853066536,0.477084200423832,False,val
PYTHUSDT,2025-03-18,1742327999000,-1,clean,-1.0143622726142536,0.5677543494789452,True,val
QQQUSDT,2026-06-23,1782187199000,-1,clean,1.163015613738939,0.5907690898314801,False,ho
QUSDT,2025-10-29,1761724799000,-1,clean,0.11834216417093123,0.531202604564471,False,ho
QUSDT,2026-02-23,1771876799000,-1,clean,-0.9979926442866666,0.5193701493155409,False,ho
RADUSDT,2024-03-23,1711195199000,1,clean,1.4181550785917274,0.5667310820342301,True,is
RAVEUSDT,2026-04-27,1777291199000,-1,clean,0.7578029561187686,0.554232297261448,True,ho
RAYSOLUSDT,2025-02-20,1740067199000,1,clean,-1.013624606365596,0.532873611033458,False,val
RENDERUSDT,2024-09-30,1727711999000,-1,clean,3.18263933720525,0.5316995873253334,False,val
RENDERUSDT,2024-10-09,1728503999000,-1,clean,-0.9976708020555685,0.5364987427276595,True,val
RENDERUSDT,2025-08-06,1754510399000,1,clean,1.0739617592495108,0.49313298561592506,False,ho
RENDERUSDT,2026-02-19,1771487999000,1,clean,-1.014702215104184,0.5100879350173202,False,ho
RENDERUSDT,2026-02-19,1771545599000,1,zz,3.9432484108121635,0.5383000897252209,False,ho
RESOLVUSDT,2025-09-05,1757116799000,1,clean,-0.28905693670280097,0.5577158820148912,False,ho
RESOLVUSDT,2025-09-11,1757606399000,-1,clean,-1.009456914111604,0.6171973876427186,True,ho
RESOLVUSDT,2026-03-11,1773215999000,-1,clean,1.1746906038773515,0.4868270250045098,False,ho
RESOLVUSDT,2026-03-12,1773302399000,-1,clean,1.4920235537070585,0.521131080646955,False,ho
REZUSDT,2025-06-08,1749398399000,1,clean,-1.0245977110847184,0.48546122983563617,False,val
RIFUSDT,2024-02-26,1708977599000,1,clean,-1.2280662359899948,0.49142524666368265,True,is
RNDRUSDT,2024-04-09,1712678399000,-1,clean,4.02741037416593,0.5115061123590132,False,is
ROSEUSDT,2024-04-26,1714118399000,-1,clean,-0.18492284692897096,0.5070060736458131,True,is
RUNEUSDT,2024-07-30,1722369599000,-1,clean,2.9418104936464564,0.5214489431934188,False,val
RUNEUSDT,2024-08-29,1724947199000,1,clean,-1.0138648837665976,0.5316479764757318,False,val
RUNEUSDT,2024-10-22,1729598399000,1,clean,-1.0310113247763697,0.5277010298674203,True,val
RVNUSDT,2025-07-16,1752638399000,1,clean,1.9811910486604327,0.4885314317782507,True,ho
RVNUSDT,2025-07-28,1753703999000,-1,clean,3.992256661626887,0.573687892943803,False,ho
RVNUSDT,2025-07-28,1753718399000,-1,clean,1.3979642742351732,0.5759099882350192,False,ho
SAGAUSDT,2024-08-02,1722571199000,1,clean,-1.0117499611930392,0.4690378077271969,False,val
SAGAUSDT,2025-03-08,1741406399000,-1,clean,2.2108375169962664,0.557403574466963,True,val
SANDUSDT,2025-08-12,1755043199000,1,clean,-1.0366255026727962,0.5249480071266314,True,ho
SHELLUSDT,2025-03-25,1742889599000,-1,clean,4.004865959447652,0.5544684124151669,True,val
SHELLUSDT,2025-03-25,1742932799000,1,clean,-1.0425295448986913,0.4689411489292032,False,val
SKLUSDT,2024-02-08,1707422399000,1,clean,3.962155560453242,0.47844868914734523,True,is
SKLUSDT,2025-10-05,1759708799000,-1,clean,4.0052477069156724,0.4927522977344463,True,ho
SKRUSDT,2026-03-09,1773071999000,1,clean,-0.9986187600350939,0.5215726046625596,False,ho
SKYAIUSDT,2025-07-31,1753948799000,1,clean,-1.0322442973940409,0.5628080444484103,True,ho
SKYUSDT,2025-10-09,1760025599000,-1,clean,3.994393203942443,0.512348246158407,True,ho
SNXUSDT,2024-02-20,1708459199000,-1,clean,-0.9970238757995011,0.5280925907221798,False,is
SNXUSDT,2024-12-07,1733587199000,-1,clean,-1.0144226054041354,0.5423470504566686,False,val
SNXUSDT,2025-10-21,1761047999000,-1,clean,1.2661791960611861,0.522562350159087,False,ho
SOLUSDT,2024-04-05,1712303999000,-1,clean,2.1568815732219315,0.550121901383021,False,is
SOLUSDT,2024-04-07,1712462399000,1,clean,-1.0403482474776375,0.5010103278953003,True,is
SOLUSDT,2024-11-30,1732996799000,-1,zz,4.135284795222881,0.5414286217485047,False,val
SOLUSDT,2025-02-23,1740326399000,-1,clean,0.987490396670946,0.5862108762981947,True,val
SOLUSDT,2025-11-16,1763279999000,1,clean,-1.0238459542120717,0.5189713754299152,False,ho
SOLUSDT,2026-03-01,1772351999000,1,clean,-0.12099759482002845,0.5143230364532004,False,ho
SOMIUSDT,2025-12-26,1766721599000,-1,clean,-1.0326244085616967,0.5138268311724149,True,ho
SOPHUSDT,2025-07-27,1753617599000,1,clean,-0.9423518930368197,0.5018113530132842,True,ho
SOPHUSDT,2025-07-27,1753617599000,-1,clean,-1.1704482439414274,0.49818864698671583,False,ho
SPCXUSDT,2026-07-05,1783281599000,1,zz,-1.0677781615871487,0.5562055175991937,False,ho
SPKUSDT,2025-10-15,1760515199000,1,clean,-1.014602191959294,0.5266862584751716,False,ho
SPKUSDT,2025-10-16,1760601599000,-1,clean,-0.9989594526471814,0.5492836768189009,True,ho
SPXUSDT,2025-06-23,1750723199000,1,clean,0.25843385055939433,0.5064522073541267,True,val
SPXUSDT,2025-06-30,1751255999000,1,clean,-0.993957225972741,0.480939719585486,True,val
SPXUSDT,2025-09-07,1757231999000,1,clean,2.189047751817141,0.5183011574862926,False,ho
SPXUSDT,2025-12-22,1766375999000,1,clean,-0.2875107595524076,0.5187179657137243,False,ho
SQDUSDT,2025-07-07,1751903999000,-1,zz,-1.037179826785268,0.5205856563185555,True,ho
SSVUSDT,2024-02-24,1708775999000,1,clean,-1.0871495108826883,0.5077545282581616,True,is
SSVUSDT,2024-05-25,1716623999000,1,clean,-0.7672250618108732,0.5128521864622028,True,is
STEEMUSDT,2025-02-11,1739260799000,1,clean,-0.9545535776106395,0.44743214087911626,False,val
STGUSDT,2025-01-18,1737201599000,-1,clean,1.934843573463847,0.5082320980531406,False,val
STORJUSDT,2024-10-30,1730303999000,-1,clean,1.740410579715825,0.5204586512812852,False,val
STRKUSDT,2025-08-19,1755590399000,-1,clean,0.19442034688979826,0.5438464277205473,False,ho
STXUSDT,2024-09-05,1725566399000,-1,clean,-1.006669432265965,0.5081135934925701,True,val
SUIUSDT,2024-11-25,1732579199000,-1,clean,-0.9799196015079327,0.5460344893098825,False,val
SUIUSDT,2024-12-03,1733227199000,1,zz,2.1661013234138875,0.49113678367795327,True,val
SUIUSDT,2026-08-11,1786420799000,-1,clean,-1.0172405760397916,0.5657394679186318,True,ho
SUPERUSDT,2024-10-27,1730073599000,-1,clean,-0.7176188271246187,0.5144707354239042,False,val
SUPERUSDT,2025-10-15,1760529599000,1,clean,4.184851403420178,0.496963881190798,False,ho
SUSDT,2025-10-01,1759334399000,1,clean,-1.0301918422746261,0.4858076292652461,False,ho
SUSDT,2025-11-15,1763179199000,-1,clean,0.9427898951393122,0.5751722418226535,True,ho
SUSHIUSDT,2025-01-12,1736726399000,-1,clean,-1.0086383143807358,0.4888173769618057,True,val
SUSHIUSDT,2025-08-31,1756627199000,1,clean,-1.0218882185913292,0.547736949528545,False,ho
SWARMSUSDT,2025-03-15,1742025599000,-1,clean,-1.0080315850936943,0.49261487431212003,True,val
SXPUSDT,2024-11-02,1730534399000,1,clean,-0.9937412744125231,0.5006669938365493,False,val
SYRUPUSDT,2025-08-16,1755359999000,1,clean,-1.0279596971241867,0.44250310547254007,False,ho
TACUSDT,2026-05-26,1779796799000,1,clean,-1.0334601098416047,0.39927955288586603,True,ho
TAOUSDT,2024-12-15,1734278399000,1,clean,-1.0802711663880387,0.49879276723489135,False,val
TAOUSDT,2025-02-14,1739563199000,1,clean,-1.0201396630298203,0.5126547872346463,False,val
TAUSDT,2025-09-14,1757851199000,-1,clean,1.6853785543076647,0.5560781885444301,False,ho
THETAUSDT,2024-12-28,1735358399000,-1,clean,-0.9989418494402973,0.5180934798110377,True,val
THEUSDT,2025-08-03,1754251199000,1,clean,3.3415537739519747,0.5216592114070784,True,ho
TIAUSDT,2025-03-19,1742399999000,1,clean,1.277389142935849,0.49999787357917874,False,val
TOKENUSDT,2024-01-20,1705780799000,1,clean,-1.0221829387810895,0.46605986567841556,False,is
TOKENUSDT,2024-09-02,1725292799000,1,zz,-1.0020542385914302,0.5346984607934193,False,val
TOKENUSDT,2024-09-13,1726257599000,1,clean,-1.0126073307370191,0.5051502434861619,False,val
TONUSDT,2024-05-17,1715961599000,-1,clean,0.4895430847926663,0.4598201139089638,False,is
TONUSDT,2025-12-22,1766404799000,1,clean,3.3586395062481382,0.5251675661991466,False,ho
TONUSDT,2026-03-04,1772596799000,1,clean,0.7487318954632167,0.5067295451332358,False,ho
TQQQUSDT,2026-09-08,1788868799000,-1,clean,3.924304646543435,0.6119788748977726,False,ho
TRADOORUSDT,2026-04-20,1776715199000,1,clean,-1.01158010144506,0.5030445156134241,True,ho
TRBUSDT,2024-02-06,1707220799000,1,clean,1.1667838393157461,0.49641019397776154,False,is
TRBUSDT,2024-12-30,1735545599000,1,clean,-1.0405984342311152,0.5110312639979964,False,val
TRBUSDT,2025-03-27,1743119999000,-1,clean,3.4810694059578267,0.5456363708804045,True,val
TRBUSDT,2025-07-16,1752638399000,1,clean,0.02978293346817186,0.49864624600219015,True,ho
TRBUSDT,2025-09-01,1756699199000,-1,clean,-1.009250641064153,0.5947372922660027,True,ho
TRBUSDT,2025-09-01,1756727999000,1,clean,-1.037230651316948,0.499830709016401,False,ho
TRUMPUSDT,2025-05-16,1747382399000,1,clean,1.544889054375764,0.5022183697402741,True,val
TRUMPUSDT,2025-12-28,1766966399000,-1,clean,-1.0890673149950163,0.6207154808953405,True,ho
TRUMPUSDT,2026-07-24,1784865599000,-1,clean,1.5251817351763695,0.5339353753317984,True,ho
TRUMPUSDT,2026-08-12,1786564799000,-1,clean,-1.019311348021683,0.5332122753094957,True,ho
TRUMPUSDT,2026-08-27,1787846399000,1,clean,-1.003762408720401,0.5128444197481486,True,ho
TRUUSDT,2024-06-25,1719287999000,1,clean,-1.0347619307590956,0.5190890295497211,False,is
TRXUSDT,2024-03-28,1711641599000,1,clean,-1.379951392625045,0.47149066406526474,False,is
TRXUSDT,2024-03-29,1711713599000,-1,clean,-1.2228904868999773,0.5731735700071527,True,is
TRXUSDT,2025-04-23,1745438399000,-1,clean,-1.0752128339889044,0.5604978580170599,False,val
TRXUSDT,2026-04-14,1776211199000,1,clean,-1.0391518735326368,0.6237584935808197,True,ho
TRXUSDT,2026-06-07,1780833599000,1,zz,-0.9424098714226341,0.5917621275935459,False,ho
TSLAUSDT,2026-04-26,1777204799000,1,clean,-1.1341647126071925,0.5187694075186015,False,ho
TSTUSDT,2025-03-15,1742025599000,1,clean,-1.0123524996464497,0.5595249968382852,False,val
TSTUSDT,2025-05-28,1748433599000,-1,clean,3.9987340232832747,0.5964559598381706,True,val
TURBOUSDT,2024-08-30,1725062399000,1,clean,-1.0271344633274433,0.5055277580089012,False,val
TURBOUSDT,2024-11-12,1731441599000,-1,clean,0.6722541304512689,0.5171151779993179,False,val
TURBOUSDT,2024-11-30,1733011199000,1,clean,-1.0316421980152548,0.4973737582152323,True,val
TURBOUSDT,2025-07-27,1753603199000,1,clean,-1.0172405893386094,0.5251739233385847,True,ho
TURBOUSDT,2025-09-05,1757102399000,1,clean,0.06802093690183306,0.49311720104846707,False,ho
UBUSDT,2026-06-11,1781179199000,-1,clean,0.5711383841895635,0.5280547550260786,False,ho
UBUSDT,2026-07-07,1783468799000,-1,clean,0.17194264469697887,0.5601191972565184,True,ho
UNIUSDT,2025-11-27,1764287999000,1,clean,-1.027517284703514,0.4460026427886438,False,ho
UNIUSDT,2025-12-09,1765310399000,1,clean,-1.0123302577998337,0.47908845944947454,False,ho
UNIUSDT,2025-12-26,1766779199000,-1,clean,-1.0171896146816657,0.5242061548616078,True,ho
UNIUSDT,2026-02-18,1771415999000,1,clean,-1.0243965311982883,0.5538098186808229,False,ho
UNIUSDT,2026-02-18,1771444799000,-1,clean,-1.0106835112020256,0.5343506771341624,True,ho
UNIUSDT,2026-04-15,1776297599000,1,clean,0.18946729573284227,0.48958509793899607,False,ho
UNIUSDT,2026-08-18,1787025599000,-1,clean,-1.039922284167782,0.5480827835804942,True,ho
USELESSUSDT,2025-12-09,1765295999000,1,clean,-1.0154714739686581,0.4844433354343689,False,ho
UXLINKUSDT,2025-04-28,1745841599000,1,clean,-1.0350066490400056,0.4104645596245622,False,val
VANAUSDT,2025-02-15,1739591999000,-1,clean,-1.1011218341640332,0.5545980684765841,True,val
VANRYUSDT,2026-08-04,1785830399000,1,clean,-0.9015239951616664,0.5120802599990061,False,ho
VETUSDT,2024-11-29,1732895999000,1,clean,3.965841041897011,0.5495328259306416,True,val
VETUSDT,2025-01-26,1737878399000,1,clean,-1.0330210727592788,0.5175336435854186,True,val
VETUSDT,2025-05-14,1747252799000,-1,clean,0.8446244627049628,0.476656946063826,False,val
VIRTUALUSDT,2025-04-09,1744243199000,1,clean,1.5375704290256371,0.5165997253793602,False,val
VIRTUALUSDT,2026-05-31,1780257599000,-1,clean,-1.0162337445486258,0.5081662957183293,True,ho
VIRTUALUSDT,2026-09-06,1788710399000,1,clean,-1.033913634823563,0.5290615634202498,True,ho
VTHOUSDT,2025-02-21,1740167999000,-1,clean,-1.0187807206715185,0.535527735533551,True,val
VTHOUSDT,2025-04-27,1745755199000,-1,clean,1.3784011630069397,0.5989031310860979,False,val
VVVUSDT,2026-02-20,1771603199000,1,clean,-0.9837107003169315,0.5149551191151552,True,ho
VVVUSDT,2026-03-06,1772783999000,-1,clean,-1.0793467602938223,0.5206840179626997,False,ho
VVVUSDT,2026-06-18,1781769599000,-1,clean,0.9460410318577368,0.5263437580462302,False,ho
WAXPUSDT,2024-12-16,1734364799000,-1,clean,1.9066937315964518,0.5140497719337732,False,val
WCTUSDT,2025-06-17,1750161599000,-1,clean,2.769593359082194,0.5070657985534355,True,val
WIFUSDT,2024-06-04,1717531199000,1,clean,-1.032592382299139,0.4840754613611622,True,is
WIFUSDT,2025-05-27,1748347199000,1,clean,-1.0092703782168193,0.5062858899849029,True,val
WIFUSDT,2025-07-23,1753315199000,-1,clean,1.8405921979591673,0.5393155076399809,False,ho
WIFUSDT,2025-12-22,1766447999000,-1,clean,2.388192875164909,0.5557211556166506,True,ho
WIFUSDT,2026-04-04,1775347199000,1,clean,2.1623806306656803,0.5111440577915691,False,ho
WLDUSDT,2025-10-21,1761033599000,-1,clean,-1.0816186766931957,0.5332557245876779,True,ho
WLDUSDT,2025-10-21,1761076799000,1,clean,-1.0143590405635463,0.4723000978075436,False,ho
WLDUSDT,2026-06-23,1782187199000,-1,clean,3.9959341612266326,0.5162146183747229,False,ho
WLFIUSDT,2026-02-13,1771012799000,1,clean,-0.9621693408596713,0.5202456598977117,False,ho
WLFIUSDT,2026-02-17,1771358399000,1,clean,1.9115471116864742,0.49048645388246104,False,ho
WLFIUSDT,2026-07-10,1783727999000,-1,clean,0.3793490919324012,0.44318090561668355,True,ho
WUSDT,2024-05-19,1716148799000,-1,clean,-1.0107455713302937,0.5265661138715614,True,is
XAUUSDT,2026-06-30,1782820799000,1,zz,0.7904093843435804,0.47022639998009674,False,ho
XAUUSDT,2026-08-31,1788220799000,1,clean,-1.1009798250733802,0.5323679255284807,True,ho
XEMUSDT,2024-08-17,1723910399000,-1,clean,0.5978859511737359,0.5058010543155851,False,val
XLMUSDT,2024-01-15,1705363199000,1,clean,-1.0951889328448883,0.5418797264707221,False,is
XLMUSDT,2024-01-28,1706471999000,-1,clean,1.3283668498566288,0.5208324462425995,True,is
XLMUSDT,2024-04-18,1713455999000,1,clean,-1.0254990245213176,0.4797140823612564,False,is
XLMUSDT,2024-05-01,1714607999000,1,clean,-1.0785280936349857,0.5204634992856338,False,is
XLMUSDT,2024-12-03,1733255999000,-1,clean,0.8638077688947308,0.5437962107875542,False,val
XLMUSDT,2025-01-22,1737575999000,-1,clean,0.7183590539004153,0.5197029101514474,False,val
XLMUSDT,2025-10-28,1761695999000,-1,clean,2.2200255475410553,0.5349301413456724,True,ho
XLMUSDT,2026-09-02,1788393599000,1,clean,3.9236188156010616,0.473245087972916,False,ho
XMRUSDT,2026-01-29,1769731199000,1,clean,-1.0337569195873921,0.486498242054656,False,ho
XMRUSDT,2026-03-30,1774915199000,-1,clean,-1.0110326336188662,0.5448883575887883,True,ho
XMRUSDT,2026-04-09,1775779199000,1,clean,-0.058458190308433196,0.5132090701834082,False,ho
XPLUSDT,2025-12-08,1765195199000,1,clean,-1.0169399359871145,0.49831934355719365,False,ho
XPLUSDT,2025-12-22,1766433599000,-1,clean,-1.003465942777069,0.567785267886087,True,ho
XPLUSDT,2026-09-02,1788393599000,1,clean,0.9633477913376401,0.5069297343053304,False,ho
XRPUSDT,2024-01-17,1705492799000,-1,clean,2.3775879792928403,0.5187250476762059,True,is
XRPUSDT,2025-01-19,1737287999000,-1,clean,-0.08273689920003884,0.5212463750558853,False,val
XRPUSDT,2025-02-08,1739059199000,1,clean,0.8438343809188852,0.49869489301766506,False,val
XRPUSDT,2025-05-23,1748015999000,-1,clean,3.9979335029946075,0.5252373214970636,False,val
XTZUSDT,2025-08-22,1755892799000,1,clean,-1.019274187832191,0.4979847422417698,True,ho
XTZUSDT,2025-08-22,1755907199000,1,zz,-1.0180976881898705,0.5356163395398056,True,ho
XVGUSDT,2024-03-18,1710791999000,-1,clean,-0.9845890558051602,0.5120182405160003,False,is
YFIUSDT,2024-04-06,1712390399000,1,clean,-1.0946119011349487,0.4950001633933532,False,is
YFIUSDT,2024-11-20,1732103999000,1,clean,-1.0335341151307829,0.47294596556185503,True,val
YGGUSDT,2024-02-03,1706961599000,-1,clean,-0.9693580560417786,0.5138962467742669,True,is
YGGUSDT,2025-10-05,1759708799000,-1,clean,4.006209607475325,0.5650158524951725,True,ho
ZECUSDT,2024-07-29,1722225599000,-1,clean,-1.025740117599805,0.5178765386937674,False,val
ZECUSDT,2025-01-06,1736135999000,1,clean,-1.033898532258949,0.5083174333713146,True,val
ZECUSDT,2025-04-22,1745323199000,1,clean,3.9541020184775424,0.44829008826504196,False,val
ZECUSDT,2025-04-22,1745351999000,1,clean,3.9413299835148976,0.5470001639665677,False,val
ZECUSDT,2026-07-19,1784505599000,-1,clean,1.9078436906361183,0.5607262521058972,False,ho
ZENUSDT,2025-10-18,1760774399000,1,clean,1.0343696560446622,0.5075865303257882,True,ho
ZETAUSDT,2024-11-12,1731427199000,-1,clean,0.8218507085056965,0.5583734481174638,False,val
ZKPUSDT,2026-02-01,1769932799000,1,clean,-0.8646837669550494,0.4980508567857144,False,ho
ZKUSDT,2024-11-02,1730563199000,-1,clean,-0.9987104558855519,0.5414961136689935,True,val
ZKUSDT,2026-02-18,1771430399000,-1,clean,3.211983163451761,0.48091847752674133,True,ho
ZORAUSDT,2025-11-24,1763999999000,-1,clean,-1.0228536139372884,0.4936114183528325,True,ho
ZROUSDT,2025-08-22,1755892799000,1,clean,-1.0241991074919605,0.4939346079313101,False,ho
ZROUSDT,2026-03-15,1773575999000,1,clean,1.0398404488741597,0.5175143169881293,True,ho
ZROUSDT,2026-05-06,1778111999000,1,clean,-1.0247164580172052,0.5640206534692538,False,ho
ZRXUSDT,2024-01-10,1704916799000,1,clean,-0.07962436612217505,0.4786542828504401,False,is
币安人生USDT,2025-12-09,1765267199000,-1,zz,-1.008056347431497,0.5435064009936315,True,ho
币安人生USDT,2025-12-09,1765310399000,1,clean,0.09251516633362714,0.5003389424617409,False,ho
币安人生USDT,2026-01-01,1767268799000,1,clean,3.845925580469789,0.47540381234651796,False,ho
币安人生USDT,2026-03-08,1772956799000,1,clean,-0.15855455725555323,0.5304382213328249,False,ho
