variant,universe,period,rule,cost,oof_sharpe,trades,trades_per_day,bps_per_trade,hit,ann_ret,sharpe,max_dd
breakout,core16,val,модель,6,-4.239818922049167,3520,9.67032967032967,-7.829731213731121,0.365625,-0.1378032693616677,-2.7021374321265683,-0.14225059134820542
breakout,core16,val,модель,10,-4.239818922049167,3520,9.67032967032967,-15.829731213731126,0.36477272727272725,-0.2786032693616678,-5.064775341517518,-0.2814905913482055
breakout,core16,val,все,6,-4.239818922049167,142127,390.4587912087912,-11.839574698257831,0.33347639786951105,-8.41315436555638,-38.870012158942366,-8.383592913385648
breakout,core16,val,все,10,-4.239818922049167,142127,390.4587912087912,-19.839574698257834,0.32168412757604115,-14.097994365556382,-61.34214510351689,-14.051592913385658
breakout,core16,ho,модель,6,-4.239818922049167,2871,6.296052631578948,-6.157817877655723,0.35701846046673635,-0.07060032517793871,-1.743622704254212,-0.09523864827465714
breakout,core16,ho,модель,10,-4.239818922049167,2871,6.296052631578948,-14.157817877655729,0.3563218390804598,-0.16232155056087091,-3.8185816569736977,-0.2066922951766706
breakout,core16,ho,все,6,-4.239818922049167,181503,398.0328947368421,-12.457010959579014,0.31835286469094176,-9.029097089406038,-49.68702568519076,-11.267907268565184
breakout,core16,ho,все,10,-4.239818922049167,181503,398.0328947368421,-20.457010959579023,0.2946011911648843,-14.827661203191596,-75.31417293824278,-18.51134726856519
breakout,new54,is,модель,6,-4.239818922049167,33858,37.165751920965974,13.218824701871997,0.45433870872467363,0.8956166823790215,4.450269203905403,-0.057591707907125755
breakout,new54,is,модель,10,-4.239818922049167,33858,37.165751920965974,5.218824701871995,0.4536889361450765,0.35359168237902133,1.880590005989346,-0.23443064880492093
breakout,new54,is,все,6,-4.239818922049167,1069956,1174.4851811196488,-12.34678391401275,0.32903409112150406,-26.43570356657815,-36.546467623892866,-65.95918699459106
breakout,new54,is,все,10,-4.239818922049167,1069956,1174.4851811196488,-20.346783914012757,0.3268330660326219,-43.56422505780623,-56.045213081322856,-108.7209069945912
breakout,new54,val,модель,6,-4.239818922049167,17896,49.16483516483517,-6.5820682820813,0.3661153330353151,-0.589425503290773,-3.1286572645432376,-0.6359598281790931
breakout,new54,val,модель,10,-4.239818922049167,17896,49.16483516483517,-14.582068282081305,0.3655565489494859,-1.3052255032907731,-6.439179302202612,-1.333479828179091
breakout,new54,val,все,6,-4.239818922049167,455983,1252.7005494505495,-12.471260659198663,0.33078206862975157,-28.433086701344788,-31.28291830464952,-28.36473034054895
breakout,new54,val,все,10,-4.239818922049167,455983,1252.7005494505495,-20.47126065919867,0.3303105598235022,-46.67104670134479,-49.0310860646223,-46.55413034054899
breakout,new54,ho,модель,6,-4.239818922049167,15430,33.83771929824562,-10.037074451300875,0.3458846403110823,-0.6184715695405247,-3.8388705114368005,-0.8168860173986969
breakout,new54,ho,модель,10,-4.239818922049167,15430,33.83771929824562,-18.03707445130088,0.3451069345430979,-1.1114212413129536,-6.35061008589382,-1.4131830116831563
breakout,new54,ho,все,6,-4.239818922049167,549062,1204.0833333333333,-13.25715791054389,0.323626475698555,-29.068223166169076,-42.87746009328379,-36.27168354935443
breakout,new54,ho,все,10,-4.239818922049167,549062,1204.0833333333333,-21.2571579105439,0.32194178435222254,-46.60937240030475,-64.78967247431981,-58.1830435493544
retest,core16,val,модель,6,-2.6446870474434396,1716,4.714285714285714,-6.78272456987976,0.34498834498834496,-0.058195776809568375,-1.8706959404454346,-0.07187622498798771
retest,core16,val,модель,10,-2.6446870474434396,1716,4.714285714285714,-10.78272456987976,0.34440559440559443,-0.09251577680956835,-2.88276887307328,-0.09676145185572681
retest,core16,val,все,6,-2.6446870474434396,74276,204.05494505494505,-8.94253772123088,0.31206580860574074,-3.320730773246388,-30.380916113930475,-3.310846290719888
retest,core16,val,все,10,-2.6446870474434396,74276,204.05494505494505,-12.942537721230881,0.31183693252194516,-4.806050773246388,-42.1675125155936,-4.791826290719887
retest,core16,ho,модель,6,-2.6446870474434396,1265,2.7741228070175437,-9.367187825791301,0.3193675889328063,-0.04732018379500536,-2.405529487275199,-0.06371213174804455
retest,core16,ho,модель,10,-2.6446870474434396,1265,2.7741228070175437,-13.3671878257913,0.3193675889328063,-0.06752696716480841,-3.3925850071528085,-0.08655138025064911
retest,core16,ho,все,6,-2.6446870474434396,93523,205.09429824561403,-9.639034217986413,0.2975417811661303,-3.5999678333325096,-35.92777812040545,-4.498510378439203
retest,core16,ho,все,10,-2.6446870474434396,93523,205.09429824561403,-13.639034217986412,0.2960555157554826,-5.093880087161831,-48.55597724987612,-6.364370378439197
retest,new54,is,модель,6,-2.6446870474434396,18083,19.84961580680571,5.4873367646692515,0.39108554996405465,0.1985638235261109,2.240521337607718,-0.08485676062393688
retest,new54,is,модель,10,-2.6446870474434396,18083,19.84961580680571,1.4873367646692535,0.39025604158602,0.053820512122602235,0.619531093200819,-0.18384159797373906
retest,new54,is,все,6,-2.6446870474434396,569366,624.9901207464325,-9.265929328321613,0.3134117597468061,-10.556936209411402,-34.33573400521556,-26.347059688038815
retest,new54,is,все,10,-2.6446870474434396,569366,624.9901207464325,-13.265929328321615,0.3132431511540907,-15.114313402393858,-46.69952597677539,-37.724999688038785
retest,new54,val,модель,6,-2.6446870474434396,9351,25.689560439560438,-7.038209925149175,0.3395358785156668,-0.32907150505034977,-3.033979286024855,-0.39078444816146296
retest,new54,val,модель,10,-2.6446870474434396,9351,25.689560439560438,-11.038209925149172,0.33900117634477595,-0.5160915050503496,-4.573931868010056,-0.5334294019247388
retest,new54,val,все,6,-2.6446870474434396,243497,668.9478021978022,-9.020169341946069,0.31720308669100644,-10.981704102280913,-30.03726896167971,-10.960632264542395
retest,new54,val,все,10,-2.6446870474434396,243497,668.9478021978022,-13.02016934194607,0.3170963091947745,-15.851144102280912,-41.44054187131193,-15.81765226454239
retest,new54,ho,модель,6,-2.6446870474434396,7319,16.05043859649123,-10.636287095282778,0.321218745730291,-0.3108769104637501,-4.813183218140622,-0.41056369721168173
retest,new54,ho,модель,10,-2.6446870474434396,7319,16.05043859649123,-14.636287095282777,0.3203989616067769,-0.4277887266563101,-6.398672136637737,-0.5507897056328458
retest,new54,ho,все,6,-2.6446870474434396,292858,642.2324561403509,-9.671826325268801,0.3099112880645227,-11.311292949643695,-38.70775946719716,-14.118893433650669
retest,new54,ho,все,10,-2.6446870474434396,292858,642.2324561403509,-13.671826325268805,0.3097917762191916,-15.989331024041944,-51.95293586479697,-19.962413433650656
combo,core16,val,модель,6,-4.0216082276035925,3088,8.483516483516484,-6.758029418784383,0.4647020725388601,-0.10434397422603088,-2.7924631221235834,-0.1121961802384072
combo,core16,val,модель,10,-4.0216082276035925,3088,8.483516483516484,-10.758029418784384,0.46275906735751293,-0.16610397422603088,-4.2383911824765015,-0.16831355800882725
combo,core16,val,все,6,-4.0216082276035925,106699,293.1291208791209,-8.977999729942503,0.42415580277228465,-4.788675218695932,-37.850419944371936,-4.772637335478244
combo,core16,val,все,10,-4.0216082276035925,106699,293.1291208791209,-12.977999729942505,0.3866203057198287,-6.922435218695932,-52.93386919723505,-6.900477335478238
combo,core16,ho,модель,6,-4.0216082276035925,2366,5.18859649122807,-7.236107310354293,0.4459002535925613,-0.0683701303298563,-2.445068193372549,-0.09132572208021485
combo,core16,ho,модель,10,-4.0216082276035925,2366,5.18859649122807,-11.236107310354294,0.44125105663567205,-0.10616400341519547,-3.679887376377758,-0.13706572208021484
combo,core16,ho,все,6,-4.0216082276035925,135161,296.405701754386,-9.441745704619436,0.3907858035971915,-5.096245774414165,-47.09595149830171,-6.363469265428802
combo,core16,ho,все,10,-4.0216082276035925,135161,296.405701754386,-13.441745704619441,0.34083796361376434,-7.255272689074998,-64.20779124086256,-9.06062926542881
combo,new54,is,модель,6,-4.0216082276035925,31549,34.631174533479694,10.345008393030676,0.5507940029794922,0.6531072065459406,3.6623574811129727,-0.07540944267131833
combo,new54,is,модель,10,-4.0216082276035925,31549,34.631174533479694,6.345008393030674,0.5500966750134711,0.40057683373892305,2.3635434646200295,-0.15420781529644056
combo,new54,is,все,6,-4.0216082276035925,800653,878.8726673984632,-9.27323968877217,0.43042991158466903,-14.85730607017598,-37.38888129409421,-37.07442299830466
combo,new54,is,все,10,-4.0216082276035925,800653,878.8726673984632,-13.273239688772174,0.4056576319579144,-21.265929644737387,-51.208267593515046,-53.07464299830469
combo,new54,val,модель,6,-4.0216082276035925,15042,41.324175824175825,-5.656490184540745,0.46928599920223374,-0.42565564348437845,-3.224118873408708,-0.44256520659879794
combo,new54,val,модель,10,-4.0216082276035925,15042,41.324175824175825,-9.656490184540745,0.46868767451136817,-0.7264756434843784,-5.282890876994198,-0.7389486867344506
combo,new54,val,все,6,-4.0216082276035925,342821,941.815934065934,-9.259258279570657,0.4429775305480119,-15.870095469744678,-31.611484828875533,-15.834201111475176
combo,new54,val,все,10,-4.0216082276035925,342821,941.815934065934,-13.259258279570659,0.42661913943428204,-22.72587546974468,-44.05190431229916,-22.671481111475178
combo,new54,ho,модель,6,-4.0216082276035925,13278,29.11842105263158,-8.773426484681966,0.4430637144148215,-0.46520949951002855,-4.76433593855847,-0.6137643038149737
combo,new54,ho,модель,10,-4.0216082276035925,13278,29.11842105263158,-12.773426484681968,0.44238590149118845,-0.6773088430548863,-6.659186803201672,-0.8650443038149739
combo,new54,ho,все,6,-4.0216082276035925,411122,901.5833333333334,-9.874675071245633,0.42728435841429063,-16.21213457433082,-43.78110611540147,-20.23392713878795
combo,new54,ho,все,10,-4.0216082276035925,411122,901.5833333333334,-13.874675071245639,0.3989837566464456,-22.77929124829143,-59.37971428530988,-28.437747138787994
