universe,strategy,cost,period,sharpe,ann_ret,max_dd,pos_months
new_coins,oi_liq,6.0,is,1.7571698837332979,0.0755929745146092,-0.017486530417087014,0.7333333333333333
new_coins,oi_liq,6.0,val,1.1724886761688988,0.031296455069914915,-0.016228104974940753,0.5833333333333334
new_coins,oi_liq,6.0,ho,1.189904162933507,0.07263702381577013,-0.009703379480291638,0.7333333333333333
new_coins,oi_liq,6.0,oos1,1.1110555327626463,0.05428020192740375,-0.016228104974940753,0.6666666666666666
new_coins,oi_liq,10.0,is,1.6604870888439993,0.07039308822481062,-0.017723567454124053,0.6666666666666666
new_coins,oi_liq,10.0,val,0.980352379387934,0.026200158773618625,-0.01714662349345927,0.5833333333333334
new_coins,oi_liq,10.0,ho,1.142580458275002,0.06892164979842674,-0.010058935035847191,0.6
new_coins,oi_liq,10.0,oos1,1.0328725705596145,0.049951644659673736,-0.01714662349345927,0.5925925925925926
new_coins,fe_q99,6.0,is,1.0781907605242333,0.08417061311421654,-0.057219843886597344,0.7333333333333333
new_coins,fe_q99,6.0,val,1.1530349866903415,0.11386072574718525,-0.021174130664152094,0.8333333333333334
new_coins,fe_q99,6.0,ho,1.1290690806051717,0.03974891693832045,-0.047349583157895204,0.4666666666666667
new_coins,fe_q99,6.0,oos1,1.0259463783825093,0.07265744518069962,-0.04734958315789525,0.6296296296296297
new_coins,fe_q99,10.0,is,0.8399113511162145,0.06541663325716651,-0.057667091671176535,0.6333333333333333
new_coins,fe_q99,10.0,val,0.985136097228719,0.09666072574718526,-0.025344501034522467,0.8333333333333334
new_coins,fe_q99,10.0,ho,0.7774576675724261,0.027117828519485875,-0.055882916491228535,0.4
new_coins,fe_q99,10.0,oos1,0.8245566632703106,0.05799758215465653,-0.05588291649122859,0.5925925925925926
