family,params,sharpe,ann_ret,max_dd,trades,trades_per_day
smart_div,"{""W"": 168, ""thr"": 1.5, ""H"": 4, ""sign"": 1}",0.17983015205912004,0.03672080119820998,-0.27137788875946667,6003,6.582236842105263
smart_div,"{""W"": 168, ""thr"": 1.5, ""H"": 4, ""sign"": -1}",-1.940177375326419,-0.3968881531718943,-1.0923532752765333,6003,6.582236842105263
smart_div,"{""W"": 168, ""thr"": 1.5, ""H"": 12, ""sign"": 1}",0.5382693288522707,0.1170735461670146,-0.20748183187672117,4429,4.856359649122807
smart_div,"{""W"": 168, ""thr"": 1.5, ""H"": 12, ""sign"": -1}",-1.7591628331977143,-0.382719105377541,-1.1008092670530794,4429,4.856359649122807
smart_div,"{""W"": 168, ""thr"": 1.5, ""H"": 24, ""sign"": 1}",0.5249150507444224,0.11834767123435043,-0.2294450551544354,3620,3.969298245614035
smart_div,"{""W"": 168, ""thr"": 1.5, ""H"": 24, ""sign"": -1}",-1.490496799130501,-0.3354266186027717,-0.9760744102442591,3620,3.969298245614035
smart_div,"{""W"": 168, ""thr"": 2.0, ""H"": 4, ""sign"": 1}",-0.23735353880426677,-0.04059408100839143,-0.29844307893837885,4973,5.452850877192983
smart_div,"{""W"": 168, ""thr"": 2.0, ""H"": 4, ""sign"": -1}",-1.5044356229792772,-0.2577994222810824,-0.7467316461074046,4973,5.452850877192983
smart_div,"{""W"": 168, ""thr"": 2.0, ""H"": 12, ""sign"": 1}",0.3031911835183737,0.05573199341574325,-0.19415726903695993,3714,4.072368421052632
smart_div,"{""W"": 168, ""thr"": 2.0, ""H"": 12, ""sign"": -1}",-1.5128606939737574,-0.2785440822315329,-0.7850607978492044,3714,4.072368421052632
smart_div,"{""W"": 168, ""thr"": 2.0, ""H"": 24, ""sign"": 1}",0.4724541335904275,0.09030143289551416,-0.20578265020879832,3006,3.2960526315789473
smart_div,"{""W"": 168, ""thr"": 2.0, ""H"": 24, ""sign"": -1}",-1.4136284493215454,-0.27055019934288266,-0.749619509623174,3006,3.2960526315789473
smart_div,"{""W"": 168, ""thr"": 2.5, ""H"": 4, ""sign"": 1}",-0.09806929134055892,-0.012791320054168031,-0.19083735805710744,3907,4.2839912280701755
smart_div,"{""W"": 168, ""thr"": 2.5, ""H"": 4, ""sign"": -1}",-1.6889619268172316,-0.22166715034056894,-0.5826435884138117,3907,4.2839912280701755
smart_div,"{""W"": 168, ""thr"": 2.5, ""H"": 12, ""sign"": 1}",0.45270227369963933,0.06694186262126584,-0.18798639936832182,2973,3.2598684210526314
smart_div,"{""W"": 168, ""thr"": 2.5, ""H"": 12, ""sign"": -1}",-1.6519437400026658,-0.24532960933179226,-0.6816714619279427,2973,3.2598684210526314
smart_div,"{""W"": 168, ""thr"": 2.5, ""H"": 24, ""sign"": 1}",0.7039061264450264,0.11513590350593061,-0.17071227601283173,2447,2.683114035087719
smart_div,"{""W"": 168, ""thr"": 2.5, ""H"": 24, ""sign"": -1}",-1.595273822863726,-0.261946347584878,-0.7618044317009804,2447,2.683114035087719
smart_div,"{""W"": 720, ""thr"": 1.5, ""H"": 4, ""sign"": 1}",1.2640004456655423,0.2552303614879116,-0.23918210360217518,3620,3.969298245614035
smart_div,"{""W"": 720, ""thr"": 1.5, ""H"": 4, ""sign"": -1}",-2.337509881605977,-0.472399358198438,-1.181826111138357,3620,3.969298245614035
smart_div,"{""W"": 720, ""thr"": 1.5, ""H"": 12, ""sign"": 1}",1.4522638336591673,0.3024588604957847,-0.20276364712092876,2660,2.9166666666666665
smart_div,"{""W"": 720, ""thr"": 1.5, ""H"": 12, ""sign"": -1}",-2.2167461765341554,-0.4619962782589427,-1.1667280548529824,2660,2.9166666666666665
smart_div,"{""W"": 720, ""thr"": 1.5, ""H"": 24, ""sign"": 1}",1.4849818117280211,0.3238116832391954,-0.23250625021819077,2068,2.267543859649123
smart_div,"{""W"": 720, ""thr"": 1.5, ""H"": 24, ""sign"": -1}",-2.0519727341326686,-0.4477796108707744,-1.1388555087298986,2068,2.267543859649123
smart_div,"{""W"": 720, ""thr"": 2.0, ""H"": 4, ""sign"": 1}",1.1817632330135726,0.1934065306732757,-0.19539251656252304,2874,3.151315789473684
smart_div,"{""W"": 720, ""thr"": 2.0, ""H"": 4, ""sign"": -1}",-2.2282842957923035,-0.3658210043574863,-0.9252907318808761,2874,3.151315789473684
smart_div,"{""W"": 720, ""thr"": 2.0, ""H"": 12, ""sign"": 1}",1.2782997360901356,0.2153724322263154,-0.16449116295927108,2128,2.3333333333333335
smart_div,"{""W"": 720, ""thr"": 2.0, ""H"": 12, ""sign"": -1}",-2.0341664835760973,-0.3430023664368418,-0.9030383086959761,2128,2.3333333333333335
smart_div,"{""W"": 720, ""thr"": 2.0, ""H"": 24, ""sign"": 1}",1.3431481598098964,0.23902458984453273,-0.15140110497041143,1696,1.8596491228070176
smart_div,"{""W"": 720, ""thr"": 2.0, ""H"": 24, ""sign"": -1}",-1.9121970751083945,-0.3407203135287434,-0.8977393483466037,1696,1.8596491228070176
smart_div,"{""W"": 720, ""thr"": 2.5, ""H"": 4, ""sign"": 1}",1.6250338851376542,0.20546509930014184,-0.13505552943605817,2027,2.2225877192982457
smart_div,"{""W"": 720, ""thr"": 2.5, ""H"": 4, ""sign"": -1}",-2.566537525951393,-0.32712176048435243,-0.8245049293842907,2027,2.2225877192982457
smart_div,"{""W"": 720, ""thr"": 2.5, ""H"": 12, ""sign"": 1}",1.5314057506337997,0.20885838166894505,-0.1462868869763067,1527,1.674342105263158
smart_div,"{""W"": 720, ""thr"": 2.5, ""H"": 12, ""sign"": -1}",-2.1950239660827924,-0.30049859548473457,-0.795598918915694,1527,1.674342105263158
smart_div,"{""W"": 720, ""thr"": 2.5, ""H"": 24, ""sign"": 1}",1.4250438170599449,0.21594252176645323,-0.1815778546995791,1244,1.3640350877192982
smart_div,"{""W"": 720, ""thr"": 2.5, ""H"": 24, ""sign"": -1}",-1.913109712073434,-0.2905934263717164,-0.7747223426660108,1244,1.3640350877192982
oi_build,"{""k"": 12, ""thr"": 1.5, ""H"": 8, ""sign"": 1}",-0.4177968963098415,-0.009954232930256516,-0.0583086407652773,558,0.6118421052631579
oi_build,"{""k"": 12, ""thr"": 1.5, ""H"": 8, ""sign"": -1}",-0.9812763001578066,-0.02354412233290137,-0.10915900546939017,558,0.6118421052631579
oi_build,"{""k"": 12, ""thr"": 1.5, ""H"": 24, ""sign"": 1}",-0.09063354596413717,-0.003628079742659886,-0.07829254700505107,537,0.5888157894736842
oi_build,"{""k"": 12, ""thr"": 1.5, ""H"": 24, ""sign"": -1}",-0.7153018831349264,-0.028609584731024307,-0.15322110307701972,537,0.5888157894736842
oi_build,"{""k"": 12, ""thr"": 2.0, ""H"": 8, ""sign"": 1}",-0.8853529656701361,-0.0132309891288259,-0.03651370431686447,215,0.23574561403508773
oi_build,"{""k"": 12, ""thr"": 2.0, ""H"": 8, ""sign"": -1}",0.02180368749061796,0.00032391676040484835,-0.0252248360513775,215,0.23574561403508773
oi_build,"{""k"": 12, ""thr"": 2.0, ""H"": 24, ""sign"": 1}",-0.4822007943362591,-0.012249673962629224,-0.06619468990360756,211,0.23135964912280702
oi_build,"{""k"": 12, ""thr"": 2.0, ""H"": 24, ""sign"": -1}",-0.016485002535394484,-0.0004172668268444599,-0.05857556452439007,211,0.23135964912280702
oi_build,"{""k"": 24, ""thr"": 1.5, ""H"": 8, ""sign"": 1}",-0.12400550725474929,-0.0026809040617999202,-0.029224429045848675,411,0.4506578947368421
oi_build,"{""k"": 24, ""thr"": 1.5, ""H"": 8, ""sign"": -1}",-1.022406719216065,-0.021992615675042182,-0.08031487337629295,411,0.4506578947368421
oi_build,"{""k"": 24, ""thr"": 1.5, ""H"": 24, ""sign"": 1}",0.17251326080245105,0.00545653671786582,-0.04584776444361308,374,0.4100877192982456
oi_build,"{""k"": 24, ""thr"": 1.5, ""H"": 24, ""sign"": -1}",-0.8835753496954053,-0.027878822902076345,-0.11197250153826344,374,0.4100877192982456
oi_build,"{""k"": 24, ""thr"": 2.0, ""H"": 8, ""sign"": 1}",-0.9560076842224355,-0.012825805287585756,-0.03538956521625843,172,0.18859649122807018
oi_build,"{""k"": 24, ""thr"": 2.0, ""H"": 8, ""sign"": -1}",0.18828279633142098,0.0025001473928489165,-0.015550273002506628,172,0.18859649122807018
oi_build,"{""k"": 24, ""thr"": 2.0, ""H"": 24, ""sign"": 1}",-0.5908303194781138,-0.013103219417206973,-0.052438927011506695,163,0.1787280701754386
oi_build,"{""k"": 24, ""thr"": 2.0, ""H"": 24, ""sign"": -1}",0.1501470757007346,0.0033178575751017115,-0.037869790713586746,163,0.1787280701754386
oi_build,"{""k"": 48, ""thr"": 1.5, ""H"": 8, ""sign"": 1}",-0.27612051452882874,-0.005733842301713211,-0.032375994253143525,413,0.45285087719298245
oi_build,"{""k"": 48, ""thr"": 1.5, ""H"": 8, ""sign"": -1}",-0.9221972789829613,-0.01905974322460258,-0.07232543888971477,413,0.45285087719298245
oi_build,"{""k"": 48, ""thr"": 1.5, ""H"": 24, ""sign"": 1}",-0.030260195386247482,-0.0009690460226403002,-0.04212632465220724,357,0.39144736842105265
oi_build,"{""k"": 48, ""thr"": 1.5, ""H"": 24, ""sign"": -1}",-0.6371640662184707,-0.020432680951043905,-0.06733124429591175,357,0.39144736842105265
oi_build,"{""k"": 48, ""thr"": 2.0, ""H"": 8, ""sign"": 1}",-0.1293782791441919,-0.0017436287784866043,-0.02109846210365758,179,0.1962719298245614
oi_build,"{""k"": 48, ""thr"": 2.0, ""H"": 8, ""sign"": -1}",-0.6713961511711382,-0.00900225937940813,-0.02594201525239873,179,0.1962719298245614
oi_build,"{""k"": 48, ""thr"": 2.0, ""H"": 24, ""sign"": 1}",0.23044267251861578,0.004500797101756048,-0.030020322221222372,159,0.17434210526315788
oi_build,"{""k"": 48, ""thr"": 2.0, ""H"": 24, ""sign"": -1}",-0.7215586694450683,-0.014046027364913942,-0.04133859837929797,159,0.17434210526315788
idio_rev,"{""k"": 4, ""thr"": 2.0, ""H"": 4}",-4.404286269948411,-0.4622827839290049,-1.160939044467025,13523,14.827850877192983
idio_rev,"{""k"": 4, ""thr"": 2.0, ""H"": 12}",-3.4549616578854576,-0.39437292775946753,-0.9914666135771744,14880,16.31578947368421
idio_rev,"{""k"": 4, ""thr"": 2.0, ""H"": 24}",-3.4380070018356803,-0.39610626724558284,-0.9958990593268994,14986,16.43201754385965
idio_rev,"{""k"": 4, ""thr"": 2.5, ""H"": 4}",-3.171164773872023,-0.24821281235566028,-0.6233374254151659,9383,10.288377192982455
idio_rev,"{""k"": 4, ""thr"": 2.5, ""H"": 12}",-2.193033463113993,-0.18754727748293507,-0.4763762726872571,10711,11.744517543859649
idio_rev,"{""k"": 4, ""thr"": 2.5, ""H"": 24}",-2.2032290629175195,-0.19083595528959957,-0.4846949336379156,10797,11.838815789473685
idio_rev,"{""k"": 4, ""thr"": 3.0, ""H"": 4}",-2.4006017067512917,-0.14297950187565658,-0.3634978610721184,6448,7.0701754385964914
idio_rev,"{""k"": 4, ""thr"": 3.0, ""H"": 12}",-1.691673703416403,-0.11546514098690318,-0.29496277784311825,7652,8.390350877192983
idio_rev,"{""k"": 4, ""thr"": 3.0, ""H"": 24}",-1.7570650154449632,-0.12162273503024602,-0.3093799415597183,7727,8.472587719298245
idio_rev,"{""k"": 12, ""thr"": 2.0, ""H"": 4}",-2.0750415287976574,-0.2002131435970243,-0.5268663232404512,12043,13.205043859649123
idio_rev,"{""k"": 12, ""thr"": 2.0, ""H"": 12}",-1.7882932955549595,-0.19690163656766418,-0.5276995859095164,14683,16.099780701754387
idio_rev,"{""k"": 12, ""thr"": 2.0, ""H"": 24}",-1.8586049854404838,-0.21150834872462865,-0.5579412208155028,15609,17.11513157894737
idio_rev,"{""k"": 12, ""thr"": 2.5, ""H"": 4}",-1.5036957907444106,-0.10090926614877735,-0.31078951050279413,7547,8.275219298245615
idio_rev,"{""k"": 12, ""thr"": 2.5, ""H"": 12}",-1.6537488466936996,-0.1281438511300254,-0.3668375774225121,9915,10.87171052631579
idio_rev,"{""k"": 12, ""thr"": 2.5, ""H"": 24}",-1.7479677631762913,-0.14103240790602153,-0.38559880670213165,10872,11.921052631578947
idio_rev,"{""k"": 12, ""thr"": 3.0, ""H"": 4}",-1.065936168457488,-0.05043299347237134,-0.17058238182890637,4581,5.0230263157894735
idio_rev,"{""k"": 12, ""thr"": 3.0, ""H"": 12}",-1.4571791811881982,-0.08912551076733807,-0.2870038437199286,6490,7.116228070175438
idio_rev,"{""k"": 12, ""thr"": 3.0, ""H"": 24}",-1.1795543722748008,-0.0772839458316982,-0.2617422582118227,7333,8.040570175438596
idio_rev,"{""k"": 24, ""thr"": 2.0, ""H"": 4}",-2.7173696470526356,-0.21645797591419746,-0.5568849793485425,10951,12.007675438596491
idio_rev,"{""k"": 24, ""thr"": 2.0, ""H"": 12}",-2.207777112467131,-0.20778129051168787,-0.5473277098770759,13455,14.75328947368421
idio_rev,"{""k"": 24, ""thr"": 2.0, ""H"": 24}",-1.8532874368895085,-0.1946153362823207,-0.5162548707060313,15310,16.787280701754387
idio_rev,"{""k"": 24, ""thr"": 2.5, ""H"": 4}",-1.5935583263460609,-0.09341423428766425,-0.28694658791701044,6219,6.819078947368421
idio_rev,"{""k"": 24, ""thr"": 2.5, ""H"": 12}",-1.1087173513231265,-0.0730724026770107,-0.23595704521862404,8273,9.071271929824562
idio_rev,"{""k"": 24, ""thr"": 2.5, ""H"": 24}",-1.0173739654978873,-0.0808252905114792,-0.2690552535551281,10179,11.161184210526315
idio_rev,"{""k"": 24, ""thr"": 3.0, ""H"": 4}",-0.7435595383225112,-0.03333272972776499,-0.12350408358960598,3301,3.619517543859649
idio_rev,"{""k"": 24, ""thr"": 3.0, ""H"": 12}",-0.6229532841155898,-0.03267029592872949,-0.13194086059797713,4748,5.206140350877193
idio_rev,"{""k"": 24, ""thr"": 3.0, ""H"": 24}",-0.7721920536732232,-0.04873468577515152,-0.19538237335070535,6248,6.850877192982456
crowd_xs,"{""k"": 3, ""H"": 4, ""L"": 24, ""sign"": 1}",-3.5033394375468854,-0.8755552668876383,-2.1992558386933276,5255,5.762061403508772
crowd_xs,"{""k"": 3, ""H"": 4, ""L"": 24, ""sign"": -1}",-4.2517907733289935,-1.0823975839895548,-2.7931075061681656,5255,5.762061403508772
crowd_xs,"{""k"": 3, ""H"": 4, ""L"": 72, ""sign"": 1}",-3.437859875794622,-0.8246176991223629,-2.0973005310272845,4953,5.430921052631579
crowd_xs,"{""k"": 3, ""H"": 4, ""L"": 72, ""sign"": -1}",-2.78734128995871,-0.6773252833337774,-1.8046022872382443,4953,5.430921052631579
crowd_xs,"{""k"": 3, ""H"": 8, ""L"": 24, ""sign"": 1}",-2.1641077189572795,-0.5362823631092921,-1.3644875382029262,2695,2.955043859649123
crowd_xs,"{""k"": 3, ""H"": 8, ""L"": 24, ""sign"": -1}",-3.2953470639476863,-0.8236628123293042,-2.1524258010058883,2695,2.955043859649123
crowd_xs,"{""k"": 3, ""H"": 8, ""L"": 72, ""sign"": 1}",-2.489231675159435,-0.6174047173464594,-1.6120459883280784,2667,2.924342105263158
crowd_xs,"{""k"": 3, ""H"": 8, ""L"": 72, ""sign"": -1}",-1.8453214813864065,-0.4620667738816108,-1.4019214923989327,2667,2.924342105263158
crowd_xs,"{""k"": 3, ""H"": 24, ""L"": 24, ""sign"": 1}",-0.1745748012919482,-0.04426809358719277,-0.3067442464777501,900,0.9868421052631579
crowd_xs,"{""k"": 3, ""H"": 24, ""L"": 24, ""sign"": -1}",-2.4603701297950704,-0.624898573079474,-1.6062537499366039,900,0.9868421052631579
crowd_xs,"{""k"": 3, ""H"": 24, ""L"": 72, ""sign"": 1}",-1.0219831078301298,-0.24943673622741008,-0.6769261957742136,902,0.9890350877192983
crowd_xs,"{""k"": 3, ""H"": 24, ""L"": 72, ""sign"": -1}",-1.0050197693824388,-0.2453944041234671,-0.7576192552747779,902,0.9890350877192983
crowd_xs,"{""k"": 5, ""H"": 4, ""L"": 24, ""sign"": 1}",-3.934557403282895,-0.7352788157545235,-1.8439367279966916,5295,5.805921052631579
crowd_xs,"{""k"": 5, ""H"": 4, ""L"": 24, ""sign"": -1}",-4.292584195960397,-0.8203896052981083,-2.0850160615777518,5295,5.805921052631579
crowd_xs,"{""k"": 5, ""H"": 4, ""L"": 72, ""sign"": 1}",-3.7770563607389627,-0.7049017903681186,-1.809994887431269,5137,5.6326754385964914
crowd_xs,"{""k"": 5, ""H"": 4, ""L"": 72, ""sign"": -1}",-2.5194434659937213,-0.47462452542135514,-1.2307981494453817,5137,5.6326754385964914
crowd_xs,"{""k"": 5, ""H"": 8, ""L"": 24, ""sign"": 1}",-2.4921990270744847,-0.47584998895760333,-1.2268096868708065,2684,2.942982456140351
crowd_xs,"{""k"": 5, ""H"": 8, ""L"": 24, ""sign"": -1}",-3.2230263728365314,-0.622127642621344,-1.6014770301595003,2684,2.942982456140351
crowd_xs,"{""k"": 5, ""H"": 8, ""L"": 72, ""sign"": 1}",-3.098896699279532,-0.5818321841392325,-1.5157961346159354,2665,2.9221491228070176
crowd_xs,"{""k"": 5, ""H"": 8, ""L"": 72, ""sign"": -1}",-1.448018990083921,-0.27298821059760964,-0.7601512448550118,2665,2.9221491228070176
crowd_xs,"{""k"": 5, ""H"": 24, ""L"": 24, ""sign"": 1}",-0.4610845856338367,-0.08748449282021988,-0.3524410739997517,895,0.981359649122807
crowd_xs,"{""k"": 5, ""H"": 24, ""L"": 24, ""sign"": -1}",-2.4988076851837913,-0.4752878756008329,-1.2290257042863104,895,0.981359649122807
crowd_xs,"{""k"": 5, ""H"": 24, ""L"": 72, ""sign"": 1}",-1.138475448830992,-0.21037555320736,-0.5977198877164807,895,0.981359649122807
crowd_xs,"{""k"": 5, ""H"": 24, ""L"": 72, ""sign"": -1}",-1.0517357769416829,-0.19458234152948214,-0.5493061636851341,895,0.981359649122807
