symbol,day,variant,fills,maker_volume_usd,forced_exits,fees_usd,pnl_usd,pnl_bps_of_volume,end_inventory_usd
DYDXUSDT,2026-08-15,base,216,36460.43629127901,99,17.652411971027778,-28.157565056121474,-7.7227723857096295,0.0
DYDXUSDT,2026-08-15,latency300,219,37002.95105908035,104,18.14882630220626,-28.77358778264795,-7.7760251436991945,0.0
DYDXUSDT,2026-08-15,hold600,208,34755.16168967637,39,11.044616693473229,-14.127960925039288,-4.064996460435354,0.0
DYDXUSDT,2026-08-15,q1000,235,178441.2880692048,100,87.7405855591945,-139.01420962098095,-7.790473333002794,0.0
DYDXUSDT,2026-08-15,spread8,6,851.7925413993004,5,0.6391219496269366,-1.034710245024737,-12.147444298173177,0.0
DYDXUSDT,2026-09-01,base,1242,228721.44596558576,231,70.99776474997871,-193.66110183312912,-8.46711601597115,0.0
DYDXUSDT,2026-09-01,latency300,1218,225073.3411715411,235,70.71326426778091,-190.3148093510247,-8.455679751338256,0.0
DYDXUSDT,2026-09-01,hold600,1173,216134.2426229573,18,45.23741176750236,-151.07223013220747,-6.989740649090507,0.0
DYDXUSDT,2026-09-01,q1000,1247,1130539.3495585837,233,352.525943631018,-968.172821154838,-8.563813559721373,0.0
DYDXUSDT,2026-09-01,spread8,129,22725.585652747468,73,12.399201852251462,-24.98827456542399,-10.995657030472598,0.0
DYDXUSDT,2026-09-08,base,1305,232154.0675394568,230,70.86596212985307,-162.47991617434528,-6.998796872112967,0.0
DYDXUSDT,2026-09-08,latency300,1274,226065.2907466428,221,68.8278279923087,-163.4238804501812,-7.2290566990814416,0.0
DYDXUSDT,2026-09-08,hold600,1226,217234.4435541123,10,44.543712471327986,-123.5649788773485,-5.6880933269943865,0.0
DYDXUSDT,2026-09-08,q1000,1321,1153437.3825541942,230,353.22833960199944,-807.9930094160976,-7.005087763211404,0.0
DYDXUSDT,2026-09-08,spread8,42,7313.374998480692,28,4.298481501031967,-7.043012106607842,-9.630317203850456,0.0
DYDXUSDT,2026-09-17,base,1652,279418.0621898812,219,79.56929021256461,-165.0385336567781,-5.9065091341383855,216.31422785287054
DYDXUSDT,2026-09-17,latency300,1576,264861.20462873956,220,76.71412220976103,-163.27195128054709,-6.164434368914396,216.31422785287054
DYDXUSDT,2026-09-17,hold600,1538,260248.52093310564,17,53.88918553470536,-130.93239694124173,-5.03105249058828,0.0
DYDXUSDT,2026-09-17,q1000,1703,1385682.6196413527,221,395.91092715573166,-822.374501324242,-5.9347969705869,1081.5711392643527
DYDXUSDT,2026-09-17,spread8,541,88611.3438031256,160,34.55418246094286,-57.7345494203932,-6.51548063063645,0.0
DYDXUSDT,2026-09-20,base,1247,217632.8761945457,249,68.70865786243243,-186.6413237484892,-8.575971011918593,0.0
DYDXUSDT,2026-09-20,latency300,1190,207554.22675336886,252,66.94330621962735,-181.74927566431495,-8.756712812227272,0.0
DYDXUSDT,2026-09-20,hold600,1185,207682.14413886558,8,42.34712403511562,-141.38190533320753,-6.8076100581219565,195.76954980770682
DYDXUSDT,2026-09-20,q1000,1267,1075918.8870737224,247,341.60256684472,-938.6638014636806,-8.72429894800576,0.0
DYDXUSDT,2026-09-20,spread8,194,33945.52994290384,88,15.97418459543582,-33.28989302496617,-9.806856184292764,0.0
DYDXUSDT,2026-09-23,base,2372,392161.8583782373,183,96.91543023451818,-270.33475851743674,-6.893448527487872,181.06496196564407
DYDXUSDT,2026-09-23,latency300,2172,358905.0573136508,183,90.48286299694301,-261.7676614991035,-7.293507187064853,181.06496196564407
DYDXUSDT,2026-09-23,hold600,2317,382285.00919632916,3,76.71241703525472,-240.4127345721639,-6.2888349997709625,0.0
DYDXUSDT,2026-09-23,q1000,2433,1942172.0028796566,185,481.32399231259814,-1338.4177747343012,-6.891345219423565,905.3248098282205
DYDXUSDT,2026-09-23,spread8,966,159554.93308709445,187,50.53961924211699,-109.17818668520799,-6.842670707374,0.0
DYDXUSDT,2026-09-26,base,2104,383155.46737021673,220,99.69127503068776,-253.70426591978236,-6.62144449252098,0.0
DYDXUSDT,2026-09-26,latency300,1872,339980.65187065024,238,93.30610807645776,-255.90768093597785,-7.527124838661143,210.26247689463958
DYDXUSDT,2026-09-26,hold600,2025,370659.4439720079,14,75.61773658479936,-215.33906272158364,-5.809620292255281,0.0
DYDXUSDT,2026-09-26,q1000,2139,1893743.6349154508,225,495.7212593386212,-1272.138051580765,-6.717583246887384,0.0
DYDXUSDT,2026-09-26,spread8,735,134436.5596882421,146,42.82492619347975,-88.02337128405281,-6.547576900820633,210.26247689463958
DYDXUSDT,2026-09-29,base,2017,362159.9627643716,184,92.01647405950725,-258.2976357226612,-7.132142210062981,0.0
DYDXUSDT,2026-09-29,latency300,1934,347578.3946281551,189,89.59127867212382,-257.7003145610127,-7.414163784164566,0.0
DYDXUSDT,2026-09-29,hold600,1952,350421.5154726973,2,70.3088340614466,-230.13280994663762,-6.5673139286611,205.3170641523387
DYDXUSDT,2026-09-29,q1000,2047,1804679.2390965873,186,460.3458789888923,-1294.2061540138516,-7.171391602320001,0.0
DYDXUSDT,2026-09-29,spread8,696,121044.72281866813,219,47.20837614601987,-88.61844342980581,-7.3211323357368725,0.0
DYDXUSDT,2026-10-01,base,2628,460532.87739126896,174,110.49858591696037,-329.04046849890483,-7.144776945411258,-212.24745279410232
DYDXUSDT,2026-10-01,latency300,2370,422353.42396310566,184,103.9093546631717,-313.00056388527366,-7.410868389517675,-212.24745279410232
DYDXUSDT,2026-10-01,hold600,2570,450585.029342194,0,90.11700586843902,-294.2291615186453,-6.529936468332924,-212.24745279410232
DYDXUSDT,2026-10-01,q1000,2669,2275628.3232752746,179,549.4334636933154,-1644.4265370523888,-7.2262527242831665,-1061.2372639705115
DYDXUSDT,2026-10-01,spread8,1023,179046.93308218772,185,55.211807352548306,-126.08929128671986,-7.042248036096838,0.0
AKEUSDT,2026-08-15,base,14159,2055181.8625263257,70,418.09053383826864,-1281.3520481239846,-6.234738012668556,0.0
AKEUSDT,2026-08-15,latency300,5822,871446.5286571424,120,186.70852302071498,-621.9453418177086,-7.136930624717695,0.0
AKEUSDT,2026-08-15,hold600,14123,2050525.072879709,2,410.31985574135126,-1269.4660903278198,-6.190931811162941,0.0
AKEUSDT,2026-08-15,q1000,14494,10179421.730651155,72,2072.7011371782014,-6405.095692065399,-6.292199951573948,0.0
AKEUSDT,2026-08-15,spread8,263,39561.65996090228,78,16.025439106165408,-68.99990827909772,-17.44110544079507,0.0
AKEUSDT,2026-09-01,base,7855,1379826.3742413884,79,284.4951739860331,-757.7341040853348,-5.49151776071774,0.0
AKEUSDT,2026-09-01,latency300,6489,1152688.01307268,88,240.2497015924085,-660.0129393460634,-5.725859311980612,0.0
AKEUSDT,2026-09-01,hold600,7799,1369381.7169193935,0,273.8763433838784,-749.3606313071492,-5.472255267091894,0.0
AKEUSDT,2026-09-01,q1000,7965,6840426.170225798,79,1413.2718259288047,-3803.6471679568003,-5.560541219658021,0.0
AKEUSDT,2026-09-01,spread8,1121,183004.84878195866,145,52.694363426370245,-156.03219285337272,-8.526123427433197,0.0
AKEUSDT,2026-09-08,base,25125,4626955.252064676,11,926.5088413195679,-2839.5802110421328,-6.137038411545116,-197.73314290923452
AKEUSDT,2026-09-08,latency300,16064,3020259.0367567847,20,606.2778826617522,-2092.91347677583,-6.929582699049692,-197.73314290923452
AKEUSDT,2026-09-08,hold600,25126,4626999.489655451,0,925.3998979310967,-2838.1705615732594,-6.133933163205522,-197.73314290923452
AKEUSDT,2026-09-08,q1000,25536,22936333.412360843,11,4593.147890244757,-14220.69926313061,-6.200075228879779,-988.6657145461726
AKEUSDT,2026-09-08,spread8,6661,1176140.6724301,118,248.4290812115501,-1001.8134251934396,-8.51780274823358,0.0
AKEUSDT,2026-09-17,base,18029,3311412.818990492,46,667.3455873872567,-2140.480723326871,-6.463950103265628,0.0
AKEUSDT,2026-09-17,latency300,12854,2348111.299262667,52,475.3605195461976,-1607.1402699942178,-6.844395623405404,0.0
AKEUSDT,2026-09-17,hold600,18010,3307905.214585116,4,661.9928952164455,-2130.178040828331,-6.439658643893466,208.75905241193078
AKEUSDT,2026-09-17,q1000,18181,16481739.230787639,46,3322.058406532418,-10730.629547001348,-6.510617233256971,0.0
AKEUSDT,2026-09-17,spread8,5621,1022865.4501742382,63,211.40060990914552,-852.367333979357,-8.33313251351057,0.0
AKEUSDT,2026-09-20,base,77902,14802779.889681866,29,2963.7468060022065,-11650.784161486255,-7.87067310891201,11.8583
AKEUSDT,2026-09-20,latency300,27295,5066923.807573652,24,1015.9505792206525,-6930.080090479159,-13.677095519219378,0.0
AKEUSDT,2026-09-20,hold600,77897,14802101.895360652,8,2961.3163633819204,-11648.124710641796,-7.86923694552637,11.8583
AKEUSDT,2026-09-20,q1000,78954,73760715.48327912,29,14768.09723698504,-58309.24939761191,-7.905190319205903,11.8583
AKEUSDT,2026-09-20,spread8,26540,5443979.489134122,75,1096.784746751769,-5850.318878556818,-10.746401396687345,0.0
AKEUSDT,2026-09-23,base,6978,1191486.4884506497,106,248.8589835778769,-762.2478541144218,-6.397452774354255,0.0
AKEUSDT,2026-09-23,latency300,2164,371772.50342327816,105,84.7869146525254,-250.43741356197637,-6.736308125424842,0.0
AKEUSDT,2026-09-23,hold600,6939,1184218.4671851138,15,238.35946618703065,-758.7967029587295,-6.407573635989554,0.0
AKEUSDT,2026-09-23,q1000,7080,5940932.456657801,106,1241.1248802702894,-3781.656100846546,-6.365425172623488,0.0
AKEUSDT,2026-09-23,spread8,140,24507.697522997627,39,8.836602417110434,-21.79733453142216,-8.894076855227993,0.0
AKEUSDT,2026-09-26,base,960,184078.8899402672,88,46.400046795173004,-147.5102813899489,-8.01342736463781,204.96435495443234
AKEUSDT,2026-09-26,latency300,341,65448.538468510276,62,19.91296461671334,-62.20416514642784,-9.504286360245702,-204.96435495443234
AKEUSDT,2026-09-26,hold600,933,178375.01712817387,29,38.84878992524933,-135.78012500699572,-7.612059535749281,204.96435495443234
AKEUSDT,2026-09-26,q1000,977,919472.2583985615,89,232.63236744754417,-734.9657388231193,-7.993343269575138,1024.8217747721615
AKEUSDT,2026-09-26,spread8,43,8408.722038698153,13,3.0810658412948237,-15.460148824792704,-18.385848353225217,0.0
AKEUSDT,2026-09-29,base,3262,582991.9499172688,144,131.74128259400874,-286.022033311951,-4.906106050907561,0.0
AKEUSDT,2026-09-29,latency300,2624,470738.1763206399,144,108.9626363696604,-254.95280405601324,-5.416021408094889,0.0
AKEUSDT,2026-09-29,hold600,3238,577589.8543488459,13,116.751179346848,-271.6715359207024,-4.703537187767523,0.0
AKEUSDT,2026-09-29,q1000,3294,2901556.9053620175,144,656.5704169645584,-1432.9669351441112,-4.938613929976758,0.0
AKEUSDT,2026-09-29,spread8,59,11022.259613434886,11,3.3864849480334622,-8.57723984877007,-7.781743625703922,0.0
AKEUSDT,2026-10-01,base,1593,292893.4560157056,153,74.46331364502294,-115.13990378015933,-3.9311190269128193,0.0
AKEUSDT,2026-10-01,latency300,1343,242774.2288679797,141,63.497574092351506,-100.49212234439656,-4.139324128964448,0.0
AKEUSDT,2026-10-01,hold600,1542,283464.12597822025,13,58.10264716767052,-98.57042774385562,-3.4773510546949846,21.8568
AKEUSDT,2026-10-01,q1000,1606,1452362.1813633272,155,370.90133771446,-579.5800929882789,-3.9906030356989137,0.0
AKEUSDT,2026-10-01,spread8,10,1799.5111720831953,5,0.9079161738965892,-2.768615986249736,-15.385378147136821,0.0
