params,is_sharpe_6,is_ret_6,is_sharpe_10,is_ret_10,oos1_sharpe_6,oos1_ret_6,oos1_dd_6,oos1_trades,oos1_avg_gross,oos1_bps_per_trade,oos1_sharpe_10,oos1_ret_10
"{""q"": 0.9, ""hold"": 8, ""win_days"": 30}",0.7435000131068681,0.17375791486058212,0.4155520962382064,0.09702586990444176,-0.323811649678343,-0.0486742739684726,-0.2977906552135394,4036,0.16423357664233576,-4.345575106462057,-0.919412217342874,-0.13824802700983518
"{""q"": 0.9, ""hold"": 8, ""win_days"": 90}",0.6459381578637534,0.14454764113841778,0.3679667317366243,0.08227351833140018,-0.6944043718188617,-0.12182592948599379,-0.3899684715580056,3335,0.15855636658556366,-13.162634775213407,-1.1156595311039643,-0.19586942097017873
"{""q"": 0.9, ""hold"": 24, ""win_days"": 30}",0.6486020510282644,0.19771950189410398,0.4677638452276539,0.14255927711340216,0.011230241486777787,0.002358021654620502,-0.39457756210747447,3085,0.3036800486618005,0.27541751561083894,-0.31467944921977886,-0.06607947834537943
"{""q"": 0.9, ""hold"": 24, ""win_days"": 90}",0.699904233752993,0.2088170109986263,0.5530103961536912,0.16497298687581918,-0.2023805925643588,-0.04795081157346158,-0.4441043316662369,2492,0.27344383617193835,-6.933409637570819,-0.4359945103246643,-0.10328916315497015
"{""q"": 0.9, ""hold"": 72, ""win_days"": 30}",0.35163534276857844,0.12906169716200602,0.25138260410382035,0.09225152720586557,0.1890322727437537,0.054284166245436964,-0.4789627454707972,2128,0.5189831711273317,9.191798260119306,0.025050399492673625,0.00719383777828368
"{""q"": 0.9, ""hold"": 72, ""win_days"": 90}",0.567949365401239,0.19636796721740662,0.48393169315469947,0.16730204068231877,-0.46557822931493775,-0.15239437203275477,-0.6002387069526476,1643,0.45270681265206814,-33.4218357827694,-0.5767146918626461,-0.18878336230039464
"{""q"": 0.95, ""hold"": 8, ""win_days"": 30}",0.6865001083020488,0.124162000160171,0.4074611971852156,0.07365432472157446,0.2171876766261749,0.023266254902456342,-0.13529619940599086,2250,0.08122972424979724,3.7260004198125505,-0.24932531871327235,-0.026665922713115475
"{""q"": 0.95, ""hold"": 8, ""win_days"": 90}",0.5523879774695428,0.09541530546139775,0.3168179432860883,0.05467298089999417,-0.3718819739919793,-0.04659547566551178,-0.2776629001150729,1918,0.08209144363341443,-8.753748853011997,-0.7107343440373649,-0.08917880899884509
"{""q"": 0.95, ""hold"": 24, ""win_days"": 30}",0.7133291377060343,0.18286586519681336,0.5622483864711526,0.14413464260909403,-0.12045758739640844,-0.019621726748513618,-0.318428888917917,1828,0.16633718572587186,-3.867764008819454,-0.369283601950472,-0.06016248100642121
"{""q"": 0.95, ""hold"": 24, ""win_days"": 90}",0.6242850807277548,0.15074754394581374,0.49900466915985686,0.12049096499844535,-0.2764786116051154,-0.04808363646432538,-0.3614662194978301,1498,0.15196674776966748,-11.56603300800717,-0.467438898213457,-0.08133105130617461
"{""q"": 0.95, ""hold"": 72, ""win_days"": 30}",0.2281749676941955,0.0723684883377031,0.14144637907799806,0.04485341158331709,0.36867785805477776,0.08686357481361225,-0.32648694702349984,1376,0.3340176399026764,22.7466895497895,0.23935090694329994,0.05639140328076546
"{""q"": 0.95, ""hold"": 72, ""win_days"": 90}",0.24946294954149054,0.07487172363807776,0.1785284151843511,0.053590062453867236,-0.03865657740516584,-0.009642791585150811,-0.45975574434726135,1087,0.2830748175182482,-3.1964813279707474,-0.13505584216823593,-0.03369860058758386
"{""q"": 0.99, ""hold"": 8, ""win_days"": 30}",0.8750050408755886,0.08821141548704567,0.6658321716925301,0.06691974882037899,1.396803950111176,0.07846312874803996,-0.03843662527548573,727,0.021897810218978103,38.88930185201791,1.119287915058965,0.062322313662881774
"{""q"": 0.99, ""hold"": 8, ""win_days"": 90}",0.5998496836929184,0.06728707645213051,0.4638176094096284,0.05193866636441121,0.8690602827461723,0.057558793343474975,-0.0461398827034307,606,0.02103609083536091,34.22456937715913,0.6699124006158115,0.044104413781431165
"{""q"": 0.99, ""hold"": 24, ""win_days"": 30}",0.5603796993562069,0.09514420727914293,0.45328253171721045,0.076974251138792,0.4686015639767416,0.043368932825269796,-0.12694107530801202,652,0.05304643146796432,23.967905055800845,0.3124473900667594,0.028893263725513107
"{""q"": 0.99, ""hold"": 24, ""win_days"": 90}",0.6771782893581936,0.10548204839905705,0.595402529853707,0.09271505278502198,0.060272089031860106,0.006339514692583321,-0.16118185226007706,510,0.04491078669910787,4.479038261448079,-0.04740856170803805,-0.004983478008146625
"{""q"": 0.99, ""hold"": 72, ""win_days"": 30}",-0.0213266558394482,-0.004792839189831259,-0.08466906419651415,-0.019030640724918963,0.6221505573809243,0.09550207180189847,-0.18347740155109374,564,0.1314882400648824,61.01443934414501,0.5409301941807872,0.08300237593815152
"{""q"": 0.99, ""hold"": 72, ""win_days"": 90}",0.10651845350564576,0.021324849026386036,0.0583886820234964,0.011689569421122878,0.3326270362899638,0.05149135583454613,-0.2304065891192983,413,0.09950324412003245,44.92449579992376,0.27366044182509913,0.04233305291483811
