universe,period,rule,cost,trades,trades_per_day,bps_per_trade,hit,ann_ret,sharpe,max_dd
core16,is,модель,6 б.п.,4330,4.753018660812294,72.44355381122625,0.733256351039261,0.6277051240183802,8.306415920176494,-0.004002316531984684
core16,is,модель,10 б.п.,4330,4.753018660812294,64.44355381122625,0.7314087759815242,0.5583871415622398,7.934656718183363,-0.004836132539879356
core16,is,все пробои,6 б.п.,217314,238.54445664105378,-12.012221823142891,0.32837737099312514,-5.223667325990406,-35.70344314692977,-13.034310525926218
core16,is,все пробои,10 б.п.,217314,238.54445664105378,-20.012221823142895,0.31046780235051585,-8.702581580376373,-56.991688935907725,-21.719270525926216
core16,val,модель,6 б.п.,1381,3.793956043956044,-5.544579708808876,0.36929761042722664,-0.03828532288932527,-1.3967623071251276,-0.047339372682046736
core16,val,модель,10 б.п.,1381,3.793956043956044,-13.544579708808884,0.36712527154236063,-0.0935253228893253,-3.3348238037997064,-0.09798218982139771
core16,val,все пробои,6 б.п.,87110,239.3131868131868,-11.575914470057873,0.3367007232235105,-5.041913328303417,-31.448310566838412,-5.023486484533015
core16,val,все пробои,10 б.п.,87110,239.3131868131868,-19.57591447005788,0.3239122947996786,-8.52619332830342,-51.62986695249757,-8.497886484533018
core16,ho,модель,6 б.п.,997,2.18640350877193,-6.563434127106531,0.35807422266800404,-0.026132018556068958,-1.182939106568623,-0.05295338983223631
core16,ho,модель,10 б.п.,997,2.18640350877193,-14.56343412710654,0.35606820461384153,-0.05798365969392454,-2.608585628522807,-0.08058240260906044
core16,ho,все пробои,6 б.п.,110113,241.47587719298247,-12.242225683737145,0.32119731548500174,-5.383263586437333,-42.52134371126099,-6.7155642123672825
core16,ho,все пробои,10 б.п.,110113,241.47587719298247,-20.242225683737153,0.2969767420740512,-8.901096846831207,-67.12409133735831,-11.109724212367283
new54,is,модель,6 б.п.,17665,19.390779363336993,12.58496029586725,0.4488536654401359,0.4448704118622296,3.2965801290972414,-0.10443350382673544
new54,is,модель,10 б.п.,17665,19.390779363336993,4.584960295867246,0.44806113784319274,0.16207545572187862,1.273204230239803,-0.25509768913154507
new54,is,все пробои,6 б.п.,655027,719.0197585071351,-12.49647189536444,0.3275651232697278,-16.38005009431608,-33.296914515381694,-40.87400836688468
new54,is,все пробои,10 б.п.,655027,719.0197585071351,-20.49647189536445,0.3252949878401959,-26.866163910105556,-50.97419353759741,-67.05552836688459
new54,val,модель,6 б.п.,7724,21.21978021978022,-6.872232402704163,0.35875194199896426,-0.26540561539243473,-2.470551165023892,-0.28782618636882445
new54,val,модель,10 б.п.,7724,21.21978021978022,-14.87223240270417,0.358234075608493,-0.5743656153924348,-5.1229540151019375,-0.5921861863688243
new54,val,все пробои,6 б.п.,280483,770.5576923076923,-12.2433409114745,0.3325834364293023,-17.167900399528577,-26.377432485110276,-17.137069839085854
new54,val,все пробои,10 б.п.,280483,770.5576923076923,-20.243340911474508,0.33213064606411086,-28.386580399528583,-42.625893796612786,-28.325789839085854
new54,ho,модель,6 б.п.,6163,13.515350877192983,-13.477648314129047,0.3297095570339121,-0.33170571656883713,-3.8619172912481945,-0.41907346449397775
new54,ho,модель,10 б.п.,6163,13.515350877192983,-21.477648314129052,0.3290605224728217,-0.5285980579255113,-5.8738215607120985,-0.6652190305960946
new54,ho,все пробои,6 б.п.,335353,735.4232456140351,-13.310495133078804,0.32435374068518846,-17.825449305045794,-38.521181478713935,-22.253188480717284
new54,ho,все пробои,10 б.п.,335353,735.4232456140351,-21.310495133078813,0.3224691593634171,-28.539069873973588,-59.458203765720405,-35.635788480717295
