family,tf,params,sharpe,ann_ret,ann_vol,max_dd,pos_days,trades,trades_per_day,sym_pos_frac
donchian,1h,"{""n"": 20, ""exit_frac"": 0.25, ""long_only"": false}",-1.7208012786525881,-0.6730215313589173,0.3911093859053282,-1.9990612616020424,0.3442982456140351,11673,12.799342105263158,0.0
donchian,1h,"{""n"": 20, ""exit_frac"": 0.25, ""long_only"": true}",-1.1847160865853372,-0.28007902848095295,0.2364102519180053,-0.750236069745044,0.3366228070175439,5861,6.426535087719298,0.0625
donchian,1h,"{""n"": 20, ""exit_frac"": 0.5, ""long_only"": false}",-1.4533109761645762,-0.668086677954422,0.4596997400498311,-1.8184807091286452,0.3684210526315789,9662,10.594298245614034,0.0
donchian,1h,"{""n"": 20, ""exit_frac"": 0.5, ""long_only"": true}",-0.9344039538633352,-0.27782180871116774,0.2973251638785356,-0.7280468510595798,0.38706140350877194,4838,5.3048245614035086,0.125
donchian,1h,"{""n"": 20, ""exit_frac"": 1.0, ""long_only"": false}",-1.4684083176813558,-0.7499169220007884,0.5107005408311234,-2.0882469102451533,0.4024122807017544,7529,8.255482456140351,0.0
donchian,1h,"{""n"": 20, ""exit_frac"": 1.0, ""long_only"": true}",-0.8249832023674304,-0.3084647161268871,0.37390423858533706,-0.9606997354037528,0.40789473684210525,3770,4.133771929824562,0.0625
donchian,1h,"{""n"": 50, ""exit_frac"": 0.25, ""long_only"": false}",-0.9165869732454517,-0.3619571654370245,0.3948966939333715,-1.0922270551572528,0.38596491228070173,5346,5.8618421052631575,0.125
donchian,1h,"{""n"": 50, ""exit_frac"": 0.25, ""long_only"": true}",-0.4420796762589609,-0.10045753805233104,0.2272385351492276,-0.38445027308516067,0.35635964912280704,2673,2.9309210526315788,0.3125
donchian,1h,"{""n"": 50, ""exit_frac"": 0.5, ""long_only"": false}",-0.7626700172553157,-0.3663763112274763,0.48038640950641454,-1.1836573141247384,0.4166666666666667,4195,4.599780701754386,0.125
donchian,1h,"{""n"": 50, ""exit_frac"": 0.5, ""long_only"": true}",-0.40087371301620306,-0.12176739052619691,0.30375498959512753,-0.6675762101612447,0.4067982456140351,2086,2.287280701754386,0.25
donchian,1h,"{""n"": 50, ""exit_frac"": 1.0, ""long_only"": false}",-0.16049395820756035,-0.0825132169919111,0.5141203937733287,-0.7585781197988054,0.44956140350877194,3162,3.4671052631578947,0.5625
donchian,1h,"{""n"": 50, ""exit_frac"": 1.0, ""long_only"": true}",0.07753533201459258,0.02884896073089423,0.37207502671768655,-0.44054493209270545,0.4342105263157895,1580,1.7324561403508771,0.6875
donchian,1h,"{""n"": 100, ""exit_frac"": 0.25, ""long_only"": false}",-0.7331036088979578,-0.3142859868826634,0.42870609702101403,-1.0184225203088197,0.41118421052631576,2880,3.1578947368421053,0.25
donchian,1h,"{""n"": 100, ""exit_frac"": 0.25, ""long_only"": true}",-0.3188344094688087,-0.07729515009293429,0.24243038956087334,-0.6308631634877555,0.3607456140350877,1448,1.587719298245614,0.375
donchian,1h,"{""n"": 100, ""exit_frac"": 0.5, ""long_only"": false}",-0.08137997990500408,-0.03946855838923022,0.48499100682136304,-0.5502677022194988,0.4583333333333333,2244,2.460526315789474,0.5
donchian,1h,"{""n"": 100, ""exit_frac"": 0.5, ""long_only"": true}",0.15597630497720588,0.04819554522134872,0.30899273596968424,-0.4486580748632998,0.4199561403508772,1123,1.231359649122807,0.625
donchian,1h,"{""n"": 100, ""exit_frac"": 1.0, ""long_only"": false}",-0.11999774365907452,-0.06246762418713246,0.5205733231502183,-0.7517597044579893,0.47039473684210525,1727,1.893640350877193,0.5
donchian,1h,"{""n"": 100, ""exit_frac"": 1.0, ""long_only"": true}",0.1156318466766026,0.04354109539809508,0.37654933869447016,-0.701351509855609,0.44956140350877194,861,0.944078947368421,0.4375
donchian,1h,"{""n"": 200, ""exit_frac"": 0.25, ""long_only"": false}",0.27032337356813363,0.11208060703811616,0.4146167812228298,-0.4164885734155533,0.4407894736842105,1426,1.5635964912280702,0.5
donchian,1h,"{""n"": 200, ""exit_frac"": 0.25, ""long_only"": true}",0.39596240919669823,0.09478033747643451,0.23936700877418757,-0.25804899929091246,0.36622807017543857,739,0.8103070175438597,0.5625
donchian,1h,"{""n"": 200, ""exit_frac"": 0.5, ""long_only"": false}",0.07597317601335006,0.035692728196821344,0.4698069775383537,-0.626228284820995,0.45723684210526316,1161,1.2730263157894737,0.4375
donchian,1h,"{""n"": 200, ""exit_frac"": 0.5, ""long_only"": true}",0.320646128803685,0.09492262278270251,0.2960354554625505,-0.42928075966731244,0.4144736842105263,584,0.6403508771929824,0.625
donchian,1h,"{""n"": 200, ""exit_frac"": 1.0, ""long_only"": false}",0.1864744169694728,0.09454824292282403,0.5070306396952149,-0.7659930448864279,0.48026315789473684,839,0.9199561403508771,0.4375
donchian,1h,"{""n"": 200, ""exit_frac"": 1.0, ""long_only"": true}",0.35981279894279866,0.13534492427542727,0.3761537240284323,-0.47054204435631747,0.45285087719298245,418,0.4583333333333333,0.625
donchian,4h,"{""n"": 20, ""exit_frac"": 0.25, ""long_only"": false}",-0.4630283317489493,-0.20206782637611906,0.43640488609599554,-0.7439913626459534,0.4243421052631579,2887,3.1655701754385963,0.3125
donchian,4h,"{""n"": 20, ""exit_frac"": 0.25, ""long_only"": true}",-0.1948851170690414,-0.047081655478436395,0.24158671624861383,-0.5499134473903026,0.35526315789473684,1454,1.594298245614035,0.375
donchian,4h,"{""n"": 20, ""exit_frac"": 0.5, ""long_only"": false}",0.13931969895490037,0.06753365687733887,0.4847387511165984,-0.4718940831940633,0.44956140350877194,2293,2.5142543859649122,0.625
donchian,4h,"{""n"": 20, ""exit_frac"": 0.5, ""long_only"": true}",0.3420637005667591,0.10323386040509498,0.3017971805662182,-0.39696918154944627,0.41776315789473684,1150,1.2609649122807018,0.625
donchian,4h,"{""n"": 20, ""exit_frac"": 1.0, ""long_only"": false}",0.264239653402676,0.13641757880071234,0.5162645993666399,-0.6138358097124723,0.47478070175438597,1760,1.9298245614035088,0.625
donchian,4h,"{""n"": 20, ""exit_frac"": 1.0, ""long_only"": true}",0.35197783080540446,0.1306063262034931,0.3710640693041276,-0.5868719871637457,0.4517543859649123,879,0.9638157894736842,0.625
donchian,4h,"{""n"": 50, ""exit_frac"": 0.25, ""long_only"": false}",0.2720449294744337,0.1141526760711036,0.41960964422912156,-0.4626490921342176,0.4473684210526316,1258,1.3793859649122806,0.5625
donchian,4h,"{""n"": 50, ""exit_frac"": 0.25, ""long_only"": true}",0.4097786930855162,0.09929109533390607,0.24230419250516066,-0.23196141004469456,0.3717105263157895,645,0.7072368421052632,0.625
donchian,4h,"{""n"": 50, ""exit_frac"": 0.5, ""long_only"": false}",-0.001848300242683086,-0.0008721826295698288,0.4718836309320202,-0.702439568349857,0.45394736842105265,1042,1.1425438596491229,0.5
donchian,4h,"{""n"": 50, ""exit_frac"": 0.5, ""long_only"": true}",0.2690858247002192,0.0808424809650591,0.30043381532685115,-0.41169570673000777,0.41776315789473684,515,0.5646929824561403,0.5625
donchian,4h,"{""n"": 50, ""exit_frac"": 1.0, ""long_only"": false}",0.2709196127598251,0.1377912921276007,0.5086058212025979,-0.7447031537475268,0.4605263157894737,747,0.819078947368421,0.5
donchian,4h,"{""n"": 50, ""exit_frac"": 1.0, ""long_only"": true}",0.3807515279147618,0.1438573152452163,0.37782465649729813,-0.5104573175354816,0.46271929824561403,372,0.40789473684210525,0.6875
donchian,4h,"{""n"": 100, ""exit_frac"": 0.25, ""long_only"": false}",0.22616466809584443,0.09137002225705004,0.4039977730665212,-0.45081663394079813,0.45285087719298245,675,0.7401315789473685,0.5
donchian,4h,"{""n"": 100, ""exit_frac"": 0.25, ""long_only"": true}",0.5891127836317507,0.14510962038001715,0.24631891279874843,-0.25640133354707834,0.3366228070175439,331,0.36293859649122806,0.6875
donchian,4h,"{""n"": 100, ""exit_frac"": 0.5, ""long_only"": false}",0.43403621826199923,0.20466234190862131,0.47153286591645693,-0.5828803969489178,0.48355263157894735,513,0.5625,0.625
donchian,4h,"{""n"": 100, ""exit_frac"": 0.5, ""long_only"": true}",0.6014915574808313,0.1917916614082238,0.3188601053878232,-0.38718099665244393,0.42105263157894735,251,0.27521929824561403,0.6875
donchian,4h,"{""n"": 100, ""exit_frac"": 1.0, ""long_only"": false}",0.24520401414312049,0.12672326481875248,0.5168074644356627,-0.6000883007600966,0.4824561403508772,403,0.4418859649122807,0.5625
donchian,4h,"{""n"": 100, ""exit_frac"": 1.0, ""long_only"": true}",0.40600765906150454,0.15939514557836962,0.3925914746209836,-0.40533504907564655,0.4616228070175439,195,0.2138157894736842,0.6875
donchian,4h,"{""n"": 200, ""exit_frac"": 0.25, ""long_only"": false}",0.37385800667880487,0.15265006264562395,0.408310267317001,-0.5483612198611209,0.4769736842105263,349,0.3826754385964912,0.5625
donchian,4h,"{""n"": 200, ""exit_frac"": 0.25, ""long_only"": true}",0.6926680192288545,0.18201871381222373,0.26277915070319646,-0.20191516142854243,0.3826754385964912,170,0.18640350877192982,0.8125
donchian,4h,"{""n"": 200, ""exit_frac"": 0.5, ""long_only"": false}",0.15492926329783996,0.07358236179197851,0.47494166192814014,-0.6926378125984893,0.4758771929824561,291,0.3190789473684211,0.625
donchian,4h,"{""n"": 200, ""exit_frac"": 0.5, ""long_only"": true}",0.4033218515946441,0.13395442915007078,0.3321278741046264,-0.33435118255126245,0.42543859649122806,140,0.15350877192982457,0.6875
donchian,4h,"{""n"": 200, ""exit_frac"": 1.0, ""long_only"": false}",-0.0677225692579806,-0.033367771187447895,0.49271271827177093,-0.8822797661717956,0.46710526315789475,237,0.2598684210526316,0.4375
donchian,4h,"{""n"": 200, ""exit_frac"": 1.0, ""long_only"": true}",0.2214508384473295,0.08609102490003534,0.38875908307076235,-0.4446714279057856,0.4616228070175439,116,0.12719298245614036,0.5
tsmom,1h,"{""lookback"": 24, ""band"": 0.5}",-1.4609006845005768,-0.7433088729810419,0.5088017829460798,-2.1139450199040484,0.3574561403508772,11947,13.099780701754385,0.0
tsmom,1h,"{""lookback"": 24, ""band"": 1.0}",-1.4939410621002793,-0.6327575109351523,0.42354917940710507,-1.7381044787264948,0.3508771929824561,6305,6.913377192982456,0.0
tsmom,1h,"{""lookback"": 24, ""band"": 1.5}",-1.3467795743725577,-0.4776491124817896,0.3546601994645771,-1.3568390119911355,0.34649122807017546,3325,3.6458333333333335,0.0
tsmom,1h,"{""lookback"": 72, ""band"": 0.5}",0.3589258283409,0.17792341003492296,0.4957108014693642,-0.40416800267715497,0.4517543859649123,4747,5.205043859649122,0.6875
tsmom,1h,"{""lookback"": 72, ""band"": 1.0}",0.3061836757097358,0.13275241279367594,0.4335711643867197,-0.32329201396689533,0.4451754385964912,2409,2.6414473684210527,0.625
tsmom,1h,"{""lookback"": 72, ""band"": 1.5}",0.4798802593798218,0.17362556054106637,0.3618101748245555,-0.31521124719893545,0.40350877192982454,1266,1.388157894736842,0.75
tsmom,1h,"{""lookback"": 168, ""band"": 0.5}",0.5935853667620694,0.29282720705723414,0.49331945067070687,-0.5994179908945771,0.4649122807017544,2250,2.4671052631578947,0.75
tsmom,1h,"{""lookback"": 168, ""band"": 1.0}",0.42343049473642536,0.1817528686190574,0.42923896809131307,-0.4745686992455607,0.44846491228070173,1134,1.243421052631579,0.625
tsmom,1h,"{""lookback"": 168, ""band"": 1.5}",0.4119272600603488,0.14484015461425534,0.35161585225759456,-0.3649724736396015,0.38377192982456143,598,0.6557017543859649,0.875
tsmom,1h,"{""lookback"": 336, ""band"": 0.5}",0.6256183184794787,0.31236925368429885,0.49929684674753505,-0.42340465018834683,0.4725877192982456,1220,1.337719298245614,0.8125
tsmom,1h,"{""lookback"": 336, ""band"": 1.0}",0.4478784285562309,0.1970400852835941,0.43994100345213616,-0.38355790377135773,0.4780701754385965,614,0.6732456140350878,0.8125
tsmom,1h,"{""lookback"": 336, ""band"": 1.5}",-0.005603397903217688,-0.0020164568346582733,0.3598632239735011,-0.44089940283123563,0.43859649122807015,350,0.38377192982456143,0.5
tsmom,4h,"{""lookback"": 6, ""band"": 0.5}",-1.512329425792736,-0.7238551949095092,0.47863592585330894,-1.8431790127025744,0.34100877192982454,8152,8.93859649122807,0.0
tsmom,4h,"{""lookback"": 6, ""band"": 1.0}",-1.4136409229298506,-0.5717729032975113,0.404468273394689,-1.439789280368739,0.3684210526315789,4418,4.844298245614035,0.0
tsmom,4h,"{""lookback"": 6, ""band"": 1.5}",-1.3716067839239308,-0.4612160712152127,0.33625968945396506,-1.165384903741188,0.31469298245614036,2344,2.5701754385964914,0.0
tsmom,4h,"{""lookback"": 18, ""band"": 0.5}",0.33108612788251646,0.15974119828553382,0.48247626473259203,-0.44293022404423,0.4407894736842105,3448,3.780701754385965,0.6875
tsmom,4h,"{""lookback"": 18, ""band"": 1.0}",0.15409472849128625,0.06326576405849953,0.4105641035090768,-0.3053389247806805,0.4331140350877193,1880,2.06140350877193,0.5
tsmom,4h,"{""lookback"": 18, ""band"": 1.5}",0.13885228874913094,0.04746742441991243,0.3418555419397761,-0.36284059056933093,0.3673245614035088,989,1.0844298245614035,0.625
tsmom,4h,"{""lookback"": 42, ""band"": 0.5}",0.5730351035382629,0.271714179129761,0.47416672635242485,-0.525019248221325,0.45723684210526316,1746,1.9144736842105263,0.75
tsmom,4h,"{""lookback"": 42, ""band"": 1.0}",0.2652924009217889,0.10760837848925743,0.4056217898264698,-0.46380100255768686,0.43859649122807015,931,1.0208333333333333,0.4375
tsmom,4h,"{""lookback"": 42, ""band"": 1.5}",0.035992054409762865,0.011321576049157569,0.31455764987081664,-0.3605789798752985,0.3793859649122807,494,0.5416666666666666,0.4375
tsmom,4h,"{""lookback"": 84, ""band"": 0.5}",0.7426649922530578,0.3544106398924897,0.4772146843993514,-0.49933964542983456,0.4605263157894737,986,1.081140350877193,0.8125
tsmom,4h,"{""lookback"": 84, ""band"": 1.0}",0.39868016329422806,0.16033419345631109,0.4021624555671299,-0.5362563646193736,0.4649122807017544,494,0.5416666666666666,0.8125
tsmom,4h,"{""lookback"": 84, ""band"": 1.5}",0.20113742543662372,0.06474839845410282,0.3219112420950439,-0.5255104046782507,0.3815789473684211,270,0.29605263157894735,0.6875
meanrev_z,5m,"{""k"": 1, ""thr"": 2.5, ""hold"": 6, ""volwin"": 288}",-11.114593688314164,-2.4787282753738107,0.22301564455567413,-6.192629496691821,0.17105263157894737,94391,103.49890350877193,0.0
meanrev_z,5m,"{""k"": 1, ""thr"": 2.5, ""hold"": 12, ""volwin"": 288}",-11.066114906722898,-2.475624200868807,0.22371213580701327,-6.184873562586168,0.17214912280701755,94317,103.41776315789474,0.0
meanrev_z,5m,"{""k"": 1, ""thr"": 2.5, ""hold"": 24, ""volwin"": 288}",-11.064592244794778,-2.4755113071203625,0.22373271896078603,-6.184591482864026,0.17214912280701755,94316,103.41666666666667,0.0
meanrev_z,5m,"{""k"": 1, ""thr"": 3.0, ""hold"": 6, ""volwin"": 288}",-6.929913964287991,-1.3750752779814688,0.19842602448856664,-3.4362906168258913,0.26206140350877194,54244,59.478070175438596,0.0
meanrev_z,5m,"{""k"": 1, ""thr"": 3.0, ""hold"": 12, ""volwin"": 288}",-6.927324105114241,-1.3791479380397396,0.19908812076824223,-3.4464666879851866,0.26864035087719296,54197,59.4265350877193,0.0
meanrev_z,5m,"{""k"": 1, ""thr"": 3.0, ""hold"": 24, ""volwin"": 288}",-6.925777534534801,-1.3789183913070306,0.19909943460227697,-3.445893135600994,0.26864035087719296,54196,59.425438596491226,0.0
meanrev_z,5m,"{""k"": 1, ""thr"": 4.0, ""hold"": 6, ""volwin"": 288}",-3.3419863245557626,-0.5014542241851969,0.15004676126310998,-1.253792512438303,0.40460526315789475,22092,24.223684210526315,0.0625
meanrev_z,5m,"{""k"": 1, ""thr"": 4.0, ""hold"": 12, ""volwin"": 288}",-3.349571888107448,-0.5026183881594005,0.15005451590513152,-1.2567013276286412,0.40460526315789475,22080,24.210526315789473,0.0625
meanrev_z,5m,"{""k"": 1, ""thr"": 4.0, ""hold"": 24, ""volwin"": 288}",-3.3475792925092906,-0.5022765409832575,0.15004171584738152,-1.255847177972087,0.40460526315789475,22080,24.210526315789473,0.0625
meanrev_z,5m,"{""k"": 3, ""thr"": 2.5, ""hold"": 6, ""volwin"": 288}",-6.181619361237436,-1.3474001714388983,0.21796880278457909,-3.375582059006811,0.36403508771929827,55903,61.29714912280702,0.0
meanrev_z,5m,"{""k"": 3, ""thr"": 2.5, ""hold"": 12, ""volwin"": 288}",-5.94159672559971,-1.3079303145038392,0.22013111540683106,-3.278248455315408,0.3717105263157895,55261,60.593201754385966,0.0
meanrev_z,5m,"{""k"": 3, ""thr"": 2.5, ""hold"": 24, ""volwin"": 288}",-5.89976270470393,-1.2985514291598508,0.2201023149837035,-3.257016030117186,0.37719298245614036,55215,60.54276315789474,0.0
meanrev_z,5m,"{""k"": 3, ""thr"": 3.0, ""hold"": 6, ""volwin"": 288}",-3.7513849812616,-0.6833397714934393,0.18215666344743708,-1.7666661118772338,0.4550438596491228,32750,35.91008771929825,0.0
meanrev_z,5m,"{""k"": 3, ""thr"": 3.0, ""hold"": 12, ""volwin"": 288}",-3.5544746076346954,-0.6500488760308645,0.18288184550105305,-1.6844859488646693,0.45614035087719296,32436,35.56578947368421,0.0
meanrev_z,5m,"{""k"": 3, ""thr"": 3.0, ""hold"": 24, ""volwin"": 288}",-3.5382705803931525,-0.6463258938272323,0.18266717571255284,-1.6794120097128988,0.45723684210526316,32409,35.536184210526315,0.0
meanrev_z,5m,"{""k"": 3, ""thr"": 4.0, ""hold"": 6, ""volwin"": 288}",-1.4532662771790987,-0.19062699791735208,0.1311714177303926,-0.5812803660130812,0.5208333333333334,13424,14.719298245614034,0.125
meanrev_z,5m,"{""k"": 3, ""thr"": 4.0, ""hold"": 12, ""volwin"": 288}",-1.3614139414847428,-0.1844254869263805,0.13546613657066572,-0.5531977770900129,0.5372807017543859,13329,14.615131578947368,0.125
meanrev_z,5m,"{""k"": 3, ""thr"": 4.0, ""hold"": 24, ""volwin"": 288}",-1.3410061228145702,-0.18094431682330395,0.1349317603737178,-0.5517672211185791,0.5361842105263158,13318,14.603070175438596,0.125
meanrev_z,5m,"{""k"": 6, ""thr"": 2.5, ""hold"": 6, ""volwin"": 288}",-4.618971171701566,-0.9717113443121523,0.21037397900757782,-2.43458457445254,0.4232456140350877,37339,40.94188596491228,0.0
meanrev_z,5m,"{""k"": 6, ""thr"": 2.5, ""hold"": 12, ""volwin"": 288}",-4.17377128649918,-0.9446934365441493,0.2263404896190482,-2.3679815346351933,0.4605263157894737,35940,39.4078947368421,0.0
meanrev_z,5m,"{""k"": 6, ""thr"": 2.5, ""hold"": 24, ""volwin"": 288}",-4.053377371804776,-0.9326229538781067,0.23008539998407654,-2.338317908108798,0.46710526315789475,35553,38.983552631578945,0.0
meanrev_z,5m,"{""k"": 6, ""thr"": 3.0, ""hold"": 6, ""volwin"": 288}",-3.0523159424549595,-0.5159510321594956,0.16903591957276848,-1.3025183878761766,0.49122807017543857,21748,23.846491228070175,0.0
meanrev_z,5m,"{""k"": 6, ""thr"": 3.0, ""hold"": 12, ""volwin"": 288}",-2.806555746095122,-0.512320822486407,0.18254432437311116,-1.3068187710074781,0.5164473684210527,21031,23.06030701754386,0.0
meanrev_z,5m,"{""k"": 6, ""thr"": 3.0, ""hold"": 24, ""volwin"": 288}",-2.7419899794688587,-0.505045440888451,0.1841893824084221,-1.300057894854775,0.5241228070175439,20853,22.86513157894737,0.0625
meanrev_z,5m,"{""k"": 6, ""thr"": 4.0, ""hold"": 6, ""volwin"": 288}",-0.808813806596579,-0.09333626523982963,0.11539895149982769,-0.40082932550544886,0.4934210526315789,8521,9.343201754385966,0.25
meanrev_z,5m,"{""k"": 6, ""thr"": 4.0, ""hold"": 12, ""volwin"": 288}",-0.8278325295137264,-0.09957797679850988,0.12028758625491867,-0.42789582507379,0.5197368421052632,8305,9.106359649122806,0.1875
meanrev_z,5m,"{""k"": 6, ""thr"": 4.0, ""hold"": 24, ""volwin"": 288}",-0.8190202407116179,-0.0968923288615557,0.11830272811984396,-0.4244490991884638,0.5164473684210527,8265,9.0625,0.25
meanrev_z,5m,"{""k"": 12, ""thr"": 2.5, ""hold"": 6, ""volwin"": 288}",-2.945471886105877,-0.5831347241370546,0.19797667290180795,-1.5303769053437999,0.5,23696,25.982456140350877,0.0625
meanrev_z,5m,"{""k"": 12, ""thr"": 2.5, ""hold"": 12, ""volwin"": 288}",-2.71930236200709,-0.5848479438925503,0.2150727892799975,-1.5518396872581863,0.4956140350877193,22123,24.25767543859649,0.0625
meanrev_z,5m,"{""k"": 12, ""thr"": 2.5, ""hold"": 24, ""volwin"": 288}",-2.4031212295996167,-0.5453739527534728,0.22694400350511545,-1.4599687060675315,0.5274122807017544,21300,23.355263157894736,0.0
meanrev_z,5m,"{""k"": 12, ""thr"": 3.0, ""hold"": 6, ""volwin"": 288}",-1.9090261235979806,-0.28914652249812345,0.15146284219157938,-0.8149164315221346,0.5109649122807017,13596,14.907894736842104,0.0625
meanrev_z,5m,"{""k"": 12, ""thr"": 3.0, ""hold"": 12, ""volwin"": 288}",-1.9547508257270565,-0.3166719131940435,0.16200116609556078,-0.8959625035249084,0.518640350877193,12756,13.986842105263158,0.0
meanrev_z,5m,"{""k"": 12, ""thr"": 3.0, ""hold"": 24, ""volwin"": 288}",-1.6808105259661785,-0.3006665001757966,0.1788818522557531,-0.8791185446302314,0.555921052631579,12384,13.578947368421053,0.0625
meanrev_z,5m,"{""k"": 12, ""thr"": 4.0, ""hold"": 6, ""volwin"": 288}",-0.072098277220241,-0.008530330666546397,0.11831531897063939,-0.2540256292608776,0.46600877192982454,4899,5.371710526315789,0.5
meanrev_z,5m,"{""k"": 12, ""thr"": 4.0, ""hold"": 12, ""volwin"": 288}",-0.06949085118575295,-0.009189384047198029,0.13223876079218383,-0.3271256883884921,0.44956140350877194,4652,5.100877192982456,0.4375
meanrev_z,5m,"{""k"": 12, ""thr"": 4.0, ""hold"": 24, ""volwin"": 288}",-0.10904062063687,-0.015650438755016514,0.14352851867136765,-0.35414305639160315,0.47478070175438597,4582,5.024122807017544,0.375
meanrev_z,15m,"{""k"": 1, ""thr"": 2.5, ""hold"": 6, ""volwin"": 288}",-4.127722842218354,-0.9053330812287184,0.2193299104215454,-2.2642472638449984,0.3958333333333333,32367,35.49013157894737,0.0
meanrev_z,15m,"{""k"": 1, ""thr"": 2.5, ""hold"": 12, ""volwin"": 288}",-4.089149450795408,-0.9131944682264779,0.22332137262648746,-2.284108902983165,0.3958333333333333,32344,35.46491228070175,0.0
meanrev_z,15m,"{""k"": 1, ""thr"": 2.5, ""hold"": 24, ""volwin"": 288}",-4.090880176092278,-0.9138497766848768,0.22338707988211265,-2.2857462764463428,0.3958333333333333,32343,35.463815789473685,0.0
meanrev_z,15m,"{""k"": 1, ""thr"": 3.0, ""hold"": 6, ""volwin"": 288}",-2.741481357895797,-0.48897958188510243,0.17836327081954517,-1.224963248790158,0.45723684210526316,19451,21.327850877192983,0.0
meanrev_z,15m,"{""k"": 1, ""thr"": 3.0, ""hold"": 12, ""volwin"": 288}",-2.7416099804254364,-0.49748109599124024,0.18145582323640444,-1.246209059649029,0.4583333333333333,19436,21.31140350877193,0.0
meanrev_z,15m,"{""k"": 1, ""thr"": 3.0, ""hold"": 24, ""volwin"": 288}",-2.7446591667054787,-0.4982532817891741,0.18153557564936085,-1.2481384663550994,0.4583333333333333,19435,21.31030701754386,0.0
meanrev_z,15m,"{""k"": 1, ""thr"": 4.0, ""hold"": 6, ""volwin"": 288}",-1.3305605528382245,-0.1796055516432011,0.13498487630651887,-0.5140030130461688,0.46381578947368424,8396,9.206140350877194,0.125
meanrev_z,15m,"{""k"": 1, ""thr"": 4.0, ""hold"": 12, ""volwin"": 288}",-1.335683165925034,-0.18016192993348365,0.13488373180829272,-0.516747560142915,0.46381578947368424,8393,9.202850877192983,0.125
meanrev_z,15m,"{""k"": 1, ""thr"": 4.0, ""hold"": 24, ""volwin"": 288}",-1.3361787600803874,-0.18023961422731385,0.1348918420290338,-0.5169416644606496,0.46381578947368424,8393,9.202850877192983,0.125
meanrev_z,15m,"{""k"": 3, ""thr"": 2.5, ""hold"": 6, ""volwin"": 288}",-2.3845438371835006,-0.49801284834931314,0.20885036399143747,-1.2596079545888847,0.506578947368421,20280,22.236842105263158,0.0
meanrev_z,15m,"{""k"": 3, ""thr"": 2.5, ""hold"": 12, ""volwin"": 288}",-2.3428623907404207,-0.50756622012107,0.21664363307341436,-1.2847577106146733,0.5109649122807017,20036,21.969298245614034,0.0
meanrev_z,15m,"{""k"": 3, ""thr"": 2.5, ""hold"": 24, ""volwin"": 288}",-2.333356758595049,-0.502407576927122,0.21531537133208448,-1.271868169264317,0.5109649122807017,20020,21.95175438596491,0.0625
meanrev_z,15m,"{""k"": 3, ""thr"": 3.0, ""hold"": 6, ""volwin"": 288}",-1.6658818822249988,-0.28592782876053,0.17163751632777036,-0.7539518401402834,0.5109649122807017,12241,13.422149122807017,0.1875
meanrev_z,15m,"{""k"": 3, ""thr"": 3.0, ""hold"": 12, ""volwin"": 288}",-1.6580114345331243,-0.30254858980615545,0.18247678122397837,-0.7940980171969092,0.5109649122807017,12123,13.292763157894736,0.125
meanrev_z,15m,"{""k"": 3, ""thr"": 3.0, ""hold"": 24, ""volwin"": 288}",-1.6570875459821257,-0.3011775445350515,0.1817511363628945,-0.7904107526804778,0.5098684210526315,12116,13.285087719298245,0.1875
meanrev_z,15m,"{""k"": 3, ""thr"": 4.0, ""hold"": 6, ""volwin"": 288}",0.023964322482285548,0.003460749116068128,0.14441255823636648,-0.4015767458317237,0.43640350877192985,5087,5.577850877192983,0.5625
meanrev_z,15m,"{""k"": 3, ""thr"": 4.0, ""hold"": 12, ""volwin"": 288}",-0.0351546016967212,-0.005289852303943697,0.15047396496138002,-0.42936535328383724,0.4375,5059,5.547149122807017,0.5
meanrev_z,15m,"{""k"": 3, ""thr"": 4.0, ""hold"": 24, ""volwin"": 288}",-0.027727680822690646,-0.004163536111423617,0.15015810871627,-0.4260488815976217,0.43530701754385964,5057,5.544956140350878,0.5
meanrev_z,15m,"{""k"": 6, ""thr"": 2.5, ""hold"": 6, ""volwin"": 288}",-1.3100443960442394,-0.2418898469709187,0.1846424805917419,-0.6476180021287596,0.5131578947368421,13457,14.755482456140351,0.1875
meanrev_z,15m,"{""k"": 6, ""thr"": 2.5, ""hold"": 12, ""volwin"": 288}",-1.3336978480262724,-0.26113161558074055,0.19579518401951904,-0.7732785821744909,0.5383771929824561,13010,14.265350877192983,0.1875
meanrev_z,15m,"{""k"": 6, ""thr"": 2.5, ""hold"": 24, ""volwin"": 288}",-1.3126215508037051,-0.26032392470083476,0.19832367108512047,-0.7513515962399617,0.5460526315789473,12905,14.150219298245615,0.1875
meanrev_z,15m,"{""k"": 6, ""thr"": 3.0, ""hold"": 6, ""volwin"": 288}",-0.5724805838899951,-0.08999902549523955,0.15720886965929537,-0.49278633699790453,0.4967105263157895,8095,8.87609649122807,0.3125
meanrev_z,15m,"{""k"": 6, ""thr"": 3.0, ""hold"": 12, ""volwin"": 288}",-0.7424392783266295,-0.12516502047018,0.16858620512681816,-0.6015057422006431,0.5153508771929824,7872,8.631578947368421,0.3125
meanrev_z,15m,"{""k"": 6, ""thr"": 3.0, ""hold"": 24, ""volwin"": 288}",-0.7408348226922901,-0.126642567666303,0.17094575442075932,-0.5819957320085696,0.5175438596491229,7826,8.581140350877194,0.25
meanrev_z,15m,"{""k"": 6, ""thr"": 4.0, ""hold"": 6, ""volwin"": 288}",0.5141172228748625,0.07393013316499104,0.14380014882906547,-0.269730787365415,0.37390350877192985,3193,3.50109649122807,0.625
meanrev_z,15m,"{""k"": 6, ""thr"": 4.0, ""hold"": 12, ""volwin"": 288}",0.4037170894276208,0.058800884190710646,0.14564873702541786,-0.2907689694353962,0.3848684210526316,3145,3.4484649122807016,0.625
meanrev_z,15m,"{""k"": 6, ""thr"": 4.0, ""hold"": 24, ""volwin"": 288}",0.3822168214171205,0.05574087270724848,0.14583573925548768,-0.28314032898081254,0.38048245614035087,3131,3.433114035087719,0.625
meanrev_z,15m,"{""k"": 12, ""thr"": 2.5, ""hold"": 6, ""volwin"": 288}",-0.556010610293214,-0.09817160222708297,0.1765642604829283,-0.5312835855210831,0.4868421052631579,8534,9.357456140350877,0.375
meanrev_z,15m,"{""k"": 12, ""thr"": 2.5, ""hold"": 12, ""volwin"": 288}",-0.444594511530074,-0.0841105084476241,0.18918476559271372,-0.5146817444358633,0.5021929824561403,7987,8.757675438596491,0.375
meanrev_z,15m,"{""k"": 12, ""thr"": 2.5, ""hold"": 24, ""volwin"": 288}",-0.23847482302409348,-0.04643005519573086,0.19469583667974863,-0.442444896141828,0.5372807017543859,7705,8.448464912280702,0.3125
meanrev_z,15m,"{""k"": 12, ""thr"": 3.0, ""hold"": 6, ""volwin"": 288}",0.3521379382699947,0.05258554751772688,0.14933224115547575,-0.31993596442608074,0.45285087719298245,4937,5.413377192982456,0.5
meanrev_z,15m,"{""k"": 12, ""thr"": 3.0, ""hold"": 12, ""volwin"": 288}",0.18131754075997134,0.02863930132245228,0.15795107964962454,-0.38686223332783853,0.45723684210526316,4641,5.088815789473684,0.5
meanrev_z,15m,"{""k"": 12, ""thr"": 3.0, ""hold"": 24, ""volwin"": 288}",0.490490142418999,0.08031524712397009,0.16374487513219205,-0.32408494778700114,0.48793859649122806,4532,4.969298245614035,0.5625
meanrev_z,15m,"{""k"": 12, ""thr"": 4.0, ""hold"": 6, ""volwin"": 288}",1.2828259451868802,0.16360418001508448,0.12753419949831998,-0.05564765783243951,0.2982456140350877,1743,1.9111842105263157,0.8125
meanrev_z,15m,"{""k"": 12, ""thr"": 4.0, ""hold"": 12, ""volwin"": 288}",1.330980529333162,0.16870481235936813,0.12675227671729455,-0.07532118059776619,0.2905701754385965,1661,1.8212719298245614,0.875
meanrev_z,15m,"{""k"": 12, ""thr"": 4.0, ""hold"": 24, ""volwin"": 288}",1.4218120737005244,0.18465476057086616,0.12987283199126912,-0.0725811794998521,0.3201754385964912,1638,1.7960526315789473,0.9375
meanrev_z,1h,"{""k"": 1, ""thr"": 2.5, ""hold"": 6, ""volwin"": 168}",-1.417858818221982,-0.22574077513009838,0.1592124492431348,-0.6589503354840687,0.4769736842105263,9115,9.994517543859649,0.125
meanrev_z,1h,"{""k"": 1, ""thr"": 2.5, ""hold"": 12, ""volwin"": 168}",-1.4108134128622896,-0.22435520931736683,0.15902542977826528,-0.6566976314507679,0.4780701754385965,9111,9.990131578947368,0.125
meanrev_z,1h,"{""k"": 1, ""thr"": 2.5, ""hold"": 24, ""volwin"": 168}",-1.4108134128622896,-0.22435520931736683,0.15902542977826528,-0.6566976314507679,0.4780701754385965,9111,9.990131578947368,0.125
meanrev_z,1h,"{""k"": 1, ""thr"": 3.0, ""hold"": 6, ""volwin"": 168}",-0.9072264840337417,-0.12522854093648958,0.13803448547896674,-0.44097956125554927,0.44956140350877194,5418,5.940789473684211,0.0625
meanrev_z,1h,"{""k"": 1, ""thr"": 3.0, ""hold"": 12, ""volwin"": 168}",-0.894037796363872,-0.1233223094356439,0.1379385859716516,-0.437404175930295,0.4506578947368421,5417,5.93969298245614,0.0625
meanrev_z,1h,"{""k"": 1, ""thr"": 3.0, ""hold"": 24, ""volwin"": 168}",-0.894037796363872,-0.1233223094356439,0.1379385859716516,-0.437404175930295,0.4506578947368421,5417,5.93969298245614,0.0625
meanrev_z,1h,"{""k"": 1, ""thr"": 4.0, ""hold"": 6, ""volwin"": 168}",-0.1663417679526427,-0.02244500417757004,0.1349330625364046,-0.249021203256022,0.30043859649122806,2290,2.5109649122807016,0.4375
meanrev_z,1h,"{""k"": 1, ""thr"": 4.0, ""hold"": 12, ""volwin"": 168}",-0.15585852834577527,-0.021022022981252806,0.13487887512074428,-0.24607358933936077,0.30153508771929827,2290,2.5109649122807016,0.4375
meanrev_z,1h,"{""k"": 1, ""thr"": 4.0, ""hold"": 24, ""volwin"": 168}",-0.15585852834577527,-0.021022022981252806,0.13487887512074428,-0.24607358933936077,0.30153508771929827,2290,2.5109649122807016,0.4375
meanrev_z,1h,"{""k"": 3, ""thr"": 2.5, ""hold"": 6, ""volwin"": 168}",-0.1447166272717677,-0.026304998534644828,0.18176901321259983,-0.3070302609275194,0.47368421052631576,5523,6.055921052631579,0.4375
meanrev_z,1h,"{""k"": 3, ""thr"": 2.5, ""hold"": 12, ""volwin"": 168}",-0.15033045811191367,-0.028318790085873367,0.18837692934316355,-0.32452784617124275,0.48135964912280704,5460,5.9868421052631575,0.4375
meanrev_z,1h,"{""k"": 3, ""thr"": 2.5, ""hold"": 24, ""volwin"": 168}",-0.14797953981274994,-0.02795529993785888,0.18891327796554105,-0.31918704349424265,0.48135964912280704,5455,5.981359649122807,0.5
meanrev_z,1h,"{""k"": 3, ""thr"": 3.0, ""hold"": 6, ""volwin"": 168}",0.3536638444827454,0.057055519400985646,0.1613269784035537,-0.1513983366990761,0.3958333333333333,3307,3.62609649122807,0.6875
meanrev_z,1h,"{""k"": 3, ""thr"": 3.0, ""hold"": 12, ""volwin"": 168}",0.2719011779533667,0.046051774211669144,0.1693695281436677,-0.1919334916229944,0.4057017543859649,3282,3.598684210526316,0.6875
meanrev_z,1h,"{""k"": 3, ""thr"": 3.0, ""hold"": 24, ""volwin"": 168}",0.2758375866968494,0.0466249512856692,0.1690304495627381,-0.18998329524036617,0.4067982456140351,3279,3.5953947368421053,0.6875
meanrev_z,1h,"{""k"": 3, ""thr"": 4.0, ""hold"": 6, ""volwin"": 168}",0.9638811000199566,0.10599778591941139,0.10996977315689328,-0.060772396617839036,0.23793859649122806,1264,1.3859649122807018,0.8125
meanrev_z,1h,"{""k"": 3, ""thr"": 4.0, ""hold"": 12, ""volwin"": 168}",0.9048221439115409,0.10095672385776687,0.11157631865786521,-0.06802164350337772,0.24451754385964913,1258,1.3793859649122806,0.75
meanrev_z,1h,"{""k"": 3, ""thr"": 4.0, ""hold"": 24, ""volwin"": 168}",0.874604899933869,0.09764001607852425,0.11163899960531555,-0.06599797889228695,0.24451754385964913,1257,1.3782894736842106,0.75
meanrev_z,1h,"{""k"": 6, ""thr"": 2.5, ""hold"": 6, ""volwin"": 168}",-0.5029040760059198,-0.08316253709404509,0.16536461138777123,-0.3353833799732389,0.40460526315789475,3535,3.87609649122807,0.4375
meanrev_z,1h,"{""k"": 6, ""thr"": 2.5, ""hold"": 12, ""volwin"": 168}",-0.5700274706895242,-0.09887392705466978,0.17345467041275853,-0.31427301438894356,0.4375,3423,3.7532894736842106,0.375
meanrev_z,1h,"{""k"": 6, ""thr"": 2.5, ""hold"": 24, ""volwin"": 168}",-0.5103760218014238,-0.09155868048905175,0.17939455730284137,-0.2908401212489129,0.4506578947368421,3391,3.718201754385965,0.375
meanrev_z,1h,"{""k"": 6, ""thr"": 3.0, ""hold"": 6, ""volwin"": 168}",0.12420109262827257,0.01576653005032453,0.12694356963117012,-0.12838869450607876,0.31798245614035087,2034,2.2302631578947367,0.4375
meanrev_z,1h,"{""k"": 6, ""thr"": 3.0, ""hold"": 12, ""volwin"": 168}",-0.1703119154331188,-0.023558697019982474,0.1383267692108949,-0.1344765269709547,0.3519736842105263,1966,2.155701754385965,0.375
meanrev_z,1h,"{""k"": 6, ""thr"": 3.0, ""hold"": 24, ""volwin"": 168}",-0.0808488811941334,-0.011290526357221928,0.1396497538427433,-0.14420633989103213,0.3574561403508772,1954,2.142543859649123,0.375
meanrev_z,1h,"{""k"": 6, ""thr"": 4.0, ""hold"": 6, ""volwin"": 168}",0.5863403139956473,0.047671176249420626,0.08130291421472088,-0.06515650004931867,0.16447368421052633,677,0.7423245614035088,0.5625
meanrev_z,1h,"{""k"": 6, ""thr"": 4.0, ""hold"": 12, ""volwin"": 168}",0.2835581198658575,0.02383968863301633,0.08407337671830432,-0.08444142422114621,0.18969298245614036,664,0.7280701754385965,0.5
meanrev_z,1h,"{""k"": 6, ""thr"": 4.0, ""hold"": 24, ""volwin"": 168}",0.19537058275180474,0.017048784941190345,0.08726382805976893,-0.0962474220439393,0.18969298245614036,658,0.7214912280701754,0.4375
meanrev_z,1h,"{""k"": 12, ""thr"": 2.5, ""hold"": 6, ""volwin"": 168}",-0.4442833054182571,-0.06471647256917927,0.14566487594723798,-0.28571649395116144,0.36403508771929827,2112,2.3157894736842106,0.4375
meanrev_z,1h,"{""k"": 12, ""thr"": 2.5, ""hold"": 12, ""volwin"": 168}",-0.419236800931602,-0.06843441164639494,0.16323569756835335,-0.28323318580574863,0.3673245614035088,1978,2.168859649122807,0.4375
meanrev_z,1h,"{""k"": 12, ""thr"": 2.5, ""hold"": 24, ""volwin"": 168}",-0.05149773934143681,-0.008643307425644989,0.16783857963819965,-0.2595783681937329,0.40460526315789475,1908,2.0921052631578947,0.5625
meanrev_z,1h,"{""k"": 12, ""thr"": 3.0, ""hold"": 6, ""volwin"": 168}",-0.0330417562896846,-0.0035427271753832824,0.10721969935022177,-0.2044828014857334,0.2412280701754386,1123,1.231359649122807,0.5
meanrev_z,1h,"{""k"": 12, ""thr"": 3.0, ""hold"": 12, ""volwin"": 168}",-0.014763630024581509,-0.0017962750806766708,0.12166893085818765,-0.1996557524808957,0.25109649122807015,1047,1.1480263157894737,0.5
meanrev_z,1h,"{""k"": 12, ""thr"": 3.0, ""hold"": 24, ""volwin"": 168}",0.2965914566806251,0.039209956423008896,0.13220190784264857,-0.17177229920113177,0.27850877192982454,1016,1.1140350877192982,0.625
meanrev_z,1h,"{""k"": 12, ""thr"": 4.0, ""hold"": 6, ""volwin"": 168}",-0.1581532955230886,-0.00768530275043922,0.048594009533726425,-0.09436574810310336,0.09429824561403509,308,0.33771929824561403,0.4375
meanrev_z,1h,"{""k"": 12, ""thr"": 4.0, ""hold"": 12, ""volwin"": 168}",0.37190877048032345,0.021768702288241678,0.058532371420354536,-0.11010967765013052,0.10526315789473684,296,0.32456140350877194,0.5625
meanrev_z,1h,"{""k"": 12, ""thr"": 4.0, ""hold"": 24, ""volwin"": 168}",0.2558342039794305,0.016520010081495826,0.06457310955506192,-0.09479304593160642,0.1118421052631579,291,0.3190789473684211,0.5625
vwap_rev,15m,"{""win"": 48, ""thr"": 2.0, ""hold"": 24}",-0.9022753746818749,-0.2528351065503456,0.28021944701692697,-0.8375009745739238,0.5581140350877193,13834,15.168859649122806,0.125
vwap_rev,15m,"{""win"": 48, ""thr"": 2.0, ""hold"": 96}",-0.8788208469623596,-0.26631318383525715,0.30303466827825887,-0.9561066900503948,0.5701754385964912,12121,13.290570175438596,0.125
vwap_rev,15m,"{""win"": 48, ""thr"": 2.5, ""hold"": 24}",-0.295628677721332,-0.06709205679127529,0.2269470516473986,-0.4212056129842452,0.543859649122807,8613,9.444078947368421,0.375
vwap_rev,15m,"{""win"": 48, ""thr"": 2.5, ""hold"": 96}",-0.4360003321767544,-0.1123623554007384,0.25771162797001435,-0.5783989707317311,0.5745614035087719,7662,8.401315789473685,0.3125
vwap_rev,15m,"{""win"": 48, ""thr"": 3.0, ""hold"": 24}",0.45376760827489737,0.08336941584128646,0.18372712005212227,-0.22758679426271228,0.4901315789473684,5140,5.635964912280702,0.6875
vwap_rev,15m,"{""win"": 48, ""thr"": 3.0, ""hold"": 96}",0.19035746700246695,0.039982347509500776,0.21003824089013867,-0.2990126759763366,0.5328947368421053,4665,5.115131578947368,0.625
vwap_rev,15m,"{""win"": 96, ""thr"": 2.0, ""hold"": 24}",-0.7649113757088749,-0.1818099823234854,0.2376876434279652,-0.6125151856167693,0.5460526315789473,8727,9.569078947368421,0.0625
vwap_rev,15m,"{""win"": 96, ""thr"": 2.0, ""hold"": 96}",-0.4526958021894547,-0.13850798197379435,0.3059625940949819,-0.6022702732098469,0.5679824561403509,6623,7.262061403508772,0.25
vwap_rev,15m,"{""win"": 96, ""thr"": 2.5, ""hold"": 24}",0.009805925836996214,0.00172619348688271,0.17603574772818023,-0.31163538401494517,0.49780701754385964,5377,5.895833333333333,0.5
vwap_rev,15m,"{""win"": 96, ""thr"": 2.5, ""hold"": 96}",-0.07316929217188135,-0.017987066235549035,0.2458280748882437,-0.384024106462981,0.5405701754385965,4169,4.571271929824562,0.625
vwap_rev,15m,"{""win"": 96, ""thr"": 3.0, ""hold"": 24}",0.814170989574032,0.10938598479812706,0.13435259447816603,-0.14549549683583893,0.4331140350877193,3235,3.5471491228070176,0.75
vwap_rev,15m,"{""win"": 96, ""thr"": 3.0, ""hold"": 96}",0.38555710935491255,0.07712944611380662,0.2000467485682063,-0.2106499392263141,0.46600877192982454,2590,2.8399122807017543,0.625
vwap_rev,15m,"{""win"": 192, ""thr"": 2.0, ""hold"": 24}",-0.1888838789850498,-0.04558705518223265,0.2413496346389671,-0.4440046732889568,0.5614035087719298,5608,6.149122807017544,0.4375
vwap_rev,15m,"{""win"": 192, ""thr"": 2.0, ""hold"": 96}",0.04284038384492579,0.013651655544913441,0.31866324060797147,-0.3412353319966077,0.5712719298245614,3816,4.184210526315789,0.5625
vwap_rev,15m,"{""win"": 192, ""thr"": 2.5, ""hold"": 24}",0.030519830467682803,0.005805055678866944,0.1902060263740282,-0.3365094661538227,0.4583333333333333,3421,3.75109649122807,0.5625
vwap_rev,15m,"{""win"": 192, ""thr"": 2.5, ""hold"": 96}",0.26059576290582687,0.07087294421287117,0.27196506736175513,-0.35028895795908,0.4956140350877193,2425,2.6589912280701755,0.75
vwap_rev,15m,"{""win"": 192, ""thr"": 3.0, ""hold"": 24}",0.5117391591437198,0.07113710978926462,0.13901048711671107,-0.13082444218429276,0.33114035087719296,2068,2.267543859649123,0.625
vwap_rev,15m,"{""win"": 192, ""thr"": 3.0, ""hold"": 96}",0.4004207971114026,0.08756555993034955,0.21868384599910679,-0.22108801420353094,0.375,1507,1.6524122807017543,0.625
vwap_rev,1h,"{""win"": 24, ""thr"": 2.0, ""hold"": 24}",-0.6163985290809746,-0.17638027111576018,0.28614648282619376,-0.6133432900588581,0.5317982456140351,5240,5.745614035087719,0.25
vwap_rev,1h,"{""win"": 24, ""thr"": 2.0, ""hold"": 96}",-0.3868980461408034,-0.11712772125948542,0.30273536511181875,-0.4916936929152685,0.5570175438596491,5060,5.548245614035087,0.375
vwap_rev,1h,"{""win"": 24, ""thr"": 2.5, ""hold"": 24}",-0.2009888877070197,-0.0440777079920083,0.2193042038038447,-0.30307731879394495,0.46710526315789475,3144,3.4473684210526314,0.5625
vwap_rev,1h,"{""win"": 24, ""thr"": 2.5, ""hold"": 96}",-0.0480884099410112,-0.011526923840515011,0.2397027444794866,-0.2490401586722681,0.4857456140350877,3039,3.3322368421052633,0.625
vwap_rev,1h,"{""win"": 24, ""thr"": 3.0, ""hold"": 24}",0.014571176914967931,0.0024809496201789773,0.17026418899838314,-0.20519447953656997,0.37609649122807015,1834,2.0109649122807016,0.5625
vwap_rev,1h,"{""win"": 24, ""thr"": 3.0, ""hold"": 96}",0.08455726707442492,0.01630863777165422,0.19287091856102467,-0.17947467057895106,0.4057017543859649,1770,1.9407894736842106,0.5625
vwap_rev,1h,"{""win"": 72, ""thr"": 2.0, ""hold"": 24}",-0.4257586310632789,-0.13069173249497765,0.3069620272138498,-0.5965501936836242,0.4725877192982456,2372,2.6008771929824563,0.375
vwap_rev,1h,"{""win"": 72, ""thr"": 2.0, ""hold"": 96}",-0.4634655962178848,-0.1624013193491508,0.35040641781057374,-0.6560982207438255,0.5197368421052632,1916,2.1008771929824563,0.3125
vwap_rev,1h,"{""win"": 72, ""thr"": 2.5, ""hold"": 24}",-0.10961606854073969,-0.026565188483262957,0.24234757583364516,-0.39174084197010706,0.37719298245614036,1483,1.6260964912280702,0.4375
vwap_rev,1h,"{""win"": 72, ""thr"": 2.5, ""hold"": 96}",-0.282641230892238,-0.08099515045333583,0.28656523394570366,-0.5517331866618904,0.42872807017543857,1220,1.337719298245614,0.4375
vwap_rev,1h,"{""win"": 72, ""thr"": 3.0, ""hold"": 24}",-0.10350306690141428,-0.01929400372639613,0.1864099712598226,-0.22808438726715682,0.26973684210526316,915,1.0032894736842106,0.4375
vwap_rev,1h,"{""win"": 72, ""thr"": 3.0, ""hold"": 96}",-0.13809059011128144,-0.03244141754694977,0.23492851700327,-0.3563026108631165,0.3168859649122807,758,0.831140350877193,0.375
flow,5m,"{""k"": 3, ""thr"": 2.0, ""hold"": 6, ""sign"": 1, ""zwin"": 2016}",-32.375919326066956,-4.129885400684489,0.1275604055931588,-10.31905612445001,0.03618421052631579,122770,134.61622807017545,0.0
flow,5m,"{""k"": 3, ""thr"": 2.0, ""hold"": 6, ""sign"": -1, ""zwin"": 2016}",-30.185747487060254,-3.240353086157614,0.10734712093999522,-8.096443875549982,0.02850877192982456,122770,134.61622807017545,0.0
flow,5m,"{""k"": 3, ""thr"": 2.0, ""hold"": 24, ""sign"": 1, ""zwin"": 2016}",-31.088035084576504,-4.107992267991288,0.1321406212008992,-10.26435328330973,0.05263157894736842,120595,132.2313596491228,0.0
flow,5m,"{""k"": 3, ""thr"": 2.0, ""hold"": 24, ""sign"": -1, ""zwin"": 2016}",-28.805185104564227,-3.131614639903448,0.1087170462031587,-7.824746716690258,0.044956140350877194,120595,132.2313596491228,0.0
flow,5m,"{""k"": 3, ""thr"": 3.0, ""hold"": 6, ""sign"": 1, ""zwin"": 2016}",-14.7636649581503,-0.4330627476842896,0.0293330110722417,-1.0838639669160228,0.14144736842105263,12646,13.866228070175438,0.0
flow,5m,"{""k"": 3, ""thr"": 3.0, ""hold"": 6, ""sign"": -1, ""zwin"": 2016}",-12.239999763417558,-0.32611323915781554,0.026643239008262917,-0.8166570259198421,0.18640350877192982,12646,13.866228070175438,0.0
flow,5m,"{""k"": 3, ""thr"": 3.0, ""hold"": 24, ""sign"": 1, ""zwin"": 2016}",-13.941349530382123,-0.4308474431302477,0.030904285283954034,-1.0787001706273351,0.1425438596491228,12586,13.800438596491228,0.0
flow,5m,"{""k"": 3, ""thr"": 3.0, ""hold"": 24, ""sign"": -1, ""zwin"": 2016}",-11.390115390806063,-0.3247265700276468,0.0285095066104213,-0.8131745582952976,0.20723684210526316,12586,13.800438596491228,0.0
flow,5m,"{""k"": 12, ""thr"": 2.0, ""hold"": 6, ""sign"": 1, ""zwin"": 2016}",-19.281565208364952,-1.905395247430814,0.09881953186062889,-4.76711025533379,0.1162280701754386,55947,61.3453947368421,0.0
flow,5m,"{""k"": 12, ""thr"": 2.0, ""hold"": 6, ""sign"": -1, ""zwin"": 2016}",-15.513695002930383,-1.4531750650691857,0.09367046759619133,-3.6309470118988925,0.15899122807017543,55947,61.3453947368421,0.0
flow,5m,"{""k"": 12, ""thr"": 2.0, ""hold"": 24, ""sign"": 1, ""zwin"": 2016}",-13.742209978395492,-1.7493738875317888,0.127299312867583,-4.377480281938113,0.17653508771929824,50059,54.88925438596491,0.0
flow,5m,"{""k"": 12, ""thr"": 2.0, ""hold"": 24, ""sign"": -1, ""zwin"": 2016}",-10.435430477658967,-1.2557227407576843,0.12033262484437413,-3.1375866837561883,0.27631578947368424,50059,54.88925438596491,0.0
flow,5m,"{""k"": 12, ""thr"": 3.0, ""hold"": 6, ""sign"": 1, ""zwin"": 2016}",-9.792304652607688,-0.29047709663740057,0.029663813263821052,-0.7284050185594045,0.22039473684210525,8004,8.776315789473685,0.0
flow,5m,"{""k"": 12, ""thr"": 3.0, ""hold"": 6, ""sign"": -1, ""zwin"": 2016}",-6.9417271603446435,-0.1900261928362835,0.027374483100089036,-0.4749571821728533,0.30043859649122806,8004,8.776315789473685,0.0
flow,5m,"{""k"": 12, ""thr"": 3.0, ""hold"": 24, ""sign"": 1, ""zwin"": 2016}",-6.220521324804139,-0.2698462420250044,0.043380004333238235,-0.6760752551330915,0.27850877192982454,7656,8.394736842105264,0.0
flow,5m,"{""k"": 12, ""thr"": 3.0, ""hold"": 24, ""sign"": -1, ""zwin"": 2016}",-4.579991816092447,-0.18976560008025867,0.041433611172293036,-0.5022555522349117,0.36951754385964913,7656,8.394736842105264,0.0625
flow,5m,"{""k"": 48, ""thr"": 2.0, ""hold"": 6, ""sign"": 1, ""zwin"": 2016}",-11.883277445390517,-0.9582020514347179,0.08063449295349082,-2.3967456540482557,0.20285087719298245,25104,27.526315789473685,0.0
flow,5m,"{""k"": 48, ""thr"": 2.0, ""hold"": 6, ""sign"": -1, ""zwin"": 2016}",-6.796962445728299,-0.5488637380389657,0.080751327143776,-1.374227113687642,0.35964912280701755,25104,27.526315789473685,0.0
flow,5m,"{""k"": 48, ""thr"": 2.0, ""hold"": 24, ""sign"": 1, ""zwin"": 2016}",-6.742091468148046,-0.7142182103516623,0.10593422140976198,-1.7988884197266195,0.26644736842105265,19121,20.966008771929825,0.0
flow,5m,"{""k"": 48, ""thr"": 2.0, ""hold"": 24, ""sign"": -1, ""zwin"": 2016}",-4.054015411651703,-0.4335206876746532,0.10693612225268441,-1.0945160098733273,0.43201754385964913,19121,20.966008771929825,0.0625
flow,5m,"{""k"": 48, ""thr"": 3.0, ""hold"": 6, ""sign"": 1, ""zwin"": 2016}",-4.571951166071497,-0.16254857702083148,0.03555343684051272,-0.4061487732684883,0.23135964912280702,3945,4.3256578947368425,0.0
flow,5m,"{""k"": 48, ""thr"": 3.0, ""hold"": 6, ""sign"": -1, ""zwin"": 2016}",-2.097155758909637,-0.07428119271601055,0.03541996935632057,-0.19277347224679475,0.37390350877192985,3945,4.3256578947368425,0.125
flow,5m,"{""k"": 48, ""thr"": 3.0, ""hold"": 24, ""sign"": 1, ""zwin"": 2016}",-3.0985055184450303,-0.13754676292826584,0.04439132417530533,-0.34998865763831777,0.3026315789473684,3285,3.601973684210526,0.0625
flow,5m,"{""k"": 48, ""thr"": 3.0, ""hold"": 24, ""sign"": -1, ""zwin"": 2016}",-1.3455954239757415,-0.05963127983489201,0.04431590563730027,-0.1728017628947682,0.42214912280701755,3285,3.601973684210526,0.125
flow,15m,"{""k"": 3, ""thr"": 2.0, ""hold"": 6, ""sign"": 1, ""zwin"": 1344}",-14.38281984933824,-1.4055396644353502,0.09772351174238059,-3.5126918361243,0.17105263157894737,42764,46.89035087719298,0.0
flow,15m,"{""k"": 3, ""thr"": 2.0, ""hold"": 6, ""sign"": -1, ""zwin"": 1344}",-12.706182567513636,-1.1616470131962284,0.09142376217434921,-2.9064077450195804,0.20394736842105263,42764,46.89035087719298,0.0
flow,15m,"{""k"": 3, ""thr"": 2.0, ""hold"": 24, ""sign"": 1, ""zwin"": 1344}",-12.816950645314261,-1.3733888812408528,0.10715410546914675,-3.432795630423652,0.18640350877192982,42016,46.07017543859649,0.0
flow,15m,"{""k"": 3, ""thr"": 2.0, ""hold"": 24, ""sign"": -1, ""zwin"": 1344}",-11.42659177093242,-1.148893191127568,0.10054557073178937,-2.8756882612879275,0.23026315789473684,42016,46.07017543859649,0.0
flow,15m,"{""k"": 3, ""thr"": 3.0, ""hold"": 6, ""sign"": 1, ""zwin"": 1344}",-7.309420153198765,-0.1867202881059319,0.025545157371234015,-0.47354798204470505,0.2236842105263158,5450,5.975877192982456,0.0
flow,15m,"{""k"": 3, ""thr"": 3.0, ""hold"": 6, ""sign"": -1, ""zwin"": 1344}",-5.864562637504217,-0.1404589882098575,0.023950462616191385,-0.35095506095175355,0.3541666666666667,5450,5.975877192982456,0.0
flow,15m,"{""k"": 3, ""thr"": 3.0, ""hold"": 24, ""sign"": 1, ""zwin"": 1344}",-7.245151504453067,-0.19426681153206274,0.026813353925402537,-0.4938845812692314,0.23355263157894737,5419,5.941885964912281,0.0
flow,15m,"{""k"": 3, ""thr"": 3.0, ""hold"": 24, ""sign"": -1, ""zwin"": 1344}",-5.262284412093736,-0.13105144504688454,0.024903907653813475,-0.3274490900897501,0.35964912280701755,5419,5.941885964912281,0.0625
flow,15m,"{""k"": 12, ""thr"": 2.0, ""hold"": 6, ""sign"": 1, ""zwin"": 1344}",-7.5659783763725015,-0.6986282510196753,0.09233812420101466,-1.749384297829978,0.26096491228070173,19024,20.859649122807017,0.0
flow,15m,"{""k"": 12, ""thr"": 2.0, ""hold"": 6, ""sign"": -1, ""zwin"": 1344}",-4.7368027135955115,-0.4434375384540087,0.09361536995857139,-1.1112964965102525,0.3958333333333333,19024,20.859649122807017,0.0
flow,15m,"{""k"": 12, ""thr"": 2.0, ""hold"": 24, ""sign"": 1, ""zwin"": 1344}",-5.277397773029475,-0.6317546633743193,0.11970950277861325,-1.617934169960201,0.3125,16886,18.515350877192983,0.0
flow,15m,"{""k"": 12, ""thr"": 2.0, ""hold"": 24, ""sign"": -1, ""zwin"": 1344}",-3.177644273814667,-0.3818407313625228,0.12016471903701618,-0.9540787589112898,0.46381578947368424,16886,18.515350877192983,0.0625
flow,15m,"{""k"": 12, ""thr"": 3.0, ""hold"": 6, ""sign"": 1, ""zwin"": 1344}",-3.412868237223229,-0.1191836523183146,0.03492184404261811,-0.3078598934944584,0.27631578947368424,2885,3.1633771929824563,0.0
flow,15m,"{""k"": 12, ""thr"": 3.0, ""hold"": 6, ""sign"": -1, ""zwin"": 1344}",-1.5499704160670738,-0.05401124899747482,0.034846632192196324,-0.13883979880882663,0.3793859649122807,2885,3.1633771929824563,0.1875
flow,15m,"{""k"": 12, ""thr"": 3.0, ""hold"": 24, ""sign"": 1, ""zwin"": 1344}",-2.661793404295744,-0.11203379447022879,0.04208959053299279,-0.30261363754482284,0.31140350877192985,2754,3.0197368421052633,0.125
flow,15m,"{""k"": 12, ""thr"": 3.0, ""hold"": 24, ""sign"": -1, ""zwin"": 1344}",-1.2755180009138731,-0.05326678118766591,0.04176090117858136,-0.14284236245518184,0.42872807017543857,2754,3.0197368421052633,0.3125
flow,15m,"{""k"": 48, ""thr"": 2.0, ""hold"": 6, ""sign"": 1, ""zwin"": 1344}",-3.015853149238134,-0.26787706870934946,0.08882298157555206,-0.7069296090428733,0.3026315789473684,8464,9.280701754385966,0.0
flow,15m,"{""k"": 48, ""thr"": 2.0, ""hold"": 6, ""sign"": -1, ""zwin"": 1344}",-2.652239290950007,-0.24018131944854515,0.09055793731285629,-0.6057774087022858,0.47368421052631576,8464,9.280701754385966,0.0625
flow,15m,"{""k"": 48, ""thr"": 2.0, ""hold"": 24, ""sign"": 1, ""zwin"": 1344}",-1.9098590939881515,-0.2056162702547683,0.1076604399256503,-0.5879709587726116,0.34649122807017546,6416,7.035087719298246,0.0625
flow,15m,"{""k"": 48, ""thr"": 2.0, ""hold"": 24, ""sign"": -1, ""zwin"": 1344}",-1.6436880119288013,-0.17943471658733695,0.10916592156487019,-0.4956333875722777,0.5153508771929824,6416,7.035087719298246,0.125
flow,15m,"{""k"": 48, ""thr"": 3.0, ""hold"": 6, ""sign"": 1, ""zwin"": 1344}",-1.6105052969626452,-0.05468438100591335,0.03395479736021118,-0.15802976574171065,0.19736842105263158,1279,1.4024122807017543,0.0625
flow,15m,"{""k"": 48, ""thr"": 3.0, ""hold"": 6, ""sign"": -1, ""zwin"": 1344}",-0.6576064595776512,-0.022067674915139286,0.033557570175500234,-0.06655368038130355,0.26864035087719296,1279,1.4024122807017543,0.3125
flow,15m,"{""k"": 48, ""thr"": 3.0, ""hold"": 24, ""sign"": 1, ""zwin"": 1344}",-1.0901687458123095,-0.04435406322680615,0.04068550249416381,-0.12944297917940653,0.2324561403508772,1059,1.1611842105263157,0.1875
flow,15m,"{""k"": 48, ""thr"": 3.0, ""hold"": 24, ""sign"": -1, ""zwin"": 1344}",-0.47277820535152504,-0.019160739404772777,0.040527966788414416,-0.0717348488592789,0.2807017543859649,1059,1.1611842105263157,0.5625
flow,1h,"{""k"": 3, ""thr"": 2.0, ""hold"": 6, ""sign"": 1, ""zwin"": 720}",-4.568372888421651,-0.37374311651026687,0.081810991711623,-0.9836601371851388,0.3442982456140351,10606,11.62938596491228,0.0625
flow,1h,"{""k"": 3, ""thr"": 2.0, ""hold"": 6, ""sign"": -1, ""zwin"": 720}",-3.2124413046075238,-0.2629057321739437,0.08183985550081946,-0.6569041855962657,0.4440789473684211,10606,11.62938596491228,0.1875
flow,1h,"{""k"": 3, ""thr"": 2.0, ""hold"": 24, ""sign"": 1, ""zwin"": 720}",-3.8302112946677576,-0.34336363243423906,0.08964613333793203,-0.922979487288943,0.33771929824561403,10340,11.337719298245615,0.0625
flow,1h,"{""k"": 3, ""thr"": 2.0, ""hold"": 24, ""sign"": -1, ""zwin"": 720}",-3.10592860726927,-0.2773164662499714,0.08928616890965431,-0.6934589282790657,0.4506578947368421,10340,11.337719298245615,0.125
flow,1h,"{""k"": 3, ""thr"": 3.0, ""hold"": 6, ""sign"": 1, ""zwin"": 720}",-1.851272742368988,-0.0425158876832007,0.022965761181572352,-0.12015761842209076,0.26096491228070173,1511,1.656798245614035,0.1875
flow,1h,"{""k"": 3, ""thr"": 3.0, ""hold"": 6, ""sign"": -1, ""zwin"": 720}",-2.132592468694938,-0.048193816264167716,0.022598699456938636,-0.12400751565900087,0.3355263157894737,1511,1.656798245614035,0.125
flow,1h,"{""k"": 3, ""thr"": 3.0, ""hold"": 24, ""sign"": 1, ""zwin"": 720}",-1.9850938219390495,-0.04798673058775792,0.024173532785913485,-0.13530264689982613,0.25109649122807015,1496,1.6403508771929824,0.1875
flow,1h,"{""k"": 3, ""thr"": 3.0, ""hold"": 24, ""sign"": -1, ""zwin"": 720}",-1.7634047272412896,-0.04182247993855786,0.023716892266692456,-0.12202011703391827,0.34539473684210525,1496,1.6403508771929824,0.1875
flow,1h,"{""k"": 12, ""thr"": 2.0, ""hold"": 6, ""sign"": 1, ""zwin"": 720}",-0.9591957236970236,-0.07672597764736336,0.07998990795292413,-0.28360325461452424,0.3782894736842105,4543,4.981359649122807,0.3125
flow,1h,"{""k"": 12, ""thr"": 2.0, ""hold"": 6, ""sign"": -1, ""zwin"": 720}",-2.401641462092524,-0.19588339735263663,0.08156229830491249,-0.5124646242213774,0.48135964912280704,4543,4.981359649122807,0.1875
flow,1h,"{""k"": 12, ""thr"": 2.0, ""hold"": 24, ""sign"": 1, ""zwin"": 720}",-0.5666208191418204,-0.06835827817477398,0.1206420164340352,-0.3203362100578498,0.4024122807017544,3970,4.353070175438597,0.375
flow,1h,"{""k"": 12, ""thr"": 2.0, ""hold"": 24, ""sign"": -1, ""zwin"": 720}",-1.4063796760203513,-0.16985224814101557,0.12077268396088348,-0.43827499047906976,0.5142543859649122,3970,4.353070175438597,0.25
flow,1h,"{""k"": 12, ""thr"": 3.0, ""hold"": 6, ""sign"": 1, ""zwin"": 720}",-1.1246038125344078,-0.023176802745115382,0.02060886019307024,-0.07155420838894741,0.17763157894736842,635,0.6962719298245614,0.25
flow,1h,"{""k"": 12, ""thr"": 3.0, ""hold"": 6, ""sign"": -1, ""zwin"": 720}",-0.7238489245419994,-0.014914068965410927,0.020603842127481918,-0.058658748864760954,0.2225877192982456,635,0.6962719298245614,0.375
flow,1h,"{""k"": 12, ""thr"": 3.0, ""hold"": 24, ""sign"": 1, ""zwin"": 720}",-0.6220803685856954,-0.02143008500579284,0.034449061709686014,-0.10185013187680439,0.2236842105263158,595,0.6524122807017544,0.375
flow,1h,"{""k"": 12, ""thr"": 3.0, ""hold"": 24, ""sign"": -1, ""zwin"": 720}",-0.41450819115231974,-0.014259470915259774,0.03440093879838392,-0.07471904346434861,0.2741228070175439,595,0.6524122807017544,0.4375
flow,1h,"{""k"": 48, ""thr"": 2.0, ""hold"": 6, ""sign"": 1, ""zwin"": 720}",-0.2812401224103309,-0.029859280380595345,0.10617005896843724,-0.17443908773200795,0.3684210526315789,2191,2.4024122807017543,0.375
flow,1h,"{""k"": 48, ""thr"": 2.0, ""hold"": 6, ""sign"": -1, ""zwin"": 720}",-0.9532465009693828,-0.10164277554045728,0.10662800800956933,-0.34344352240994847,0.4451754385964912,2191,2.4024122807017543,0.25
flow,1h,"{""k"": 48, ""thr"": 2.0, ""hold"": 24, ""sign"": 1, ""zwin"": 720}",0.2193934355425794,0.0292833396326974,0.1334740921499183,-0.17630362707489053,0.44298245614035087,1647,1.805921052631579,0.625
flow,1h,"{""k"": 48, ""thr"": 2.0, ""hold"": 24, ""sign"": -1, ""zwin"": 720}",-0.9587028718857946,-0.12812750081690794,0.13364672681628423,-0.4101502930089194,0.4407894736842105,1647,1.805921052631579,0.125
flow,1h,"{""k"": 48, ""thr"": 3.0, ""hold"": 6, ""sign"": 1, ""zwin"": 720}",0.7352211907237322,0.029147178842233574,0.03964409515120459,-0.029939175144309604,0.11074561403508772,317,0.3475877192982456,0.75
flow,1h,"{""k"": 48, ""thr"": 3.0, ""hold"": 6, ""sign"": -1, ""zwin"": 720}",-1.201605296292548,-0.04817760647381252,0.040094369276217796,-0.1238656718836353,0.12171052631578948,317,0.3475877192982456,0.25
flow,1h,"{""k"": 48, ""thr"": 3.0, ""hold"": 24, ""sign"": 1, ""zwin"": 720}",0.4595418444655299,0.021770146201338887,0.047373588419698,-0.03307553159339689,0.1425438596491228,252,0.27631578947368424,0.625
flow,1h,"{""k"": 48, ""thr"": 3.0, ""hold"": 24, ""sign"": -1, ""zwin"": 720}",-0.7768820659721313,-0.036898435675023086,0.047495543134788654,-0.11382206252137772,0.16228070175438597,252,0.27631578947368424,0.3125
absorption,15m,"{""k"": 3, ""thr"": 2.0, ""move"": 0.2, ""hold"": 6, ""zwin"": 1344, ""volwin"": 288}",-8.246987328314471,-0.2628777732922562,0.031875612611858284,-0.6572753984248663,0.2817982456140351,8187,8.976973684210526,0.0625
absorption,15m,"{""k"": 3, ""thr"": 2.0, ""move"": 0.2, ""hold"": 24, ""zwin"": 1344, ""volwin"": 288}",-5.715207795431062,-0.34617871295205976,0.06057150069483164,-0.866080522138394,0.34539473684210525,7439,8.156798245614034,0.0
absorption,15m,"{""k"": 3, ""thr"": 2.0, ""move"": 0.5, ""hold"": 6, ""zwin"": 1344, ""volwin"": 288}",-10.609359998614462,-0.4642784495441797,0.04376121176063519,-1.160060125984361,0.24780701754385964,16505,18.097587719298247,0.0
absorption,15m,"{""k"": 3, ""thr"": 2.0, ""move"": 0.5, ""hold"": 24, ""zwin"": 1344, ""volwin"": 288}",-5.868784453494787,-0.4909363577374897,0.08365213642241423,-1.22666837878518,0.34868421052631576,14243,15.617324561403509,0.0
absorption,15m,"{""k"": 3, ""thr"": 3.0, ""move"": 0.2, ""hold"": 6, ""zwin"": 1344, ""volwin"": 288}",-2.451753159140993,-0.02130915739595204,0.008691395916633798,-0.05432063204981262,0.1787280701754386,748,0.8201754385964912,0.0
absorption,15m,"{""k"": 3, ""thr"": 3.0, ""move"": 0.2, ""hold"": 24, ""zwin"": 1344, ""volwin"": 288}",-1.7986485936705683,-0.033261325645407715,0.01849239799394617,-0.08581725415301515,0.23464912280701755,733,0.8037280701754386,0.125
absorption,15m,"{""k"": 3, ""thr"": 3.0, ""move"": 0.5, ""hold"": 6, ""zwin"": 1344, ""volwin"": 288}",-4.240888885605614,-0.05073158978227375,0.011962489739937883,-0.13172322772089537,0.22916666666666666,1713,1.8782894736842106,0.0
absorption,15m,"{""k"": 3, ""thr"": 3.0, ""move"": 0.5, ""hold"": 24, ""zwin"": 1344, ""volwin"": 288}",-2.962270702241068,-0.076306725693563,0.02575953832842965,-0.1915107173032055,0.2817982456140351,1649,1.8081140350877194,0.0
absorption,15m,"{""k"": 6, ""thr"": 2.0, ""move"": 0.2, ""hold"": 6, ""zwin"": 1344, ""volwin"": 288}",-6.395989185193244,-0.18020546653908537,0.028174760982439147,-0.46529481614789225,0.32346491228070173,6574,7.208333333333333,0.0
absorption,15m,"{""k"": 6, ""thr"": 2.0, ""move"": 0.2, ""hold"": 24, ""zwin"": 1344, ""volwin"": 288}",-4.609895533812257,-0.2505269320149741,0.05434546839021213,-0.6259741424593331,0.37609649122807015,6019,6.599780701754386,0.0
absorption,15m,"{""k"": 6, ""thr"": 2.0, ""move"": 0.5, ""hold"": 6, ""zwin"": 1344, ""volwin"": 288}",-9.390064170386058,-0.37184815484733946,0.03960017185186621,-0.9336231035915042,0.2708333333333333,12361,13.553728070175438,0.0
absorption,15m,"{""k"": 6, ""thr"": 2.0, ""move"": 0.5, ""hold"": 24, ""zwin"": 1344, ""volwin"": 288}",-5.849622010082521,-0.44109494836489493,0.0754057181138568,-1.1073408907585807,0.34978070175438597,10882,11.932017543859649,0.0
absorption,15m,"{""k"": 6, ""thr"": 3.0, ""move"": 0.2, ""hold"": 6, ""zwin"": 1344, ""volwin"": 288}",-1.7099470222849036,-0.013015803909683838,0.007611817056350418,-0.0353860568244084,0.16228070175438597,626,0.6864035087719298,0.1875
absorption,15m,"{""k"": 6, ""thr"": 3.0, ""move"": 0.2, ""hold"": 24, ""zwin"": 1344, ""volwin"": 288}",-1.4300150253579107,-0.022013156604351936,0.015393654062370697,-0.05689892481327449,0.2225877192982456,607,0.6655701754385965,0.3125
absorption,15m,"{""k"": 6, ""thr"": 3.0, ""move"": 0.5, ""hold"": 6, ""zwin"": 1344, ""volwin"": 288}",-3.3382243894742576,-0.03658341846090377,0.010958945293268723,-0.09211183894415391,0.21929824561403508,1351,1.481359649122807,0.125
absorption,15m,"{""k"": 6, ""thr"": 3.0, ""move"": 0.5, ""hold"": 24, ""zwin"": 1344, ""volwin"": 288}",-3.310792379695843,-0.06768640302346493,0.02044417023506716,-0.17100920244222073,0.2741228070175439,1300,1.4254385964912282,0.125
absorption,15m,"{""k"": 12, ""thr"": 2.0, ""move"": 0.2, ""hold"": 6, ""zwin"": 1344, ""volwin"": 288}",-5.902647741926995,-0.1468992731517854,0.02488701334967826,-0.36879152758624584,0.32346491228070173,4718,5.173245614035087,0.0
absorption,15m,"{""k"": 12, ""thr"": 2.0, ""move"": 0.2, ""hold"": 24, ""zwin"": 1344, ""volwin"": 288}",-3.563064045350157,-0.16669259691866586,0.046783497236374906,-0.4200698964378849,0.3651315789473684,4290,4.703947368421052,0.0
absorption,15m,"{""k"": 12, ""thr"": 2.0, ""move"": 0.5, ""hold"": 6, ""zwin"": 1344, ""volwin"": 288}",-7.175218509228005,-0.25200557522628514,0.03512165865083862,-0.6310707255775583,0.3256578947368421,8372,9.179824561403509,0.0
absorption,15m,"{""k"": 12, ""thr"": 2.0, ""move"": 0.5, ""hold"": 24, ""zwin"": 1344, ""volwin"": 288}",-4.203947234157547,-0.2784345616381253,0.06623169752841163,-0.715466310360373,0.37280701754385964,7382,8.094298245614034,0.0625
absorption,15m,"{""k"": 12, ""thr"": 3.0, ""move"": 0.2, ""hold"": 6, ""zwin"": 1344, ""volwin"": 288}",-1.935568299202067,-0.013525459692084576,0.006987849355489243,-0.03535767724436565,0.13486842105263158,459,0.5032894736842105,0.125
absorption,15m,"{""k"": 12, ""thr"": 3.0, ""move"": 0.2, ""hold"": 24, ""zwin"": 1344, ""volwin"": 288}",-1.5461544517913324,-0.01970582593939108,0.012745056560526956,-0.05143266481451892,0.17214912280701755,441,0.48355263157894735,0.1875
absorption,15m,"{""k"": 12, ""thr"": 3.0, ""move"": 0.5, ""hold"": 6, ""zwin"": 1344, ""volwin"": 288}",-2.9754382694392203,-0.029467080003813526,0.009903441891727491,-0.07439522087176166,0.19078947368421054,960,1.0526315789473684,0.0
absorption,15m,"{""k"": 12, ""thr"": 3.0, ""move"": 0.5, ""hold"": 24, ""zwin"": 1344, ""volwin"": 288}",-2.3394019836923103,-0.040816891528719756,0.01744757498422648,-0.10213071479051701,0.2412280701754386,920,1.0087719298245614,0.1875
absorption,1h,"{""k"": 3, ""thr"": 2.0, ""move"": 0.2, ""hold"": 6, ""zwin"": 720, ""volwin"": 168}",-3.0363941247106143,-0.0972268672026827,0.03202050300764199,-0.2603025220101115,0.34210526315789475,2284,2.504385964912281,0.0625
absorption,1h,"{""k"": 3, ""thr"": 2.0, ""move"": 0.2, ""hold"": 24, ""zwin"": 720, ""volwin"": 168}",-1.3089657436532856,-0.10450765504365052,0.07983987018023304,-0.3134480538069089,0.4199561403508772,2062,2.2609649122807016,0.25
absorption,1h,"{""k"": 3, ""thr"": 2.0, ""move"": 0.5, ""hold"": 6, ""zwin"": 720, ""volwin"": 168}",-3.426678095803617,-0.15533973445607344,0.04533245613187471,-0.39905568260420293,0.3925438596491228,4283,4.696271929824562,0.0625
absorption,1h,"{""k"": 3, ""thr"": 2.0, ""move"": 0.5, ""hold"": 24, ""zwin"": 720, ""volwin"": 168}",-0.8897108100643013,-0.09003148328930506,0.10119185051016553,-0.29988090316515004,0.4594298245614035,3672,4.026315789473684,0.1875
absorption,1h,"{""k"": 3, ""thr"": 3.0, ""move"": 0.2, ""hold"": 6, ""zwin"": 720, ""volwin"": 168}",-0.5244185049212021,-0.004665582640976913,0.008896678124807881,-0.022813760014092594,0.09429824561403509,222,0.24342105263157895,0.3125
absorption,1h,"{""k"": 3, ""thr"": 3.0, ""move"": 0.2, ""hold"": 24, ""zwin"": 720, ""volwin"": 168}",-1.1243289973432948,-0.027693528104857423,0.024631160603609047,-0.08691502357145149,0.14035087719298245,218,0.23903508771929824,0.4375
absorption,1h,"{""k"": 3, ""thr"": 3.0, ""move"": 0.5, ""hold"": 6, ""zwin"": 720, ""volwin"": 168}",-0.6520435936659675,-0.009095548321486785,0.013949294816852847,-0.04879040794168099,0.18201754385964913,516,0.5657894736842105,0.4375
absorption,1h,"{""k"": 3, ""thr"": 3.0, ""move"": 0.5, ""hold"": 24, ""zwin"": 720, ""volwin"": 168}",-1.032166712292001,-0.03472756480065993,0.03364530592499428,-0.1321339430250782,0.2412280701754386,494,0.5416666666666666,0.25
absorption,1h,"{""k"": 6, ""thr"": 2.0, ""move"": 0.2, ""hold"": 6, ""zwin"": 720, ""volwin"": 168}",-1.3618815763231096,-0.03864623302164235,0.028377087768513463,-0.1004552757455974,0.3333333333333333,1645,1.8037280701754386,0.1875
absorption,1h,"{""k"": 6, ""thr"": 2.0, ""move"": 0.2, ""hold"": 24, ""zwin"": 720, ""volwin"": 168}",-0.3319387211178945,-0.023047410306513246,0.06943272610346507,-0.10096541993353864,0.42653508771929827,1501,1.6458333333333333,0.4375
absorption,1h,"{""k"": 6, ""thr"": 2.0, ""move"": 0.5, ""hold"": 6, ""zwin"": 720, ""volwin"": 168}",-2.7729003061709223,-0.10564964934327481,0.038100774524117545,-0.274232957085508,0.39035087719298245,2893,3.1721491228070176,0.0625
absorption,1h,"{""k"": 6, ""thr"": 2.0, ""move"": 0.5, ""hold"": 24, ""zwin"": 720, ""volwin"": 168}",-0.6009660523626728,-0.052734764301517724,0.08774998869602237,-0.17472762030240738,0.4605263157894737,2557,2.803728070175439,0.4375
absorption,1h,"{""k"": 6, ""thr"": 3.0, ""move"": 0.2, ""hold"": 6, ""zwin"": 720, ""volwin"": 168}",-0.829952816817985,-0.006706860444497264,0.008081014135491667,-0.023490516253349573,0.08333333333333333,165,0.18092105263157895,0.3125
absorption,1h,"{""k"": 6, ""thr"": 3.0, ""move"": 0.2, ""hold"": 24, ""zwin"": 720, ""volwin"": 168}",-0.4448852992340331,-0.010410965874234698,0.02340146076339102,-0.042590816153707266,0.11842105263157894,163,0.1787280701754386,0.4375
absorption,1h,"{""k"": 6, ""thr"": 3.0, ""move"": 0.5, ""hold"": 6, ""zwin"": 720, ""volwin"": 168}",-0.9544609455062947,-0.010333737937025831,0.010826779226199025,-0.03782811786839151,0.14583333333333334,340,0.37280701754385964,0.4375
absorption,1h,"{""k"": 6, ""thr"": 3.0, ""move"": 0.5, ""hold"": 24, ""zwin"": 720, ""volwin"": 168}",-0.36485076794557414,-0.0101431106110542,0.027800710597838944,-0.05795529380380163,0.19407894736842105,332,0.36403508771929827,0.4375
absorption,1h,"{""k"": 12, ""thr"": 2.0, ""move"": 0.2, ""hold"": 6, ""zwin"": 720, ""volwin"": 168}",-1.8549501823717671,-0.04659558729168129,0.02511958959032715,-0.1189081185809641,0.2741228070175439,1042,1.1425438596491229,0.1875
absorption,1h,"{""k"": 12, ""thr"": 2.0, ""move"": 0.2, ""hold"": 24, ""zwin"": 720, ""volwin"": 168}",-0.5793142786513821,-0.03411899018520322,0.0588954759834864,-0.12926308908977524,0.3706140350877193,960,1.0526315789473684,0.375
absorption,1h,"{""k"": 12, ""thr"": 2.0, ""move"": 0.5, ""hold"": 6, ""zwin"": 720, ""volwin"": 168}",-3.0393014570545476,-0.11593427091604569,0.03814503844195833,-0.28967686322036645,0.3607456140350877,1867,2.0471491228070176,0.0625
absorption,1h,"{""k"": 12, ""thr"": 2.0, ""move"": 0.5, ""hold"": 24, ""zwin"": 720, ""volwin"": 168}",-0.332986633363652,-0.02870794708471033,0.08621351192003739,-0.19815017229597065,0.4298245614035088,1656,1.8157894736842106,0.5
absorption,1h,"{""k"": 12, ""thr"": 3.0, ""move"": 0.2, ""hold"": 6, ""zwin"": 720, ""volwin"": 168}",0.25939168112407146,0.002083554724619189,0.00803246548073602,-0.008613029040820862,0.043859649122807015,106,0.1162280701754386,0.5625
absorption,1h,"{""k"": 12, ""thr"": 3.0, ""move"": 0.2, ""hold"": 24, ""zwin"": 720, ""volwin"": 168}",0.2256656139887826,0.0033253619467489537,0.0147357937612695,-0.014320037947052161,0.07346491228070176,101,0.11074561403508772,0.5
absorption,1h,"{""k"": 12, ""thr"": 3.0, ""move"": 0.5, ""hold"": 6, ""zwin"": 720, ""volwin"": 168}",-0.000921583874245496,-1.0427501561870011e-05,0.011314761307436118,-0.02041775920103657,0.09649122807017543,208,0.22807017543859648,0.4375
absorption,1h,"{""k"": 12, ""thr"": 3.0, ""move"": 0.5, ""hold"": 24, ""zwin"": 720, ""volwin"": 168}",0.2064543092240277,0.004117852336226603,0.0199455867581734,-0.026693718752909296,0.1425438596491228,199,0.21820175438596492,0.5625
funding_extreme,1h,"{""q"": 0.9, ""hold"": 8, ""win_days"": 30}",0.7435000131068681,0.17375791486058212,0.23370263859781099,-0.24542893616795788,0.4824561403508772,3835,4.205043859649122,0.875
funding_extreme,1h,"{""q"": 0.9, ""hold"": 8, ""win_days"": 90}",0.6459381578637534,0.14454764113841778,0.2237793810114357,-0.25209966674820544,0.4758771929824561,3112,3.412280701754386,0.8125
funding_extreme,1h,"{""q"": 0.9, ""hold"": 24, ""win_days"": 30}",0.6486020510282644,0.19771950189410398,0.30483946447694454,-0.3701389659093488,0.5054824561403509,2758,3.0241228070175437,0.875
funding_extreme,1h,"{""q"": 0.9, ""hold"": 24, ""win_days"": 90}",0.699904233752993,0.2088170109986263,0.2983508327688171,-0.3576203936663026,0.49890350877192985,2192,2.4035087719298245,0.8125
funding_extreme,1h,"{""q"": 0.9, ""hold"": 72, ""win_days"": 30}",0.35163534276857844,0.12906169716200602,0.3670327793157735,-0.4574400892107535,0.5164473684210527,1842,2.0197368421052633,0.6875
funding_extreme,1h,"{""q"": 0.9, ""hold"": 72, ""win_days"": 90}",0.567949365401239,0.19636796721740662,0.34574907408986827,-0.44801453056753815,0.5076754385964912,1454,1.594298245614035,0.875
funding_extreme,1h,"{""q"": 0.95, ""hold"": 8, ""win_days"": 30}",0.6865001083020488,0.124162000160171,0.18086231692995125,-0.11449064828862976,0.4440789473684211,2524,2.767543859649123,0.875
funding_extreme,1h,"{""q"": 0.95, ""hold"": 8, ""win_days"": 90}",0.5523879774695428,0.09541530546139775,0.17273240793271735,-0.1676240328834637,0.3673245614035088,2036,2.232456140350877,0.75
funding_extreme,1h,"{""q"": 0.95, ""hold"": 24, ""win_days"": 30}",0.7133291377060343,0.18286586519681336,0.2563555244425934,-0.20469407084584293,0.4824561403508772,1936,2.1228070175438596,0.9375
funding_extreme,1h,"{""q"": 0.95, ""hold"": 24, ""win_days"": 90}",0.6242850807277548,0.15074754394581374,0.24147228341590532,-0.2541139299521965,0.41118421052631576,1513,1.6589912280701755,0.8125
funding_extreme,1h,"{""q"": 0.95, ""hold"": 72, ""win_days"": 30}",0.2281749676941955,0.0723684883377031,0.3171622595984882,-0.35603785840668634,0.5153508771929824,1376,1.5087719298245614,0.6875
funding_extreme,1h,"{""q"": 0.95, ""hold"": 72, ""win_days"": 90}",0.24946294954149054,0.07487172363807776,0.30013163788727326,-0.3534307407074702,0.4824561403508772,1065,1.167763157894737,0.6875
funding_extreme,1h,"{""q"": 0.99, ""hold"": 8, ""win_days"": 30}",0.8750050408755886,0.08821141548704567,0.10081246549022783,-0.07333475074081759,0.2774122807017544,1064,1.1666666666666667,0.8125
funding_extreme,1h,"{""q"": 0.99, ""hold"": 8, ""win_days"": 90}",0.5998496836929184,0.06728707645213051,0.11217322986299491,-0.08556118744016283,0.19407894736842105,767,0.8410087719298246,0.6875
funding_extreme,1h,"{""q"": 0.99, ""hold"": 24, ""win_days"": 30}",0.5603796993562069,0.09514420727914293,0.16978524987334392,-0.16419067469069137,0.34210526315789475,908,0.9956140350877193,0.5625
funding_extreme,1h,"{""q"": 0.99, ""hold"": 24, ""win_days"": 90}",0.6771782893581936,0.10548204839905705,0.1557670262864294,-0.13924061533053153,0.23903508771929824,638,0.6995614035087719,0.75
funding_extreme,1h,"{""q"": 0.99, ""hold"": 72, ""win_days"": 30}",-0.0213266558394482,-0.004792839189831259,0.22473468066971294,-0.2527668890824058,0.41776315789473684,712,0.7807017543859649,0.4375
funding_extreme,1h,"{""q"": 0.99, ""hold"": 72, ""win_days"": 90}",0.10651845350564576,0.021324849026386036,0.20019863530271553,-0.28020119166980784,0.32127192982456143,482,0.5285087719298246,0.5625
opening_range,15m,"{""range_hours"": 1, ""stop_mult"": 0.5, ""rr"": 1.0}",-12.551725145212423,-1.717513358800603,0.13683484452778275,-4.2802536747109245,0.22587719298245615,55032,60.3421052631579,0.0
opening_range,15m,"{""range_hours"": 1, ""stop_mult"": 0.5, ""rr"": 2.0}",-7.785788843545001,-1.5557510781641362,0.1998193258803788,-3.8939329475370634,0.2916666666666667,50193,55.036184210526315,0.0
opening_range,15m,"{""range_hours"": 1, ""stop_mult"": 0.5, ""rr"": 3.0}",-6.133029979667602,-1.4593732403590902,0.23795305830841307,-3.69067623414038,0.32127192982456143,47051,51.59100877192982,0.0
opening_range,15m,"{""range_hours"": 1, ""stop_mult"": 1.0, ""rr"": 1.0}",-5.504198395872605,-1.170769333042221,0.2127047843915179,-2.9703894039015744,0.3530701754385965,34898,38.26535087719298,0.0
opening_range,15m,"{""range_hours"": 1, ""stop_mult"": 1.0, ""rr"": 2.0}",-3.541426781287352,-0.9842040114118688,0.2779117209516608,-2.604988023117776,0.37609649122807015,29239,32.06030701754386,0.0
opening_range,15m,"{""range_hours"": 1, ""stop_mult"": 1.0, ""rr"": 3.0}",-2.753307499090059,-0.8810801207032786,0.32000788905506083,-2.3964455908414415,0.39144736842105265,26843,29.43311403508772,0.0
opening_range,15m,"{""range_hours"": 2, ""stop_mult"": 0.5, ""rr"": 1.0}",-7.721668124507054,-1.2503331494611876,0.16192526398445906,-3.122631827562006,0.3059210526315789,41952,46.0,0.0
opening_range,15m,"{""range_hours"": 2, ""stop_mult"": 0.5, ""rr"": 2.0}",-4.727969365292569,-1.0638436746350683,0.2250106953832255,-2.721626048314263,0.36622807017543857,37140,40.723684210526315,0.0
opening_range,15m,"{""range_hours"": 2, ""stop_mult"": 0.5, ""rr"": 3.0}",-3.86636171008366,-1.0458991666728288,0.2705124985965676,-2.729356260176774,0.3717105263157895,34352,37.666666666666664,0.0
opening_range,15m,"{""range_hours"": 2, ""stop_mult"": 1.0, ""rr"": 1.0}",-3.5304227784306565,-0.8767243908933098,0.24833410781556065,-2.2714173325869877,0.375,25748,28.232456140350877,0.0625
opening_range,15m,"{""range_hours"": 2, ""stop_mult"": 1.0, ""rr"": 2.0}",-2.5773520535846535,-0.8034607641014739,0.31173884956228554,-2.2090279555720027,0.3991228070175439,21610,23.69517543859649,0.0625
opening_range,15m,"{""range_hours"": 2, ""stop_mult"": 1.0, ""rr"": 3.0}",-2.1931668080345172,-0.762371089613837,0.3476119950479564,-2.072511208776812,0.37719298245614036,20211,22.161184210526315,0.125
opening_range,15m,"{""range_hours"": 4, ""stop_mult"": 0.5, ""rr"": 1.0}",-4.609430672108617,-0.8250446899387213,0.1789905844405072,-2.068902704872279,0.3684210526315789,31288,34.30701754385965,0.0
opening_range,15m,"{""range_hours"": 4, ""stop_mult"": 0.5, ""rr"": 2.0}",-2.8386166729414795,-0.7260113445670646,0.25576237590922934,-1.9015737464424005,0.4100877192982456,27346,29.984649122807017,0.0
opening_range,15m,"{""range_hours"": 4, ""stop_mult"": 0.5, ""rr"": 3.0}",-2.3368196081826564,-0.7129325125060086,0.30508666993788874,-1.8857624809601878,0.40789473684210525,25297,27.73793859649123,0.0
opening_range,15m,"{""range_hours"": 4, ""stop_mult"": 1.0, ""rr"": 1.0}",-1.9984240046965454,-0.5508508317134319,0.27564262159524894,-1.488588338986172,0.43201754385964913,19417,21.290570175438596,0.0625
opening_range,15m,"{""range_hours"": 4, ""stop_mult"": 1.0, ""rr"": 2.0}",-1.8950549562728976,-0.6373222897456589,0.33630807784018757,-1.7436722145506907,0.40350877192982454,16741,18.35635964912281,0.0
opening_range,15m,"{""range_hours"": 4, ""stop_mult"": 1.0, ""rr"": 3.0}",-1.6370704657924446,-0.5937033697838106,0.3626620736184505,-1.6685049629439814,0.3925438596491228,15946,17.484649122807017,0.0
opening_range,15m,"{""range_hours"": 8, ""stop_mult"": 0.5, ""rr"": 1.0}",-3.247376169353927,-0.6264515026903291,0.19291005107516174,-1.5837837229840157,0.4067982456140351,21201,23.24671052631579,0.0
opening_range,15m,"{""range_hours"": 8, ""stop_mult"": 0.5, ""rr"": 2.0}",-2.033220754871661,-0.5423442687394777,0.26674145807335664,-1.4233322939600184,0.40131578947368424,18745,20.55372807017544,0.0625
opening_range,15m,"{""range_hours"": 8, ""stop_mult"": 0.5, ""rr"": 3.0}",-1.74554851903171,-0.533393976989742,0.3055738475179287,-1.440943876965931,0.40021929824561403,17654,19.357456140350877,0.0625
opening_range,15m,"{""range_hours"": 8, ""stop_mult"": 1.0, ""rr"": 1.0}",-1.5094049371229756,-0.4229311832799778,0.2801972968805258,-1.159508087077079,0.41776315789473684,14181,15.549342105263158,0.0625
opening_range,15m,"{""range_hours"": 8, ""stop_mult"": 1.0, ""rr"": 2.0}",-1.3112515228819255,-0.4459483146856042,0.3400936486277474,-1.2935690802608675,0.39364035087719296,12862,14.103070175438596,0.0625
opening_range,15m,"{""range_hours"": 8, ""stop_mult"": 1.0, ""rr"": 3.0}",-1.4475214884220646,-0.5191291400059799,0.3586331147124315,-1.4928438172862928,0.39364035087719296,12529,13.737938596491228,0.0625
vol_breakout,15m,"{""k"": 0.3}",-1.8104164454604057,-0.7515692337683316,0.4151361061996985,-2.0005722994176693,0.3618421052631579,16242,17.80921052631579,0.0
vol_breakout,15m,"{""k"": 0.5}",-1.4978475695237985,-0.5203260739597966,0.3473825271320637,-1.4434437560118423,0.36622807017543857,10270,11.260964912280702,0.125
vol_breakout,15m,"{""k"": 0.7}",-1.221581261546007,-0.331230333274397,0.27114883282934366,-0.9457167814568999,0.3366228070175439,6762,7.4144736842105265,0.1875
vol_breakout,15m,"{""k"": 1.0}",-1.4020883013626722,-0.27226122869820585,0.1941826548539051,-0.6864111775455433,0.25877192982456143,3815,4.183114035087719,0.125
seasonal,1h,"{""t_thr"": 2.0}",-4.578586965099449,-2.1200272342595063,0.46303089805207154,-5.294200634803764,0.3651315789473684,116536,127.78070175438596,0.0
seasonal,1h,"{""t_thr"": 3.0}",-4.013053850670261,-1.8113289459352246,0.4513592424464218,-4.5204571295424705,0.38048245614035087,101969,111.80811403508773,0.0
xs_momentum,1h,"{""lookback"": 1, ""rebalance"": 1, ""k"": 3, ""sign"": 1}",-30.63857235114348,-8.680163228963666,0.2833083450978651,-21.68851743784892,0.046052631578947366,21775,23.87609649122807,
xs_reversal,1h,"{""lookback"": 1, ""rebalance"": 1, ""k"": 3, ""sign"": -1}",-30.37603871656638,-7.986231361241154,0.2629122064189907,-19.954638360142233,0.046052631578947366,21775,23.87609649122807,
xs_momentum,1h,"{""lookback"": 1, ""rebalance"": 4, ""k"": 3, ""sign"": 1}",-8.42561080065687,-2.1386309712434244,0.25382503676489476,-5.369112754258883,0.2631578947368421,5444,5.969298245614035,
xs_reversal,1h,"{""lookback"": 1, ""rebalance"": 4, ""k"": 3, ""sign"": -1}",-8.042048048609336,-2.0019391830714746,0.24893399927120033,-5.002105575236125,0.28289473684210525,5444,5.969298245614035,
xs_momentum,1h,"{""lookback"": 1, ""rebalance"": 24, ""k"": 3, ""sign"": 1}",-1.7913424438759944,-0.44130222564767263,0.24635279935242899,-1.2402562009475904,0.44298245614035087,907,0.9945175438596491,
xs_reversal,1h,"{""lookback"": 1, ""rebalance"": 24, ""k"": 3, ""sign"": -1}",-0.989376501549324,-0.24220301813555803,0.2448036897543835,-0.8595688204163039,0.4616228070175439,907,0.9945175438596491,
xs_momentum,1h,"{""lookback"": 4, ""rebalance"": 1, ""k"": 3, ""sign"": 1}",-16.679677703746318,-4.671496028089823,0.28007112074117524,-11.688880999974588,0.14364035087719298,21346,23.405701754385966,
xs_reversal,1h,"{""lookback"": 4, ""rebalance"": 1, ""k"": 3, ""sign"": -1}",-16.78297236804213,-4.342553229307403,0.25874756473867666,-10.85043437021468,0.13596491228070176,21346,23.405701754385966,
xs_momentum,1h,"{""lookback"": 4, ""rebalance"": 4, ""k"": 3, ""sign"": 1}",-9.575408640182472,-2.4852581870601678,0.25954591396036836,-6.264834421871145,0.25,5443,5.968201754385965,
xs_reversal,1h,"{""lookback"": 4, ""rebalance"": 4, ""k"": 3, ""sign"": -1}",-6.839039841006335,-1.7138426901328145,0.250596974133233,-4.282258995619525,0.3344298245614035,5443,5.968201754385965,
xs_momentum,1h,"{""lookback"": 4, ""rebalance"": 24, ""k"": 3, ""sign"": 1}",-0.8471306874651309,-0.211379772685016,0.2495243954832137,-0.8244247321177128,0.4605263157894737,907,0.9945175438596491,
xs_reversal,1h,"{""lookback"": 4, ""rebalance"": 24, ""k"": 3, ""sign"": -1}",-1.9020003813835917,-0.4731553150342822,0.24876720302763028,-1.3504613685621856,0.44846491228070173,907,0.9945175438596491,
xs_momentum,1h,"{""lookback"": 12, ""rebalance"": 1, ""k"": 3, ""sign"": 1}",-9.59881125074251,-2.7510283427308524,0.28660094160285193,-6.945674997323508,0.2565789473684211,19159,21.00767543859649,
xs_reversal,1h,"{""lookback"": 12, ""rebalance"": 1, ""k"": 3, ""sign"": -1}",-10.598086160219275,-2.8019950976781676,0.2643868954562447,-7.001750079409981,0.24232456140350878,19159,21.00767543859649,
xs_momentum,1h,"{""lookback"": 12, ""rebalance"": 4, ""k"": 3, ""sign"": 1}",-4.210977307851386,-1.09168945968835,0.2592484784120993,-2.798860031186481,0.37719298245614036,5393,5.913377192982456,
xs_reversal,1h,"{""lookback"": 12, ""rebalance"": 4, ""k"": 3, ""sign"": -1}",-5.851951285845734,-1.4571810995527552,0.24900772893945253,-3.648083084444759,0.3541666666666667,5393,5.913377192982456,
xs_momentum,1h,"{""lookback"": 12, ""rebalance"": 24, ""k"": 3, ""sign"": 1}",-0.5619817543797302,-0.1405183156710689,0.25004070786276966,-0.5580653276942038,0.46600877192982454,907,0.9945175438596491,
xs_reversal,1h,"{""lookback"": 12, ""rebalance"": 24, ""k"": 3, ""sign"": -1}",-2.211768787901361,-0.5523413334517382,0.24972833348273613,-1.4302463674515402,0.4418859649122807,907,0.9945175438596491,
xs_momentum,1h,"{""lookback"": 24, ""rebalance"": 1, ""k"": 3, ""sign"": 1}",-5.938526092159487,-1.6495359441430544,0.27776857734462135,-4.1675199871536535,0.31030701754385964,16615,18.218201754385966,
xs_reversal,1h,"{""lookback"": 24, ""rebalance"": 1, ""k"": 3, ""sign"": -1}",-9.255919619845436,-2.3662644944534366,0.2556487730705845,-5.914112436257217,0.2807017543859649,16615,18.218201754385966,
xs_momentum,1h,"{""lookback"": 24, ""rebalance"": 4, ""k"": 3, ""sign"": 1}",-2.1382085954819186,-0.5460067502610711,0.25535710192859357,-1.5687753866694865,0.4144736842105263,5153,5.650219298245614,
xs_reversal,1h,"{""lookback"": 24, ""rebalance"": 4, ""k"": 3, ""sign"": -1}",-5.249000198678247,-1.2969230743003324,0.2470800200439907,-3.246397936867138,0.3848684210526316,5153,5.650219298245614,
xs_momentum,1h,"{""lookback"": 24, ""rebalance"": 24, ""k"": 3, ""sign"": 1}",-1.6160307687261617,-0.42572534537742757,0.263438885952033,-1.1647446705292954,0.4342105263157895,907,0.9945175438596491,
xs_reversal,1h,"{""lookback"": 24, ""rebalance"": 24, ""k"": 3, ""sign"": -1}",-1.0480460761719792,-0.27577904058748465,0.26313637048742755,-0.7742615918517528,0.47368421052631576,907,0.9945175438596491,
xs_momentum,1h,"{""lookback"": 72, ""rebalance"": 1, ""k"": 3, ""sign"": 1}",-2.793493549060243,-0.7869647302096693,0.2817134589318853,-2.0095918830368147,0.3980263157894737,12116,13.285087719298245,
xs_reversal,1h,"{""lookback"": 72, ""rebalance"": 1, ""k"": 3, ""sign"": -1}",-6.212416321111548,-1.6737436031236645,0.26941909823973165,-4.189066519501663,0.35526315789473684,12116,13.285087719298245,
xs_momentum,1h,"{""lookback"": 72, ""rebalance"": 4, ""k"": 3, ""sign"": 1}",-0.3705465745571338,-0.10054618980297805,0.27134561943568863,-0.5589161978145548,0.4473684210526316,4462,4.892543859649122,
xs_reversal,1h,"{""lookback"": 72, ""rebalance"": 4, ""k"": 3, ""sign"": -1}",-3.914963636517893,-1.0429603891443904,0.266403595531742,-2.643138989878159,0.4243421052631579,4462,4.892543859649122,
xs_momentum,1h,"{""lookback"": 72, ""rebalance"": 24, ""k"": 3, ""sign"": 1}",0.1792353655313316,0.04597063967256273,0.2564819701529648,-0.33623466631248833,0.4451754385964912,903,0.9901315789473685,
xs_reversal,1h,"{""lookback"": 72, ""rebalance"": 24, ""k"": 3, ""sign"": -1}",-1.8612865667281122,-0.47660660458484333,0.2560629905703627,-1.2589537372984203,0.4934210526315789,903,0.9901315789473685,
xs_momentum,1h,"{""lookback"": 168, ""rebalance"": 1, ""k"": 3, ""sign"": 1}",-1.4569679069531452,-0.42419528694636827,0.2911493691260902,-1.2607216609903715,0.4276315789473684,8924,9.785087719298245,
xs_reversal,1h,"{""lookback"": 168, ""rebalance"": 1, ""k"": 3, ""sign"": -1}",-4.37650445317766,-1.2365157518741126,0.2825350151252131,-3.131386292390247,0.40021929824561403,8924,9.785087719298245,
xs_momentum,1h,"{""lookback"": 168, ""rebalance"": 4, ""k"": 3, ""sign"": 1}",-0.14548325506930868,-0.041394501880848776,0.28453104009205943,-0.5677397609050521,0.4769736842105263,3557,3.900219298245614,
xs_reversal,1h,"{""lookback"": 168, ""rebalance"": 4, ""k"": 3, ""sign"": -1}",-2.593362727025914,-0.7303883928559934,0.28163757628058755,-1.8757892561492182,0.4473684210526316,3557,3.900219298245614,
xs_momentum,1h,"{""lookback"": 168, ""rebalance"": 24, ""k"": 3, ""sign"": 1}",0.3673558733822205,0.09738758379664529,0.26510419691947334,-0.3215679264455651,0.4692982456140351,852,0.9342105263157895,
xs_reversal,1h,"{""lookback"": 168, ""rebalance"": 24, ""k"": 3, ""sign"": -1}",-1.4738167011450567,-0.3906682855510312,0.26507250545302424,-1.0858189246609382,0.4923245614035088,852,0.9342105263157895,
funding_carry,1h,"{""k"": 2, ""rebalance"": 8}",-0.8148337762668391,-0.27137216556526517,0.3330399076098155,-0.9116715027304133,0.4692982456140351,2325,2.549342105263158,
funding_carry,1h,"{""k"": 2, ""rebalance"": 24}",-0.5979815369693501,-0.2003283302397227,0.33500755099398777,-0.648195135067806,0.4956140350877193,835,0.9155701754385965,
funding_carry,1h,"{""k"": 3, ""rebalance"": 8}",-1.0483770079646049,-0.28894783865262935,0.2756144368461625,-0.7736466270523569,0.49890350877192985,2554,2.800438596491228,
funding_carry,1h,"{""k"": 3, ""rebalance"": 24}",-0.6484837624196271,-0.17762851309056235,0.2739135864062249,-0.5290665472087862,0.49890350877192985,873,0.9572368421052632,
funding_carry,1h,"{""k"": 4, ""rebalance"": 8}",-2.0829652315370732,-0.4756139907146673,0.22833505980495872,-1.2275649819937173,0.46600877192982454,2599,2.849780701754386,
funding_carry,1h,"{""k"": 4, ""rebalance"": 24}",-0.4451488399518334,-0.10037845322411354,0.22549413637689097,-0.5200723137703611,0.5010964912280702,886,0.9714912280701754,
leadlag,5m,"{""k"": 1, ""thr"": 1.5, ""hold"": 3}",-18.91476872326064,-4.926000150096712,0.2604314238343771,-12.301974149950373,0.08223684210526316,135807,148.91118421052633,
leadlag,5m,"{""k"": 1, ""thr"": 1.5, ""hold"": 6}",-17.5899443067928,-4.587058653790284,0.2607773267376905,-11.453199864336545,0.09320175438596491,126367,138.56030701754386,
leadlag,5m,"{""k"": 1, ""thr"": 1.5, ""hold"": 12}",-15.40658343814001,-4.238409305385036,0.27510377770665073,-10.578592857787942,0.12719298245614036,114234,125.25657894736842,
leadlag,5m,"{""k"": 1, ""thr"": 2.0, ""hold"": 3}",-11.09049239560217,-2.221170859633059,0.2002770283232729,-5.546476195474065,0.16885964912280702,79625,87.30811403508773,
leadlag,5m,"{""k"": 1, ""thr"": 2.0, ""hold"": 6}",-10.814906545147275,-2.1256993817061125,0.19655272774039168,-5.304436747572852,0.2050438596491228,74220,81.38157894736842,
leadlag,5m,"{""k"": 1, ""thr"": 2.0, ""hold"": 12}",-8.887296200666665,-1.9984782838082609,0.22486909839444177,-4.98581628570396,0.23464912280701755,67744,74.28070175438596,
leadlag,5m,"{""k"": 1, ""thr"": 3.0, ""hold"": 3}",-4.503521831260372,-0.5658614419104622,0.12564865079206203,-1.4252002131523054,0.3432017543859649,30047,32.94627192982456,
leadlag,5m,"{""k"": 1, ""thr"": 3.0, ""hold"": 6}",-4.5968278801604106,-0.6066942109497179,0.13198105884454972,-1.5195700615307548,0.36622807017543857,28304,31.035087719298247,
leadlag,5m,"{""k"": 1, ""thr"": 3.0, ""hold"": 12}",-3.664496087186078,-0.5903249359007695,0.1610930730598959,-1.4799104773707878,0.3925438596491228,26308,28.846491228070175,
leadlag,5m,"{""k"": 3, ""thr"": 1.5, ""hold"": 3}",-14.40643281587334,-2.933380575760625,0.2036160244004719,-7.3272240332124685,0.1337719298245614,105638,115.83114035087719,
leadlag,5m,"{""k"": 3, ""thr"": 1.5, ""hold"": 6}",-12.892546135180506,-2.7963858254371465,0.21689942359845546,-6.990876501765247,0.1699561403508772,97887,107.33223684210526,
leadlag,5m,"{""k"": 3, ""thr"": 1.5, ""hold"": 12}",-10.21098719163176,-2.588020264727655,0.25345446195923377,-6.464877232960481,0.20285087719298245,87829,96.30372807017544,
leadlag,5m,"{""k"": 3, ""thr"": 2.0, ""hold"": 3}",-8.000449907696222,-1.200920704755825,0.15010664632754853,-3.000838992019956,0.24342105263157895,57735,63.30592105263158,
leadlag,5m,"{""k"": 3, ""thr"": 2.0, ""hold"": 6}",-7.268934264734853,-1.1839127051230762,0.16287294148013065,-2.9591225819427422,0.2741228070175439,53829,59.02302631578947,
leadlag,5m,"{""k"": 3, ""thr"": 2.0, ""hold"": 12}",-5.612198206223736,-1.1290891241524526,0.20118482681177072,-2.8185259571494177,0.31469298245614036,49087,53.8234649122807,
leadlag,5m,"{""k"": 3, ""thr"": 3.0, ""hold"": 3}",-1.9207675471026824,-0.18754795138759087,0.0976421908369346,-0.5295248972846212,0.39473684210526316,20261,22.216008771929825,
leadlag,5m,"{""k"": 3, ""thr"": 3.0, ""hold"": 6}",-1.8442635675792742,-0.1924500989137494,0.10435064830042362,-0.5340809092378356,0.4375,19093,20.93530701754386,
leadlag,5m,"{""k"": 3, ""thr"": 3.0, ""hold"": 12}",-1.1351793945479511,-0.13780533311061904,0.1213952030599495,-0.41178880771686494,0.45285087719298245,17816,19.535087719298247,
leadlag,5m,"{""k"": 6, ""thr"": 1.5, ""hold"": 3}",-10.639264179634639,-1.8785369391881845,0.17656643424495688,-4.691628743983755,0.19736842105263158,82553,90.51864035087719,
leadlag,5m,"{""k"": 6, ""thr"": 1.5, ""hold"": 6}",-8.779056788505518,-1.8139796047732069,0.20662579687925742,-4.5289150832633736,0.22587719298245615,76508,83.89035087719299,
leadlag,5m,"{""k"": 6, ""thr"": 1.5, ""hold"": 12}",-6.95446816963462,-1.7022999306044972,0.24477787360322828,-4.247915131518516,0.28289473684210525,68855,75.49890350877193,
leadlag,5m,"{""k"": 6, ""thr"": 2.0, ""hold"": 3}",-5.683095989297328,-0.7504128584818848,0.1320429674063393,-1.8946056690842237,0.30701754385964913,42979,47.12609649122807,
leadlag,5m,"{""k"": 6, ""thr"": 2.0, ""hold"": 6}",-4.869548588471938,-0.7822058955662429,0.16063211637686908,-1.9720750511397693,0.3355263157894737,40086,43.953947368421055,
leadlag,5m,"{""k"": 6, ""thr"": 2.0, ""hold"": 12}",-3.9899596588505095,-0.7357574499749568,0.1844022278127307,-1.8808285367765032,0.3706140350877193,36631,40.165570175438596,
leadlag,5m,"{""k"": 6, ""thr"": 3.0, ""hold"": 3}",-0.6081364573805808,-0.05495595923000237,0.09036780900575103,-0.20888156575982808,0.4440789473684211,14391,15.779605263157896,
leadlag,5m,"{""k"": 6, ""thr"": 3.0, ""hold"": 6}",-0.8139731512371431,-0.07920688115797049,0.09730896042158808,-0.2752231071649196,0.4550438596491228,13550,14.857456140350877,
leadlag,5m,"{""k"": 6, ""thr"": 3.0, ""hold"": 12}",-0.5342677816982612,-0.05929903093195444,0.11099121632126564,-0.299567737968592,0.47149122807017546,12666,13.888157894736842,
