family,tf,params,cost_bps,is_sharpe,oos_sharpe,oos_ann_ret,oos_max_dd,oos_pos_days,yearly
meanrev_z,15m,"{""k"": 12, ""thr"": 4.0, ""hold"": 24, ""volwin"": 288}",6.0,1.4218120737005244,-0.743510678426543,-0.08026649485891447,-0.2667544789855391,0.2761557177615572,"{""2022"": 0.2015, ""2023"": 0.076, ""2024"": 0.2099, ""2025"": -0.1922, ""2026"": -0.0147}"
meanrev_z,15m,"{""k"": 12, ""thr"": 4.0, ""hold"": 24, ""volwin"": 288}",10.0,1.4218120737005244,-1.0303109429671746,-0.11201527831390236,-0.29801219345039787,0.2639902676399027,"{""2022"": 0.1695, ""2023"": 0.0436, ""2024"": 0.1765, ""2025"": -0.2265, ""2026"": -0.0359}"
funding_extreme,1h,"{""q"": 0.99, ""hold"": 8, ""win_days"": 30}",6.0,0.8750050408755886,1.396803950111176,0.07846312874803996,-0.03843662527548573,0.26520681265206814,"{""2022"": 0.0732, ""2023"": 0.0997, ""2024"": 0.1359, ""2025"": 0.1083, ""2026"": -0.0201}"
funding_extreme,1h,"{""q"": 0.99, ""hold"": 8, ""win_days"": 30}",10.0,0.8750050408755886,1.119287915058965,0.062322313662881774,-0.041875618705874945,0.25669099756691,"{""2022"": 0.0564, ""2023"": 0.0799, ""2024"": 0.1078, ""2025"": 0.0949, ""2026"": -0.0315}"
vwap_rev,15m,"{""win"": 96, ""thr"": 3.0, ""hold"": 24}",6.0,0.814170989574032,-0.9745140645234497,-0.14115127616010362,-0.3467568168127546,0.3844282238442822,"{""2022"": 0.0278, ""2023"": 0.0487, ""2024"": 0.1834, ""2025"": -0.2147, ""2026"": -0.0898}"
vwap_rev,15m,"{""win"": 96, ""thr"": 3.0, ""hold"": 24}",10.0,0.814170989574032,-1.3525306100716243,-0.1970113734837046,-0.4532818168127543,0.36982968369829683,"{""2022"": -0.0315, ""2023"": -0.0216, ""2024"": 0.12, ""2025"": -0.2647, ""2026"": -0.1343}"
tsmom,4h,"{""lookback"": 84, ""band"": 0.5}",6.0,0.7426649922530578,0.1890125535386344,0.08675778059457298,-0.553529574401758,0.5024330900243309,"{""2022"": 0.2283, ""2023"": 0.3857, ""2024"": 0.7, ""2025"": -0.4687, ""2026"": 0.2357}"
tsmom,4h,"{""lookback"": 84, ""band"": 0.5}",10.0,0.7426649922530578,0.14041704461038618,0.06447812730990146,-0.560204574401758,0.5024330900243309,"{""2022"": 0.2104, ""2023"": 0.3648, ""2024"": 0.6793, ""2025"": -0.4915, ""2026"": 0.2188}"
flow,1h,"{""k"": 48, ""thr"": 3.0, ""hold"": 6, ""sign"": 1, ""zwin"": 720}",6.0,0.7352211907237322,0.267704037678081,0.00872640358813405,-0.038194136775934896,0.11313868613138686,"{""2022"": 0.0405, ""2023"": -0.0123, ""2024"": 0.0779, ""2025"": 0.0027, ""2026"": -0.0164}"
flow,1h,"{""k"": 48, ""thr"": 3.0, ""hold"": 6, ""sign"": 1, ""zwin"": 720}",10.0,0.7352211907237322,0.07200094616926757,0.002332243004192434,-0.04766913677593488,0.10948905109489052,"{""2022"": 0.0345, ""2023"": -0.018, ""2024"": 0.0705, ""2025"": -0.0038, ""2026"": -0.021}"
donchian,4h,"{""n"": 100, ""exit_frac"": 0.5, ""long_only"": true}",6.0,0.6014915574808313,0.13627287782983163,0.04106281905747596,-0.584651219854458,0.43309002433090027,"{""2022"": -0.3254, ""2023"": 0.6389, ""2024"": 0.4453, ""2025"": -0.2701, ""2026"": 0.083}"
donchian,4h,"{""n"": 100, ""exit_frac"": 0.5, ""long_only"": true}",10.0,0.6014915574808313,0.11642701854469623,0.0350904954565027,-0.592451219854458,0.4318734793187348,"{""2022"": -0.3306, ""2023"": 0.6339, ""2024"": 0.4394, ""2025"": -0.2756, ""2026"": 0.0786}"
xs_momentum,1h,"{""lookback"": 168, ""rebalance"": 24, ""k"": 3, ""sign"": 1}",6.0,0.3673558733822205,-0.18842603811186698,-0.04475743093969062,-0.4331629511425642,0.4975669099756691,"{""2022"": 0.3371, ""2023"": -0.1102, ""2024"": -0.0007, ""2025"": -0.2404, ""2026"": 0.1569}"
xs_momentum,1h,"{""lookback"": 168, ""rebalance"": 24, ""k"": 3, ""sign"": 1}",10.0,0.3673558733822205,-0.5957696886731582,-0.1416171227482876,-0.5428083428112611,0.4878345498783455,"{""2022"": 0.2397, ""2023"": -0.2098, ""2024"": -0.0971, ""2025"": -0.3428, ""2026"": 0.0902}"
absorption,1h,"{""k"": 12, ""thr"": 3.0, ""move"": 0.5, ""hold"": 6, ""zwin"": 720, ""volwin"": 168}",6.0,-0.000921583874245496,-0.4655379502000785,-0.004885498860683435,-0.01676974671479703,0.09245742092457421,"{""2022"": 0.0036, ""2023"": -0.0074, ""2024"": 0.0015, ""2025"": -0.0026, ""2026"": -0.006}"
absorption,1h,"{""k"": 12, ""thr"": 3.0, ""move"": 0.5, ""hold"": 6, ""zwin"": 720, ""volwin"": 168}",10.0,-0.000921583874245496,-0.8671420074525762,-0.009092767717131129,-0.02297344357523712,0.08759124087591241,"{""2022"": 0.0005, ""2023"": -0.0112, ""2024"": -0.0043, ""2025"": -0.0069, ""2026"": -0.0089}"
funding_carry,1h,"{""k"": 4, ""rebalance"": 24}",6.0,-0.4451488399518334,0.0360422138123053,0.008106120711614824,-0.4712793496643981,0.5060827250608273,"{""2022"": -0.3475, ""2023"": 0.0769, ""2024"": -0.2974, ""2025"": 0.3511, ""2026"": -0.0156}"
funding_carry,1h,"{""k"": 4, ""rebalance"": 24}",10.0,-0.4451488399518334,-0.6662157115206323,-0.14983852649033166,-0.5853463973820581,0.4781021897810219,"{""2022"": -0.4728, ""2023"": -0.0413, ""2024"": -0.4244, ""2025"": 0.1955, ""2026"": -0.144}"
leadlag,5m,"{""k"": 6, ""thr"": 3.0, ""hold"": 12}",6.0,-0.5342677816982612,-3.0610395455970107,-0.3018699390813231,-0.6835785925797008,0.3150851581508516,"{""2022"": -0.0117, ""2023"": -0.0468, ""2024"": -0.1267, ""2025"": -0.3677, ""2026"": -0.2751}"
leadlag,5m,"{""k"": 6, ""thr"": 3.0, ""hold"": 12}",10.0,-0.5342677816982612,-5.2566227706041255,-0.5221842943124666,-1.1752696974319252,0.24209245742092458,"{""2022"": -0.141, ""2023"": -0.2351, ""2024"": -0.3644, ""2025"": -0.5363, ""2026"": -0.4884}"
xs_reversal,1h,"{""lookback"": 1, ""rebalance"": 24, ""k"": 3, ""sign"": -1}",6.0,-0.989376501549324,-0.2697809243655357,-0.06408682601877484,-0.25870637762324533,0.5109489051094891,"{""2022"": 0.0202, ""2023"": -0.4258, ""2024"": -0.4043, ""2025"": 0.091, ""2026"": -0.0306}"
xs_reversal,1h,"{""lookback"": 1, ""rebalance"": 24, ""k"": 3, ""sign"": -1}",10.0,-0.989376501549324,-1.2393781659119156,-0.29403978627830435,-0.6664253328634849,0.4744525547445255,"{""2022"": -0.2102, ""2023"": -0.6532, ""2024"": -0.6314, ""2025"": -0.139, ""2026"": -0.2022}"
vol_breakout,15m,"{""k"": 0.7}",6.0,-1.221581261546007,-0.10119438938091398,-0.030039158305202245,-0.33921695191337886,0.35523114355231145,"{""2022"": 0.031, ""2023"": -0.3914, ""2024"": -0.4298, ""2025"": -0.1143, ""2026"": 0.0093}"
vol_breakout,15m,"{""k"": 0.7}",10.0,-1.221581261546007,-0.5838930086883946,-0.17308629942442386,-0.5760129703835339,0.3381995133819951,"{""2022"": -0.1022, ""2023"": -0.5249, ""2024"": -0.5725, ""2025"": -0.2595, ""2026"": -0.0964}"
opening_range,15m,"{""range_hours"": 8, ""stop_mult"": 1.0, ""rr"": 2.0}",6.0,-1.3112515228819255,-1.429150469328504,-0.4991685731454668,-1.446831043279622,0.4257907542579075,"{""2022"": -0.3039, ""2023"": -0.6244, ""2024"": -0.2991, ""2025"": -0.8354, ""2026"": -0.1756}"
opening_range,15m,"{""range_hours"": 8, ""stop_mult"": 1.0, ""rr"": 2.0}",10.0,-1.3112515228819255,-2.195544683700982,-0.7691664441916957,-2.004255687831013,0.40389294403892945,"{""2022"": -0.5529, ""2023"": -0.8865, ""2024"": -0.5646, ""2025"": -1.1087, ""2026"": -0.3766}"
seasonal,1h,"{""t_thr"": 3.0}",6.0,-4.013053850670261,-7.427929143343397,-3.05505044416749,-6.878043888032349,0.3236009732360097,"{""2022"": -2.0568, ""2023"": -1.7762, ""2024"": -2.2575, ""2025"": -2.9423, ""2026"": -2.3732}"
seasonal,1h,"{""t_thr"": 3.0}",10.0,-4.013053850670261,-12.397630117669285,-5.099050444167491,-11.458843888032355,0.22019464720194648,"{""2022"": -4.0917, ""2023"": -3.8202, ""2024"": -4.3071, ""2025"": -4.9863, ""2026"": -3.902}"
